Company Ticker,Sector,Industry,MarketCap,Currency
0001.HK,Industrials,Conglomerates,198396297216,HKD
0002.HK,Utilities,Utilities - Regulated Electric,168514256896,HKD
0003.HK,Utilities,Utilities - Regulated Gas,135657259008,HKD
0005.HK,Financial Services,Banks - Diversified,1863953154048,HKD
0006.HK,Utilities,Utilities - Independent Power Producers,106661814272,HKD
0011.HK,Financial Services,Banks - Regional,284124610560,HKD
0012.HK,Real Estate,Real Estate - Diversified,134784212992,HKD
0016.HK,Real Estate,Real Estate - Development,284706897920,HKD
0017.HK,Real Estate,Real Estate - Diversified,17968523264,HKD
0027.HK,Consumer Cyclical,Resorts & Casinos,168258437120,HKD
0066.HK,Industrials,Railroads,179737395200,HKD
0101.HK,Real Estate,Real Estate Services,43032064000,HKD
0175.HK,Consumer Cyclical,Auto Manufacturers,177686020096,HKD
0241.HK,Healthcare,Pharmaceutical Retailers,92212035584,HKD
0267.HK,Industrials,Conglomerates,361010167808,HKD
0288.HK,Consumer Defensive,Packaged Foods,99562504192,HKD
0291.HK,Consumer Defensive,Beverages - Brewers,84084482048,HKD
0316.HK,Industrials,Marine Shipping,88556068864,HKD
0322.HK,Consumer Defensive,Packaged Foods,64087191552,HKD
0386.HK,Energy,Oil & Gas Integrated,695127375872,HKD
0388.HK,Financial Services,Financial Data & Stock Exchanges,537918963712,HKD
0669.HK,Industrials,Tools & Accessories,162121318400,HKD
0688.HK,Real Estate,Real Estate - Development,142064582656,HKD
0700.HK,Communication Services,Internet Content & Information,5698343141376,HKD
0762.HK,Communication Services,Telecom Services,290986983424,HKD
0823.HK,Real Estate,REIT - Retail,106184835072,HKD
0836.HK,Utilities,Utilities - Independent Power Producers,98157010944,HKD
0857.HK,Energy,Oil & Gas Integrated,1873952112640,HKD
0868.HK,Basic Materials,Building Materials,40657559552,HKD
0881.HK,Consumer Cyclical,Auto & Truck Dealerships,28285577216,HKD
0883.HK,Energy,Oil & Gas E&P,1001117581312,HKD
0939.HK,Financial Services,Banks - Diversified,2154359816192,HKD
0941.HK,Communication Services,Telecom Services,1901148241920,HKD
0960.HK,Real Estate,Real Estate - Development,65039765504,HKD
0968.HK,Technology,Solar,32380534784,HKD
0981.HK,Technology,Semiconductors,689961893888,HKD
0992.HK,Technology,Computer Hardware,140668829696,HKD
1023.KL,Financial Services,Banks - Regional,81324720128,MYR
1038.HK,Utilities,Utilities - Regulated Electric,128500154368,HKD
1044.HK,Consumer Defensive,Household & Personal Products,31489345536,HKD
1066.KL,Financial Services,Banks - Regional,30184443904,MYR
1082.KL,Financial Services,Banks - Regional,19531925504,MYR
1088.HK,Energy,Thermal Coal,917716271104,HKD
1093.HK,Healthcare,Drug Manufacturers - General,83955015680,HKD
1099.HK,Healthcare,Medical Distribution,60571934720,HKD
1109.HK,Real Estate,Real Estate - Development,199951548416,HKD
1113.HK,Real Estate,Real Estate - Development,138241245184,HKD
1155.KL,Financial Services,Banks - Regional,120205017088,MYR
1177.HK,Healthcare,Biotechnology,124663480320,HKD
1209.HK,Real Estate,Real Estate Services,90295705600,HKD
1211.HK,Consumer Cyclical,Auto Manufacturers,936609775616,HKD
1295.KL,Financial Services,Banks - Regional,82689556480,MYR
1299.HK,Financial Services,Insurance - Life,833591836672,HKD
1378.HK,Basic Materials,Aluminum,282675511296,HKD
1398.HK,Financial Services,Banks - Diversified,2893392904192,HKD
1810.HK,Technology,Consumer Electronics,1130742546432,HKD
1876.HK,Consumer Defensive,Beverages - Brewers,102570385408,HKD
1928.HK,Consumer Cyclical,Resorts & Casinos,159844253696,HKD
1929.HK,Consumer Cyclical,Luxury Goods,133965946880,HKD
1961.KL,Consumer Defensive,Packaged Foods,25062936576,MYR
1997.HK,Real Estate,Real Estate Services,68983078912,HKD
2015.HK,Consumer Cyclical,Auto Manufacturers,157565714432,HKD
2020.HK,Consumer Cyclical,Leisure,220531769344,HKD
2269.HK,Healthcare,Biotechnology,141377142784,HKD
2313.HK,Consumer Cyclical,Textile Manufacturing,99362996224,HKD
2318.HK,Financial Services,Insurance - Life,1104658563072,HKD
2319.HK,Consumer Defensive,Packaged Foods,54689755136,HKD
2331.HK,Consumer Cyclical,Leisure,42848354304,HKD
2359.HK,Healthcare,Diagnostics & Research,302696300544,HKD
2382.HK,Technology,Electronic Components,76938543104,HKD
2388.HK,Financial Services,Banks - Regional,408109318144,HKD
2445.KL,Industrials,Conglomerates,23386847232,MYR
2628.HK,Financial Services,Insurance - Life,1167987310592,HKD
2688.HK,Utilities,Utilities - Regulated Gas,74566057984,HKD
2899.HK,Basic Materials,Gold,817993154560,HKD
3690.HK,Consumer Cyclical,Internet Retail,610076065792,HKD
3692.HK,Healthcare,Drug Manufacturers - Specialty & Generic,212151681024,HKD
3816.KL,Industrials,Marine Shipping,34147653632,MYR
3968.HK,Financial Services,Banks - Regional,1197217415168,HKD
3988.HK,Financial Services,Banks - Diversified,1860820795392,HKD
4065.KL,Consumer Defensive,Farm Products,16359887872,MYR
4197.KL,Consumer Cyclical,Auto Manufacturers,13971975168,MYR
4677.KL,Utilities,Utilities - Diversified,29311318016,MYR
4707.KL,Consumer Defensive,Packaged Foods,26498500608,MYR
4863.KL,Communication Services,Telecom Services,28015491072,MYR
5183.KL,Basic Materials,Chemicals,30319998976,MYR
5211.KL,Industrials,Conglomerates,33928210432,MYR
5225.KL,Healthcare,Medical Care Facilities,73163350016,MYR
5285.KL,Consumer Defensive,Packaged Foods,36653289472,MYR
5296.KL,Consumer Cyclical,Home Improvement Retail,15637835776,MYR
5326.KL,Consumer Cyclical,Department Stores,26123999232,MYR
5347.KL,Utilities,Utilities - Regulated Electric,77527588864,MYR
5398.KL,Industrials,Engineering & Construction,29579788288,MYR
5681.KL,Energy,Oil & Gas Refining & Marketing,22452060160,MYR
5819.KL,Financial Services,Banks - Regional,43545382912,MYR
5E2.SI,Energy,Oil & Gas Equipment & Services,7348779008,SGD
6012.KL,Communication Services,Telecom Services,30556831744,MYR
6033.KL,Energy,Oil & Gas Integrated,36883562496,MYR
6098.HK,Real Estate,Real Estate Services,20535670784,HKD
6618.HK,Healthcare,Pharmaceutical Retailers,194649686016,HKD
6690.HK,Consumer Cyclical,"Furnishings, Fixtures & Appliances",262389760000,HKD
6742.KL,Utilities,Utilities - Diversified,33637134336,MYR
6862.HK,Consumer Cyclical,Restaurants,68770496512,HKD
6888.KL,Communication Services,Telecom Services,23516807168,MYR
6947.KL,Communication Services,Telecom Services,42937319424,MYR
7084.KL,Consumer Defensive,Farm Products,15440570368,MYR
8869.KL,Basic Materials,Aluminum,51909591040,MYR
8TRA.DE,Industrials,Farm & Heavy Construction Machinery,13699999744,EUR
9618.HK,Consumer Cyclical,Internet Retail,357889867776,HKD
9633.HK,Consumer Defensive,Beverages - Non-Alcoholic,576943685632,HKD
9888.HK,Communication Services,Internet Content & Information,335245377536,HKD
9961.HK,Consumer Cyclical,Travel Services,358501482496,HKD
9988.HK,Consumer Cyclical,Internet Retail,3034987364352,HKD
9999.HK,Communication Services,Electronic Gaming & Multimedia,686386970624,HKD
9CI.SI,Real Estate,Real Estate Services,13266881536,SGD
A,Healthcare,Diagnostics & Research,41019674624,USD
A17U.SI,Real Estate,REIT - Industrial,12904435712,SGD
A2A.MI,Utilities,Utilities - Diversified,8472214016,EUR
A2M.AX,Consumer Defensive,Packaged Foods,6950583808,AUD
AA,Basic Materials,Aluminum,9633462272,USD
AAF.L,Communication Services,Telecom Services,10636929024,GBp
AAL,Industrials,Airlines,8805553152,USD
AAL.L,Basic Materials,Other Industrial Metals & Mining,29802381312,GBp
AALB.AS,Industrials,Specialty Industrial Machinery,2933817344,EUR
AAMI,Financial Services,Asset Management,1655226624,USD
AAOI,Technology,Communication Equipment,2060171136,USD
AAON,Industrials,Building Products & Equipment,7818791424,USD
AAP,Consumer Cyclical,Auto Parts,2845654528,USD
AAPL,Technology,Consumer Electronics,3975577600000,USD
AARD,Healthcare,Biotechnology,225390448,USD
AAT,Real Estate,REIT - Diversified,1466262912,USD
ABAT,Industrials,Waste Management,499338336,USD
ABBV,Healthcare,Drug Manufacturers - General,374439673856,USD
ABCB,Financial Services,Banks - Regional,4958208000,USD
ABEO,Healthcare,Biotechnology,245111424,USD
ABEV3.SA,Consumer Defensive,Beverages - Brewers,201298313216,BRL
ABF.L,Consumer Defensive,Packaged Foods,15870903296,GBp
ABG,Consumer Cyclical,Auto & Truck Dealerships,4568142336,USD
ABL,Financial Services,Insurance - Life,495913024,USD
ABM,Industrials,Specialty Business Services,2645916672,USD
ABN.AS,Financial Services,Banks - Diversified,21485553664,EUR
ABNB,Consumer Cyclical,Travel Services,77631479808,USD
ABR,Real Estate,REIT - Mortgage,2078586112,USD
ABSI,Healthcare,Biotechnology,614538048,USD
ABT,Healthcare,Medical Devices,215341891584,USD
ABUS,Healthcare,Biotechnology,877979968,USD
AC.PA,Consumer Cyclical,Lodging,10443902976,EUR
ACA,Industrials,Engineering & Construction,4991802368,USD
ACAD,Healthcare,Biotechnology,3774092544,USD
ACCO,Industrials,Business Equipment & Supplies,328996896,USD
ACDC,Energy,Oil & Gas Equipment & Services,1002026368,USD
ACEL,Consumer Cyclical,Gambling,842095040,USD
ACGL,Financial Services,Insurance - Diversified,31587799040,USD
ACHC,Healthcare,Medical Care Facilities,1967905792,USD
ACHR,Industrials,Aerospace & Defense,6745405440,USD
ACI,Consumer Defensive,Grocery Stores,9662319616,USD
ACIC,Financial Services,Insurance - Property & Casualty,572504640,USD
ACIW,Technology,Software - Infrastructure,4919165952,USD
ACLS,Technology,Semiconductor Equipment & Materials,2599596288,USD
ACLX,Healthcare,Biotechnology,4776675840,USD
ACM,Industrials,Engineering & Construction,17451098112,USD
ACMR,Technology,Semiconductor Equipment & Materials,2655166464,USD
ACN,Technology,Information Technology Services,154067304448,USD
ACNB,Financial Services,Banks - Regional,472787968,USD
ACNT,Basic Materials,Chemicals,113165464,USD
ACR,Real Estate,REIT - Mortgage,159071648,USD
ACRE,Real Estate,REIT - Mortgage,241473488,USD
ACRS,Healthcare,Biotechnology,277330464,USD
ACS.MC,Industrials,Engineering & Construction,18857220096,EUR
ACT,Financial Services,Insurance - Specialty,5295451648,USD
ACTG,Industrials,Business Equipment & Supplies,314410688,USD
ACTU,Healthcare,Biotechnology,155730288,USD
ACU,Consumer Defensive,Household & Personal Products,144105632,USD
ACVA,Consumer Cyclical,Auto & Truck Dealerships,1704011264,USD
ACX.MC,Basic Materials,Steel,2779065344,EUR
AD.AS,Consumer Defensive,Grocery Stores,31841310720,EUR
ADAM,Real Estate,REIT - Mortgage,605062080,USD
ADANIENT.NS,Energy,Thermal Coal,2809245466624,INR
ADANIPORTS.NS,Industrials,Marine Shipping,3134682562560,INR
ADBE,Technology,Software - Application,141264945152,USD
ADC,Real Estate,REIT - Retail,8417891840,USD
ADCT,Healthcare,Biotechnology,470247424,USD
ADEA,Technology,Software - Application,1563970944,USD
ADI,Technology,Semiconductors,114925707264,USD
ADM,Consumer Defensive,Farm Products,28871110656,USD
ADM.L,Financial Services,Insurance - Property & Casualty,9699453952,GBp
ADMA,Healthcare,Biotechnology,3667754240,USD
ADNT,Consumer Cyclical,Auto Parts,1966151552,USD
ADP,Technology,Software - Application,104012087296,USD
ADPT,Healthcare,Biotechnology,2640429824,USD
ADSK,Technology,Software - Application,64675323904,USD
ADT,Industrials,Security & Protection Services,7208508928,USD
ADTN,Technology,Communication Equipment,834944128,USD
ADUS,Healthcare,Medical Care Facilities,2190277376,USD
ADV,Communication Services,Advertising Agencies,413952544,USD
ADVANC.BK,Communication Services,Telecom Services,901185536000,THB
ADYEN.AS,Technology,Software - Infrastructure,46142357504,EUR
AEBI,Industrials,Farm & Heavy Construction Machinery,861158272,USD
AEE,Utilities,Utilities - Regulated Electric,27457423360,USD
AEHR,Technology,Semiconductor Equipment & Materials,780171328,USD
AEIS,Industrials,Electrical Equipment & Parts,7755616768,USD
AEM,Basic Materials,Gold,81789231104,USD
AENA.MC,Industrials,Airports & Air Services,35339997184,EUR
AEO,Consumer Cyclical,Apparel Retail,2799171328,USD
AEP,Utilities,Utilities - Regulated Electric,64189050880,USD
AES,Utilities,Utilities - Diversified,9698114560,USD
AESI,Energy,Oil & Gas Equipment & Services,1565298304,USD
AEVA,Technology,Software - Infrastructure,868573056,USD
AEYE,Technology,Software - Application,189216640,USD
AF.PA,Industrials,Airlines,3150585344,EUR
AFCG,Real Estate,REIT - Mortgage,73658200,USD
AFG,Financial Services,Insurance - Property & Casualty,10872972288,USD
AFL,Financial Services,Insurance - Life,57210925056,USD
AFRI,Consumer Defensive,Farm Products,252874960,USD
AFRM,Technology,Software - Infrastructure,23791482880,USD
AFX.DE,Healthcare,Medical Instruments & Supplies,3875006720,EUR
AGCO,Industrials,Farm & Heavy Construction Machinery,7854876672,USD
AGI,Basic Materials,Gold,13187604480,USD
AGIO,Healthcare,Biotechnology,2340133376,USD
AGL,Healthcare,Medical Care Facilities,335807072,USD
AGL.AX,Utilities,Utilities - Independent Power Producers,5997393920,AUD
AGM,Financial Services,Credit Services,1670165760,USD
AGN.AS,Financial Services,Insurance - Diversified,10254178304,EUR
AGNC,Real Estate,REIT - Mortgage,10780877824,USD
AGO,Financial Services,Insurance - Specialty,3871708416,USD
AGX,Industrials,Engineering & Construction,4287250944,USD
AGYS,Technology,Software - Application,3568689664,USD
AHCO,Healthcare,Medical Devices,1229856640,USD
AHH,Real Estate,REIT - Diversified,671745472,USD
AHL,Financial Services,Insurance - Property & Casualty,3374141696,USD
AHR,Real Estate,REIT - Healthcare Facilities,7712315392,USD
AHT.L,Industrials,Rental & Leasing Services,20945829888,GBp
AI,Technology,Software - Infrastructure,2362743808,USD
AIA.AX,Industrials,Airports & Air Services,12053182464,AUD
AIA.NZ,Industrials,Airports & Air Services,13864758272,NZD
AIG,Financial Services,Insurance - Diversified,43744141312,USD
AII,Financial Services,Insurance - Property & Casualty,459941152,USD
AIN,Consumer Cyclical,Textile Manufacturing,1663766400,USD
AIOT,Technology,Software - Infrastructure,677891904,USD
AIP,Technology,Semiconductors,558287424,USD
AIR,Industrials,Aerospace & Defense,3391692544,USD
AIR.NZ,Industrials,Airlines,1968119168,NZD
AIRJ,Industrials,Building Products & Equipment,314890272,USD
AIRO,Industrials,Aerospace & Defense,446415456,USD
AIRS,Healthcare,Medical Care Facilities,648717056,USD
AISP,Technology,Software - Infrastructure,151739504,USD
AIT,Industrials,Industrial Distribution,9555079168,USD
AIV,Real Estate,REIT - Residential,750085568,USD
AIXA.DE,Technology,Semiconductor Equipment & Materials,1752128256,EUR
AIZ,Financial Services,Insurance - Property & Casualty,10702903296,USD
AJBU.SI,Real Estate,REIT - Office,5825850368,SGD
AJG,Financial Services,Insurance Brokers,62398476288,USD
AKAM,Technology,Software - Infrastructure,10686523392,USD
AKBA,Healthcare,Drug Manufacturers - Specialty & Generic,562107456,USD
AKE.PA,Basic Materials,Specialty Chemicals,3813614080,EUR
AKR,Real Estate,REIT - Retail,2764364032,USD
AKRO,Healthcare,Biotechnology,4336115200,USD
AKZA.AS,Basic Materials,Specialty Chemicals,9662157824,EUR
AL,Industrials,Rental & Leasing Services,7137314816,USD
ALAB,Technology,Semiconductors,31840937984,USD
ALB,Basic Materials,Specialty Chemicals,11359932416,USD
ALCO,Consumer Defensive,Farm Products,255890208,USD
ALD.AX,Energy,Oil & Gas Refining & Marketing,7180041728,AUD
ALDX,Healthcare,Biotechnology,314038112,USD
ALE,Utilities,Utilities - Diversified,3912346112,USD
ALEC,Healthcare,Biotechnology,145745760,USD
ALEX,Real Estate,REIT - Retail,1135032064,USD
ALFEN.AS,Industrials,Electrical Equipment & Parts,209167600,EUR
ALG,Industrials,Farm & Heavy Construction Machinery,2149080832,USD
ALGM,Technology,Semiconductors,5357345280,USD
ALGN,Healthcare,Medical Instruments & Supplies,10041536512,USD
ALGT,Industrials,Airlines,1136426752,USD
ALHC,Healthcare,Healthcare Plans,3369544960,USD
ALIT,Technology,Software - Application,1511097856,USD
ALK,Industrials,Airlines,4732600320,USD
ALKS,Healthcare,Drug Manufacturers - Specialty & Generic,4981595136,USD
ALKT,Technology,Software - Application,2121081088,USD
ALL,Financial Services,Insurance - Property & Casualty,50395394048,USD
ALL.AX,Consumer Cyclical,Gambling,38893772800,AUD
ALLE,Industrials,Security & Protection Services,14167741440,USD
ALLO,Healthcare,Biotechnology,261819600,USD
ALLY,Financial Services,Credit Services,12131134464,USD
ALMS,Healthcare,Biotechnology,474533216,USD
ALMU,Technology,Semiconductors,292413504,USD
ALNT,Technology,Electronic Components,951572736,USD
ALNY,Healthcare,Biotechnology,57346646016,USD
ALPA4.SA,Consumer Cyclical,Footwear & Accessories,6927275008,BRL
ALQ.AX,Industrials,Consulting Services,11102600192,AUD
ALRM,Technology,Software - Application,2448839936,USD
ALRS,Financial Services,Banks - Regional,536378016,USD
ALSN,Consumer Cyclical,Auto Parts,6770656256,USD
ALT,Healthcare,Biotechnology,349498752,USD
ALTG,Industrials,Rental & Leasing Services,191967184,USD
ALTI,Financial Services,Asset Management,579280832,USD
ALTR.LS,Basic Materials,Paper & Paper Products,1000975296,EUR
ALV,Consumer Cyclical,Auto Parts,9048231936,USD
ALW.L,Financial Services,Asset Management,4953470976,GBp
ALX,Real Estate,REIT - Retail,1146637696,USD
ALX.AX,Industrials,Infrastructure Operations,7109933056,AUD
AM,Energy,Oil & Gas Midstream,8320524288,USD
AMAL,Financial Services,Banks - Regional,827741440,USD
AMAT,Technology,Semiconductor Equipment & Materials,189369876480,USD
AMBA,Technology,Semiconductor Equipment & Materials,3640518656,USD
AMBC,Financial Services,Insurance - Specialty,393022720,USD
AMBP,Consumer Cyclical,Packaging & Containers,2020224640,USD
AMBQ,Technology,Semiconductors,534110848,USD
AMC,Communication Services,Entertainment,1323394304,USD
AMC.AX,Consumer Cyclical,Packaging & Containers,27746488320,AUD
AMCR,Consumer Cyclical,Packaging & Containers,18143709184,USD
AMCX,Communication Services,Entertainment,325378592,USD
AMD,Technology,Semiconductors,421371346944,USD
AME,Industrials,Specialty Industrial Machinery,45743812608,USD
AMER3.SA,Consumer Cyclical,Internet Retail,1055287232,BRL
AMG,Financial Services,Asset Management,7289399296,USD
AMG.AS,Basic Materials,Other Industrial Metals & Mining,913775936,EUR
AMGN,Healthcare,Drug Manufacturers - General,159516606464,USD
AMH,Real Estate,REIT - Residential,13418056704,USD
AMKR,Technology,Semiconductor Equipment & Materials,9353799680,USD
AMLX,Healthcare,Biotechnology,1450677120,USD
AMN,Healthcare,Medical Care Facilities,750388928,USD
AMP,Financial Services,Asset Management,42028687360,USD
AMP.AX,Financial Services,Financial Conglomerates,4493478400,AUD
AMP.MI,Healthcare,Medical Distribution,3241642240,EUR
AMPH,Healthcare,Drug Manufacturers - Specialty & Generic,1176325376,USD
AMPL,Technology,Software - Application,1315920512,USD
AMPX,Industrials,Electrical Equipment & Parts,1696028416,USD
AMR,Basic Materials,Coking Coal,2372793344,USD
AMRC,Industrials,Engineering & Construction,2108146432,USD
AMRK,Financial Services,Capital Markets,649379584,USD
AMRX,Healthcare,Drug Manufacturers - Specialty & Generic,3516117504,USD
AMS.MC,Technology,Information Technology Services,28397940736,EUR
AMSC,Industrials,Specialty Industrial Machinery,2738107136,USD
AMSF,Financial Services,Insurance - Specialty,753380416,USD
AMT,Real Estate,REIT - Specialty,82693423104,USD
AMTB,Financial Services,Banks - Regional,718228416,USD
AMTM,Industrials,Specialty Business Services,5401895936,USD
AMWD,Consumer Cyclical,"Furnishings, Fixtures & Appliances",914495296,USD
AMZN,Consumer Cyclical,Internet Retail,2715314814976,USD
AN,Consumer Cyclical,Auto & Truck Dealerships,7065262080,USD
ANA.MC,Industrials,Engineering & Construction,10698980352,EUR
ANAB,Healthcare,Biotechnology,1008146816,USD
ANDE,Consumer Defensive,Food Distribution,1597628288,USD
ANE.MC,Utilities,Utilities - Renewable,7965993472,EUR
ANET,Technology,Computer Hardware,198069420032,USD
ANF,Consumer Cyclical,Apparel Retail,3301947648,USD
ANGI,Communication Services,Internet Content & Information,578665216,USD
ANGO,Healthcare,Medical Instruments & Supplies,487394144,USD
ANIK,Healthcare,Drug Manufacturers - Specialty & Generic,141585632,USD
ANIP,Healthcare,Drug Manufacturers - Specialty & Generic,2096754560,USD
ANN.AX,Healthcare,Medical Instruments & Supplies,5248018944,AUD
ANNX,Healthcare,Biotechnology,348340608,USD
ANTO.L,Basic Materials,Copper,26593564672,GBp
ANZ.AX,Financial Services,Banks - Diversified,109891592192,AUD
ANZ.NZ,Financial Services,Banks - Diversified,126212702208,NZD
AOMR,Real Estate,REIT - Mortgage,215788032,USD
AON,Financial Services,Insurance Brokers,73043599360,USD
AORT,Healthcare,Medical Devices,2155821056,USD
AOS,Industrials,Specialty Industrial Machinery,9142355968,USD
AOSL,Technology,Semiconductors,853222336,USD
AOT.BK,Industrials,Airports & Air Services,571427979264,THB
AOUT,Consumer Cyclical,Leisure,86066064,USD
APA,Energy,Oil & Gas E&P,8046617600,USD
APA.AX,Utilities,Utilities - Regulated Gas,12007531520,AUD
APAM,Financial Services,Asset Management,3082697472,USD
APAM.AS,Basic Materials,Steel,2158501120,EUR
APD,Basic Materials,Specialty Chemicals,53270437888,USD
APE.AX,Consumer Cyclical,Auto & Truck Dealerships,9190959104,AUD
APEI,Consumer Defensive,Education & Training Services,583749120,USD
APG,Industrials,Engineering & Construction,14881113088,USD
APGE,Healthcare,Biotechnology,3676516096,USD
APH,Technology,Electronic Components,173265059840,USD
APLD,Technology,Information Technology Services,9193274368,USD
APLE,Real Estate,REIT - Hotel & Motel,2704054016,USD
APLS,Healthcare,Biotechnology,2617806848,USD
APO,Financial Services,Asset Management,70902710272,USD
APOG,Industrials,Building Products & Equipment,767294848,USD
APOLLOHOSP.NS,Healthcare,Medical Care Facilities,1123030007808,INR
APP,Communication Services,Advertising Agencies,213821308928,USD
APPF,Technology,Software - Application,9420738560,USD
APPN,Technology,Software - Infrastructure,2243168256,USD
APPS,Technology,Software - Application,705153216,USD
APTV,Consumer Cyclical,Auto Parts,17668812800,USD
AQST,Healthcare,Drug Manufacturers - Specialty & Generic,785118848,USD
AR,Energy,Oil & Gas E&P,10223491072,USD
ARAY,Healthcare,Medical Devices,157807856,USD
ARB.AX,Consumer Cyclical,Auto Parts,2981751552,AUD
ARCAD.AS,Industrials,Engineering & Construction,3622805760,EUR
ARCB,Industrials,Trucking,1629744384,USD
ARCT,Healthcare,Biotechnology,252537120,USD
ARDT,Healthcare,Medical Care Facilities,2100802688,USD
ARDX,Healthcare,Biotechnology,1438407936,USD
ARE,Real Estate,REIT - Office,9624627200,USD
AREN,Communication Services,Internet Content & Information,248720512,USD
ARES,Financial Services,Asset Management,50802933760,USD
ARF.AX,Real Estate,REIT - Specialty,1467765632,AUD
ARG.NZ,Real Estate,REIT - Diversified,1107256704,NZD
ARHS,Consumer Cyclical,Specialty Retail,1390011648,USD
ARI,Real Estate,REIT - Mortgage,1349144576,USD
ARKO,Consumer Cyclical,Specialty Retail,507340544,USD
ARL,Real Estate,Real Estate Services,256171392,USD
ARLO,Industrials,Building Products & Equipment,1979911296,USD
ARM,Technology,Semiconductors,178676645888,USD
ARMK,Industrials,Specialty Business Services,9880565760,USD
AROC,Energy,Oil & Gas Equipment & Services,4498231296,USD
AROW,Financial Services,Banks - Regional,484747616,USD
ARQ,Industrials,Pollution & Treatment Controls,281762176,USD
ARQT,Healthcare,Biotechnology,3032906752,USD
ARR,Real Estate,REIT - Mortgage,1828417280,USD
ARRY,Technology,Solar,1284415232,USD
ARVN,Healthcare,Biotechnology,713619008,USD
ARW,Technology,Electronics & Computer Distribution,5740940288,USD
ARWR,Healthcare,Biotechnology,5476381696,USD
AS,Consumer Cyclical,Leisure,17452363776,USD
ASAI3.SA,Consumer Defensive,Grocery Stores,11456171008,BRL
ASAN,Technology,Software - Application,3314544384,USD
ASB,Financial Services,Banks - Regional,4129809664,USD
ASC,Industrials,Marine Shipping,507458432,USD
ASGN,Technology,Information Technology Services,1898014976,USD
ASH,Basic Materials,Specialty Chemicals,2204398336,USD
ASIANPAINT.NS,Basic Materials,Specialty Chemicals,2383696363520,INR
ASIC,Financial Services,Insurance - Property & Casualty,898846784,USD
ASIX,Basic Materials,Chemicals,502791616,USD
ASLE,Industrials,Airports & Air Services,349615040,USD
ASM.AS,Technology,Semiconductor Equipment & Materials,27174500352,EUR
ASML,Technology,Semiconductor Equipment & Materials,414083678208,USD
ASML.AS,Technology,Semiconductor Equipment & Materials,355310403584,EUR
ASO,Consumer Cyclical,Specialty Retail,3141389312,USD
ASPI,Basic Materials,Chemicals,1011752128,USD
ASPN,Industrials,Building Products & Equipment,638293760,USD
ASRNL.AS,Financial Services,Insurance - Diversified,11864525824,EUR
ASTE,Industrials,Farm & Heavy Construction Machinery,1070765312,USD
ASTH,Healthcare,Medical Care Facilities,1522698880,USD
ASTS,Technology,Communication Equipment,26090192896,USD
ASUR,Technology,Software - Application,234882400,USD
ASX.AX,Financial Services,Financial Data & Stock Exchanges,10954601472,AUD
AT1.DE,Real Estate,Real Estate Services,3347237632,EUR
ATEC,Healthcare,Medical Devices,2865533440,USD
ATEN,Technology,Software - Infrastructure,1296582400,USD
ATEX,Communication Services,Telecom Services,368611680,USD
ATGE,Consumer Defensive,Education & Training Services,3473008640,USD
ATI,Industrials,Metal Fabrication,13397516288,USD
ATKR,Industrials,Electrical Equipment & Parts,2355901952,USD
ATLC,Financial Services,Credit Services,851865280,USD
ATLO,Financial Services,Banks - Regional,186735504,USD
ATM.NZ,Consumer Defensive,Packaged Foods,7985930752,NZD
ATMU,Consumer Cyclical,Auto Parts,3778991360,USD
ATNI,Communication Services,Telecom Services,218180688,USD
ATO,Utilities,Utilities - Regulated Gas,27722420224,USD
ATOM,Technology,Semiconductor Equipment & Materials,90924560,USD
ATR,Healthcare,Medical Instruments & Supplies,7422838784,USD
ATRC,Healthcare,Medical Instruments & Supplies,1691869056,USD
ATRO,Industrials,Aerospace & Defense,1736660992,USD
ATUS,Communication Services,Telecom Services,1007586304,USD
ATXS,Healthcare,Biotechnology,699228352,USD
ATYR,Healthcare,Biotechnology,86296824,USD
AU,Basic Materials,Gold,33838065664,USD
AUB,Financial Services,Banks - Regional,4675741184,USD
AUB.AX,Financial Services,Insurance Brokers,4247630080,AUD
AUPH,Healthcare,Biotechnology,1733561088,USD
AUR,Technology,Information Technology Services,9773624320,USD
AURA,Healthcare,Biotechnology,375204032,USD
AUTO.L,Communication Services,Internet Content & Information,6700318720,GBp
AV.L,Financial Services,Insurance - Diversified,20089253888,GBp
AVA,Utilities,Utilities - Diversified,3093563904,USD
AVAH,Healthcare,Medical Care Facilities,1965856000,USD
AVAV,Industrials,Aerospace & Defense,18369060864,USD
AVB,Real Estate,REIT - Residential,25017284608,USD
AVBP,Healthcare,Biotechnology,714013440,USD
AVD,Basic Materials,Agricultural Inputs,132774064,USD
AVDL,Healthcare,Drug Manufacturers - Specialty & Generic,1842871552,USD
AVGO,Technology,Semiconductors,1712093396992,USD
AVIR,Healthcare,Biotechnology,257912048,USD
AVNS,Healthcare,Medical Devices,519707776,USD
AVNT,Basic Materials,Specialty Chemicals,2936621568,USD
AVNW,Technology,Communication Equipment,313014368,USD
AVO,Consumer Defensive,Food Distribution,826243328,USD
AVPT,Technology,Software - Infrastructure,2998237952,USD
AVR,Healthcare,Medical Instruments & Supplies,156871296,USD
AVT,Technology,Electronics & Computer Distribution,3916013824,USD
AVTR,Healthcare,Medical Instruments & Supplies,7963597824,USD
AVXL,Healthcare,Biotechnology,664818240,USD
AVY,Consumer Cyclical,Packaging & Containers,13470268416,USD
AWC.BK,Consumer Cyclical,Lodging,67227238400,THB
AWI,Industrials,Building Products & Equipment,8305597952,USD
AWK,Utilities,Utilities - Regulated Water,24579717120,USD
AWR,Utilities,Utilities - Regulated Water,2761097984,USD
AX,Financial Services,Banks - Regional,4496400384,USD
AXGN,Healthcare,Medical Devices,1072343168,USD
AXISBANK.NS,Financial Services,Banks - Regional,3806378328064,INR
AXL,Consumer Cyclical,Auto Parts,755890624,USD
AXON,Industrials,Aerospace & Defense,56845062144,USD
AXP,Financial Services,Credit Services,249102532608,USD
AXS,Financial Services,Insurance - Specialty,7267740672,USD
AXSM,Healthcare,Biotechnology,6829288448,USD
AXTA,Basic Materials,Specialty Chemicals,5994859008,USD
AYI,Industrials,Electrical Equipment & Parts,11192714240,USD
AZJ.AX,Industrials,Railroads,5968808960,AUD
AZM.MI,Financial Services,Asset Management,4753808384,EUR
AZN,Healthcare,Drug Manufacturers - General,254371659776,USD
AZN.L,Healthcare,Drug Manufacturers - General,193661353984,GBp
AZO,Consumer Cyclical,Auto Parts,59480731648,USD
AZTA,Healthcare,Medical Instruments & Supplies,1408654848,USD
AZUL4.SA,Industrials,Airlines,1081350400,BRL
AZZ,Industrials,Specialty Business Services,3046585856,USD
B3SA3.SA,Financial Services,Financial Data & Stock Exchanges,65875169280,BRL
BA,Industrials,Aerospace & Defense,155477540864,USD
BA.L,Industrials,Aerospace & Defense,54258184192,GBp
BAB.L,Industrials,Engineering & Construction,5995845632,GBp
BAC,Financial Services,Banks - Diversified,391121666048,USD
BAH,Industrials,Consulting Services,10371252224,USD
BAJAJ-AUTO.NS,Consumer Cyclical,Auto Manufacturers,2443474370560,INR
BAJAJFINSV.NS,Financial Services,Financial Conglomerates,3319831461888,INR
BAJFINANCE.NS,Financial Services,Credit Services,6569397321728,INR
BALL,Consumer Cyclical,Packaging & Containers,12820934656,USD
BALY,Consumer Cyclical,Resorts & Casinos,872914048,USD
BAM,Financial Services,Asset Management,87959773184,USD
BAMI.MI,Financial Services,Banks - Regional,18754572288,EUR
BANC,Financial Services,Banks - Regional,2632999168,USD
BAND,Technology,Software - Infrastructure,487734848,USD
BANF,Financial Services,Banks - Regional,3607224576,USD
BANPU.BK,Energy,Thermal Coal,49693757440,THB
BANR,Financial Services,Banks - Regional,2091362816,USD
BAP.AX,Consumer Cyclical,Specialty Retail,858713664,AUD
BARC.L,Financial Services,Banks - Diversified,55879995392,GBp
BARK,Consumer Cyclical,Specialty Retail,144400656,USD
BATRA,Communication Services,Entertainment,2618052608,USD
BATRK,Communication Services,Entertainment,2619197696,USD
BATS.L,Consumer Defensive,Tobacco,87599136768,GBp
BAVA.CO,Healthcare,Biotechnology,18572015616,DKK
BAX,Healthcare,Medical Instruments & Supplies,9353038848,USD
BBAI,Technology,Information Technology Services,2750069504,USD
BBAS3.SA,Financial Services,Banks - Regional,126041260032,BRL
BBCP,Industrials,Engineering & Construction,337157632,USD
BBDC3.SA,Financial Services,Banks - Regional,179999670272,BRL
BBDC4.SA,Financial Services,Banks - Regional,179999670272,BRL
BBIO,Healthcare,Biotechnology,11944092672,USD
BBL.BK,Financial Services,Banks - Regional,300642762752,THB
BBNX,Healthcare,Medical Devices,1219702400,USD
BBSE3.SA,Financial Services,Insurance - Diversified,64525983744,BRL
BBSI,Industrials,Staffing & Employment Services,1043510080,USD
BBT,Financial Services,Banks - Regional,2085974400,USD
BBUC,Financial Services,Asset Management,2505875968,USD
BBVA.MC,Financial Services,Banks - Diversified,101068423168,EUR
BBW,Consumer Cyclical,Specialty Retail,693848640,USD
BBWI,Consumer Cyclical,Specialty Retail,4995924992,USD
BBY,Consumer Cyclical,Specialty Retail,17127454720,USD
BC,Consumer Cyclical,Recreational Vehicles,4296967680,USD
BC.MI,Consumer Cyclical,Luxury Goods,5929690624,EUR
BC8.DE,Technology,Information Technology Services,4549843456,EUR
BCAL,Financial Services,Banks - Regional,600520960,USD
BCAX,Healthcare,Biotechnology,872707328,USD
BCBP,Financial Services,Banks - Regional,134722960,USD
BCC,Basic Materials,Lumber & Wood Production,2551642624,USD
BCML,Financial Services,Banks - Regional,297045888,USD
BCO,Industrials,Security & Protection Services,4607432192,USD
BCP.BK,Energy,Oil & Gas Refining & Marketing,39586541568,THB
BCP.LS,Financial Services,Banks - Regional,11186153472,EUR
BCPC,Basic Materials,Specialty Chemicals,4939552768,USD
BCRX,Healthcare,Drug Manufacturers - Specialty & Generic,1444232960,USD
BDC,Technology,Communication Equipment,4656519168,USD
BDMS.BK,Healthcare,Medical Care Facilities,297180430336,THB
BDN,Real Estate,REIT - Office,585361152,USD
BDX,Healthcare,Medical Instruments & Supplies,50819047424,USD
BE,Industrials,Electrical Equipment & Parts,33672034304,USD
BEAM,Healthcare,Biotechnology,2453179136,USD
BEEF3.SA,Consumer Defensive,Farm Products,7270619136,BRL
BEEP,Industrials,Infrastructure Operations,146034000,USD
BEL.NS,Industrials,Aerospace & Defense,3061961457664,INR
BELFA,Technology,Electronic Components,1963361664,USD
BELFB,Technology,Electronic Components,1967812352,USD
BEM.BK,Industrials,Railroads,80880533504,THB
BEN,Financial Services,Asset Management,11858424832,USD
BEN.AX,Financial Services,Banks - Regional,7183664128,AUD
BEPC,Utilities,Utilities - Renewable,7927757312,USD
BESI.AS,Technology,Semiconductor Equipment & Materials,11411591168,EUR
BETR,Financial Services,Mortgage Finance,1119681280,USD
BEZ.L,Financial Services,Insurance - Specialty,5382169600,GBp
BF-B,Consumer Defensive,Beverages - Wineries & Distilleries,12962447360,USD
BFAM,Consumer Cyclical,Personal Services,5893630464,USD
BFC,Financial Services,Banks - Regional,1202118272,USD
BFH,Financial Services,Credit Services,2900160000,USD
BFIN,Financial Services,Banks - Regional,139185776,USD
BFIT.AS,Consumer Cyclical,Leisure,1664925696,EUR
BFLY,Healthcare,Medical Devices,735072192,USD
BFS,Real Estate,REIT - Retail,1018985472,USD
BFSA.DE,Industrials,Waste Management,1094400000,EUR
BFST,Financial Services,Banks - Regional,731203520,USD
BG,Consumer Defensive,Farm Products,18809829376,USD
BGA.AX,Consumer Defensive,Packaged Foods,1615446528,AUD
BGC,Financial Services,Capital Markets,4434857472,USD
BGS,Consumer Defensive,Packaged Foods,320015008,USD
BH,Consumer Cyclical,Restaurants,1092761216,USD
BH.BK,Healthcare,Medical Care Facilities,137528819712,THB
BHARTIARTL.NS,Communication Services,Telecom Services,12558135197696,INR
BHB,Financial Services,Banks - Regional,493994400,USD
BHE,Technology,Electronic Components,1580070912,USD
BHF,Financial Services,Insurance - Life,3061938432,USD
BHP,Basic Materials,Other Industrial Metals & Mining,144152559616,USD
BHP.AX,Basic Materials,Other Industrial Metals & Mining,220648308736,AUD
BHR,Real Estate,REIT - Hotel & Motel,194654000,USD
BHRB,Financial Services,Banks - Regional,890440064,USD
BHVN,Healthcare,Biotechnology,1570996352,USD
BIIB,Healthcare,Drug Manufacturers - General,22216593408,USD
BILL,Technology,Software - Application,4938639360,USD
BIM.PA,Healthcare,Diagnostics & Research,12914912256,EUR
BIO,Healthcare,Medical Devices,8358806016,USD
BIOA,Healthcare,Drug Manufacturers - Specialty & Generic,266007264,USD
BIPC,Utilities,Utilities - Regulated Gas,5472351232,USD
BIRK,Consumer Cyclical,Footwear & Accessories,7238542336,USD
BJ,Consumer Defensive,Discount Stores,11965841408,USD
BJC.BK,Industrials,Conglomerates,71739564032,THB
BJRI,Consumer Cyclical,Restaurants,751337152,USD
BK,Financial Services,Banks - Diversified,75355545600,USD
BKD,Healthcare,Medical Care Facilities,2177787392,USD
BKE,Consumer Cyclical,Apparel Retail,2820776192,USD
BKG.L,Consumer Cyclical,Residential Construction,3815008256,GBp
BKH,Utilities,Utilities - Regulated Gas,4653347840,USD
BKKT,Technology,Software - Infrastructure,428309600,USD
BKNG,Consumer Cyclical,Travel Services,162153824256,USD
BKR,Energy,Oil & Gas Equipment & Services,47996682240,USD
BKSY,Industrials,Specialty Business Services,724185408,USD
BKT.MC,Financial Services,Banks - Regional,11633374208,EUR
BKTI,Technology,Communication Equipment,276291136,USD
BKU,Financial Services,Banks - Regional,3060130048,USD
BKV,Energy,Oil & Gas E&P,2199526400,USD
BKW.AX,Basic Materials,Building Materials,5068547584,AUD
BL,Technology,Software - Application,3543696640,USD
BLBD,Industrials,Farm & Heavy Construction Machinery,1637081216,USD
BLD,Industrials,Engineering & Construction,11888656384,USD
BLDR,Industrials,Building Products & Equipment,12492289024,USD
BLFS,Healthcare,Medical Instruments & Supplies,1335119744,USD
BLFY,Financial Services,Banks - Regional,171072480,USD
BLK,Financial Services,Asset Management,165775523840,USD
BLKB,Technology,Software - Application,3069943296,USD
BLMN,Consumer Cyclical,Restaurants,575062592,USD
BLND,Technology,Software - Application,842803392,USD
BLX,Financial Services,Banks - Regional,1588627584,USD
BLZE,Technology,Software - Infrastructure,587777216,USD
BMBL,Communication Services,Internet Content & Information,824709056,USD
BMED.MI,Financial Services,Banks - Regional,12847385600,EUR
BMI,Technology,Scientific & Technical Instruments,5361437696,USD
BMPS.MI,Financial Services,Banks - Regional,22918739968,EUR
BMRC,Financial Services,Banks - Regional,413311552,USD
BMRN,Healthcare,Biotechnology,10153242624,USD
BMY,Healthcare,Drug Manufacturers - General,93685358592,USD
BN4.SI,Industrials,Conglomerates,18188507136,SGD
BNED,Consumer Cyclical,Specialty Retail,302057632,USD
BNL,Real Estate,REIT - Diversified,3585188352,USD
BNTC,Healthcare,Biotechnology,416332416,USD
BNZL.L,Consumer Defensive,Food Distribution,7467254272,GBp
BOC,Industrials,Conglomerates,402918496,USD
BOH,Financial Services,Banks - Regional,2593590272,USD
BOKF,Financial Services,Banks - Regional,6641638400,USD
BOOM,Industrials,Conglomerates,164855968,USD
BOOT,Consumer Cyclical,Apparel Retail,5827556352,USD
BOQ.AX,Financial Services,Banks - Regional,4523516416,AUD
BORR,Energy,Oil & Gas Drilling,915919552,USD
BOSS.DE,Consumer Cyclical,Apparel Manufacturing,2589938688,EUR
BOW,Financial Services,Insurance - Property & Casualty,846931072,USD
BOX,Technology,Software - Infrastructure,4669669376,USD
BP,Energy,Oil & Gas Integrated,89382166528,USD
BP.L,Energy,Oil & Gas Integrated,68380512256,GBp
BPAC11.SA,Financial Services,Capital Markets,162091630592,BRL
BPAN4.SA,Financial Services,Banks - Regional,12930890752,BRL
BPE.MI,Financial Services,Banks - Regional,20391446528,EUR
BPOP,Financial Services,Banks - Regional,7519592960,USD
BPRN,Financial Services,Banks - Regional,218090608,USD
BPSO.MI,Financial Services,Banks - Regional,6603365376,EUR
BPT.AX,Energy,Oil & Gas E&P,2840260608,AUD
BR,Technology,Information Technology Services,25816102912,USD
BRAP4.SA,Financial Services,Asset Management,7225138688,BRL
BRBR,Consumer Defensive,Packaged Foods,3828506880,USD
BRBS,Financial Services,Banks - Regional,423360800,USD
BRBY.L,Consumer Cyclical,Luxury Goods,4338445824,GBp
BRCC,Consumer Defensive,Packaged Foods,161625520,USD
BRFS3.SA,Consumer Defensive,Packaged Foods,28579856384,BRL
BRG.AX,Consumer Cyclical,"Furnishings, Fixtures & Appliances",4207159552,AUD
BRK-B,Financial Services,Insurance - Diversified,1025495203840,USD
BRKM5.SA,Basic Materials,Chemicals,5572361216,BRL
BRKR,Healthcare,Medical Devices,5873056256,USD
BRN.AX,Technology,Semiconductors,428773152,AUD
BRO,Financial Services,Insurance Brokers,26569367552,USD
BROS,Consumer Cyclical,Restaurants,8964617216,USD
BRSL,Consumer Cyclical,Gambling,3136910336,USD
BRSP,Real Estate,REIT - Mortgage,670719232,USD
BRT,Real Estate,REIT - Residential,265564192,USD
BRX,Real Estate,REIT - Retail,8016759296,USD
BRY,Energy,Oil & Gas E&P,260742176,USD
BRZE,Technology,Software - Application,3136623360,USD
BS6.SI,Industrials,Aerospace & Defense,13499070464,SGD
BSET,Consumer Cyclical,"Furnishings, Fixtures & Appliances",128114224,USD
BSL.AX,Basic Materials,Steel,9654788096,AUD
BSRR,Financial Services,Banks - Regional,383710752,USD
BSVN,Financial Services,Banks - Regional,393296864,USD
BSX,Healthcare,Medical Devices,146153947136,USD
BSY,Technology,Software - Application,15269600256,USD
BT-A.L,Communication Services,Telecom Services,17899212800,GBp
BTBT,Financial Services,Capital Markets,1099299968,USD
BTDR,Technology,Software - Application,4887224832,USD
BTMD,Healthcare,Medical Care Facilities,135419184,USD
BTRW.L,Consumer Cyclical,Residential Construction,5393024000,GBp
BTS.BK,Industrials,Railroads,46672031744,THB
BTSG,Healthcare,Health Information Services,6039998976,USD
BTU,Energy,Thermal Coal,3640704000,USD
BUOU.SI,Real Estate,REIT - Industrial,3551500800,SGD
BUR,Financial Services,Asset Management,2153105920,USD
BURL,Consumer Cyclical,Apparel Retail,17411532800,USD
BUSE,Financial Services,Banks - Regional,2015511296,USD
BV,Industrials,Specialty Business Services,1160626944,USD
BVFL,Financial Services,Banks - Regional,158489888,USD
BVI.PA,Industrials,Consulting Services,12686809088,EUR
BVN,Basic Materials,Other Precious Metals & Mining,5628353024,USD
BVS,Healthcare,Medical Devices,438813504,USD
BWA,Consumer Cyclical,Auto Parts,9376470016,USD
BWB,Financial Services,Banks - Regional,460940832,USD
BWFG,Financial Services,Banks - Regional,339045152,USD
BWIN,Financial Services,Insurance Brokers,1598168576,USD
BWMN,Industrials,Engineering & Construction,741954112,USD
BWP.AX,Real Estate,REIT - Industrial,2781613824,AUD
BWXT,Industrials,Aerospace & Defense,19729332224,USD
BX,Financial Services,Asset Management,177680384000,USD
BXB.AX,Industrials,Specialty Business Services,32094826496,AUD
BXC,Industrials,Industrial Distribution,511823168,USD
BXMT,Real Estate,REIT - Mortgage,3111275008,USD
BXP,Real Estate,REIT - Office,12485843968,USD
BY,Financial Services,Banks - Regional,1233633280,USD
BYD,Consumer Cyclical,Resorts & Casinos,6206827520,USD
BYND,Consumer Defensive,Packaged Foods,555015424,USD
BYRN,Industrials,Aerospace & Defense,453601280,USD
BZAI,Technology,Software - Application,410970752,USD
BZH,Consumer Cyclical,Residential Construction,658424832,USD
BZU.MI,Basic Materials,Building Materials,9187012608,EUR
C,Financial Services,Banks - Diversified,181810774016,USD
C09.SI,Real Estate,Real Estate - Development,6325284352,SGD
C38U.SI,Real Estate,REIT - Retail,17551900672,SGD
C6L.SI,Industrials,Airlines,19634237440,SGD
CABK.MC,Financial Services,Banks - Regional,64037564416,EUR
CABO,Communication Services,Telecom Services,823127168,USD
CAC,Financial Services,Banks - Regional,651336448,USD
CACC,Financial Services,Credit Services,5041305088,USD
CACI,Technology,Information Technology Services,12456047616,USD
CADE,Financial Services,Banks - Regional,7001417728,USD
CADL,Healthcare,Biotechnology,286552416,USD
CAG,Consumer Defensive,Packaged Foods,8270700544,USD
CAH,Healthcare,Medical Distribution,45195329536,USD
CAI,Healthcare,Biotechnology,8421156352,USD
CAKE,Consumer Cyclical,Restaurants,2364999168,USD
CAL,Consumer Cyclical,Apparel Retail,372610208,USD
CALM,Consumer Defensive,Farm Products,4290275328,USD
CALX,Technology,Software - Infrastructure,4456430080,USD
CAPR,Healthcare,Biotechnology,277502048,USD
CAR,Industrials,Rental & Leasing Services,4655506432,USD
CAR.AX,Communication Services,Internet Content & Information,13254351872,AUD
CARE,Financial Services,Banks - Regional,381132960,USD
CARG,Consumer Cyclical,Auto & Truck Dealerships,3483040256,USD
CARL,Healthcare,Health Information Services,324821472,USD
CARR,Industrials,Building Products & Equipment,48730259456,USD
CARS,Communication Services,Internet Content & Information,666069184,USD
CART,Consumer Cyclical,Internet Retail,9863128064,USD
CASH,Financial Services,Banks - Regional,1536920704,USD
CASH3.SA,Communication Services,Internet Content & Information,489214304,BRL
CASS,Industrials,Specialty Business Services,513115264,USD
CASY,Consumer Cyclical,Specialty Retail,19098157056,USD
CAT,Industrials,Farm & Heavy Construction Machinery,267309400064,USD
CATX,Healthcare,Medical Devices,193083776,USD
CATY,Financial Services,Banks - Regional,3113185792,USD
CAVA,Consumer Cyclical,Restaurants,6100355072,USD
CB,Financial Services,Insurance - Property & Casualty,109505519616,USD
CBA.AX,Financial Services,Banks - Diversified,291084435456,AUD
CBAN,Financial Services,Banks - Regional,280602816,USD
CBFV,Financial Services,Banks - Regional,159948256,USD
CBG.BK,Consumer Defensive,Beverages - Non-Alcoholic,43249999872,THB
CBL,Real Estate,REIT - Retail,922427328,USD
CBLL,Healthcare,Medical Devices,415769408,USD
CBNA,Financial Services,Banks - Regional,195082816,USD
CBNK,Financial Services,Banks - Regional,458858400,USD
CBOE,Financial Services,Financial Data & Stock Exchanges,25838823424,USD
CBRE,Real Estate,Real Estate Services,44820480000,USD
CBRL,Consumer Cyclical,Restaurants,717942720,USD
CBSH,Financial Services,Banks - Regional,6966316544,USD
CBT,Basic Materials,Specialty Chemicals,3506118912,USD
CBU,Financial Services,Banks - Regional,2946438912,USD
CBZ,Industrials,Specialty Business Services,2996974336,USD
CC,Basic Materials,Specialty Chemicals,1898174592,USD
CCB,Financial Services,Banks - Regional,1628015872,USD
CCBG,Financial Services,Banks - Regional,672340992,USD
CCCS,Technology,Software - Application,5617671680,USD
CCEP,Consumer Defensive,Beverages - Non-Alcoholic,40436178944,USD
CCEP.L,Consumer Defensive,Beverages - Non-Alcoholic,30773680128,GBp
CCET.BK,Technology,Computer Hardware,62700019712,THB
CCH.L,Consumer Defensive,Beverages - Non-Alcoholic,12453781504,GBp
CCI,Real Estate,REIT - Specialty,38983278592,USD
CCK,Consumer Cyclical,Packaging & Containers,11214123008,USD
CCL,Consumer Cyclical,Travel Services,37700497408,USD
CCNE,Financial Services,Banks - Regional,722786560,USD
CCOI,Communication Services,Telecom Services,2005179008,USD
CCP.AX,Financial Services,Credit Services,957702656,AUD
CCRN,Healthcare,Medical Care Facilities,403275008,USD
CCS,Real Estate,Real Estate - Development,1716630016,USD
CCSI,Technology,Software - Infrastructure,559252736,USD
CCX.AX,Consumer Cyclical,Apparel Retail,34778676,AUD
CDE,Basic Materials,Gold,9730715648,USD
CDNA,Healthcare,Diagnostics & Research,786162048,USD
CDNS,Technology,Software - Application,91298938880,USD
CDP,Real Estate,REIT - Office,3270115840,USD
CDRE,Industrials,Aerospace & Defense,1726586752,USD
CDTX,Healthcare,Biotechnology,2605032704,USD
CDW,Technology,Information Technology Services,20292134912,USD
CDXS,Healthcare,Biotechnology,204004464,USD
CDZI,Utilities,Utilities - Regulated Water,441630048,USD
CE,Basic Materials,Chemicals,4058208256,USD
CECO,Industrials,Pollution & Treatment Controls,1853333632,USD
CEG,Utilities,Utilities - Independent Power Producers,117998706688,USD
CELC,Healthcare,Biotechnology,3190064640,USD
CELH,Consumer Defensive,Beverages - Non-Alcoholic,15273664512,USD
CEN.NZ,Utilities,Utilities - Renewable,9389671424,NZD
CENT,Consumer Defensive,Packaged Foods,1797873792,USD
CENTA,Consumer Defensive,Packaged Foods,1799154560,USD
CENX,Basic Materials,Aluminum,2868311040,USD
CERS,Healthcare,Medical Devices,291382176,USD
CERT,Healthcare,Health Information Services,1879295872,USD
CEVA,Technology,Semiconductors,662732288,USD
CF,Basic Materials,Agricultural Inputs,13672137728,USD
CFBK,Financial Services,Banks - Regional,150462144,USD
CFFI,Financial Services,Banks - Regional,221467408,USD
CFFN,Financial Services,Banks - Regional,799384640,USD
CFG,Financial Services,Banks - Regional,22008424448,USD
CFLT,Technology,Software - Infrastructure,8199841792,USD
CFR,Financial Services,Banks - Regional,7795059712,USD
CG,Financial Services,Asset Management,18739931136,USD
CGEM,Healthcare,Biotechnology,461371008,USD
CGF.AX,Financial Services,Insurance - Life,6362957312,AUD
CGNX,Technology,Scientific & Technical Instruments,6988838912,USD
CGON,Healthcare,Biotechnology,3194773760,USD
CHC.AX,Real Estate,REIT - Diversified,10471585792,AUD
CHCO,Financial Services,Banks - Regional,1724739968,USD
CHCT,Real Estate,REIT - Healthcare Facilities,416252224,USD
CHD,Consumer Defensive,Household & Personal Products,20718422016,USD
CHDN,Consumer Cyclical,Gambling,6875951616,USD
CHE,Healthcare,Medical Care Facilities,6217516544,USD
CHEF,Consumer Defensive,Food Distribution,2470426624,USD
CHH,Consumer Cyclical,Lodging,4273809920,USD
CHI.NZ,Energy,Oil & Gas Refining & Marketing,1108813312,NZD
CHMG,Financial Services,Banks - Regional,245315760,USD
CHN.AX,Basic Materials,Other Industrial Metals & Mining,763652416,AUD
CHRD,Energy,Oil & Gas E&P,5205906432,USD
CHRS,Healthcare,Biotechnology,185963632,USD
CHRW,Industrials,Integrated Freight & Logistics,17974571008,USD
CHTR,Communication Services,Telecom Services,28754761728,USD
CHWY,Consumer Cyclical,Internet Retail,13655872512,USD
CI,Healthcare,Healthcare Plans,69084078080,USD
CIA,Financial Services,Insurance - Life,290920672,USD
CIA.AX,Basic Materials,Steel,2948878080,AUD
CIEN,Technology,Communication Equipment,26792888320,USD
CIFR,Financial Services,Capital Markets,8992295936,USD
CIM,Real Estate,REIT - Mortgage,1054343232,USD
CINF,Financial Services,Insurance - Property & Casualty,23973806080,USD
CIO,Real Estate,REIT - Office,278509120,USD
CIP.AX,Real Estate,REIT - Industrial,2222849792,AUD
CIPLA.NS,Healthcare,Drug Manufacturers - Specialty & Generic,1214322442240,INR
CIVB,Financial Services,Banks - Regional,416961760,USD
CIVI,Energy,Oil & Gas E&P,2613012224,USD
CIX,Industrials,Security & Protection Services,271230496,USD
CKF.AX,Consumer Cyclical,Restaurants,1260409728,AUD
CL,Consumer Defensive,Household & Personal Products,60438753280,USD
CLAR,Consumer Cyclical,Leisure,128646104,USD
CLB,Energy,Oil & Gas Equipment & Services,751998720,USD
CLBK,Financial Services,Banks - Regional,1570101632,USD
CLDT,Real Estate,REIT - Hotel & Motel,332093760,USD
CLDX,Healthcare,Biotechnology,1643561984,USD
CLF,Basic Materials,Steel,6762427392,USD
CLFD,Technology,Communication Equipment,479898240,USD
CLH,Industrials,Waste Management,11151759360,USD
CLMB,Technology,Electronics & Computer Distribution,539634816,USD
CLMT,Basic Materials,Specialty Chemicals,1742852352,USD
CLNE,Energy,Oil & Gas Refining & Marketing,633745856,USD
CLNX.MC,Real Estate,Real Estate Services,18286673920,EUR
CLOV,Healthcare,Healthcare Plans,1886046208,USD
CLPR,Real Estate,REIT - Residential,158815152,USD
CLPT,Healthcare,Medical Devices,540120896,USD
CLSK,Financial Services,Capital Markets,5190041088,USD
CLVT,Technology,Information Technology Services,2341480192,USD
CLW,Basic Materials,Paper & Paper Products,290454304,USD
CLW.AX,Real Estate,REIT - Diversified,3007156736,AUD
CLX,Consumer Defensive,Household & Personal Products,13290368000,USD
CMA,Financial Services,Banks - Regional,9728879616,USD
CMC,Basic Materials,Steel,6481645568,USD
CMCL,Basic Materials,Gold,545746240,USD
CMCO,Industrials,Farm & Heavy Construction Machinery,459939456,USD
CMCSA,Communication Services,Telecom Services,98312273920,USD
CMDB,Industrials,Marine Shipping,311981440,USD
CME,Financial Services,Financial Data & Stock Exchanges,95256035328,USD
CMG,Consumer Cyclical,Restaurants,41664978944,USD
CMI,Industrials,Specialty Industrial Machinery,60310323200,USD
CMIG4.SA,Utilities,Utilities - Diversified,35691483136,BRL
CMP,Basic Materials,Other Industrial Metals & Mining,719129344,USD
CMPO,Industrials,Metal Fabrication,2102857344,USD
CMPR,Industrials,Specialty Business Services,1680642048,USD
CMPX,Healthcare,Biotechnology,641681152,USD
CMRC,Technology,Software - Application,373803424,USD
CMRE,Industrials,Marine Shipping,1494947840,USD
CMS,Utilities,Utilities - Regulated Electric,22060140544,USD
CMT,Basic Materials,Specialty Chemicals,157015216,USD
CMTG,Real Estate,REIT - Mortgage,433448192,USD
CMW.AX,Real Estate,REIT - Office,1231009664,AUD
CNA,Financial Services,Insurance - Property & Casualty,11922863104,USD
CNA.L,Utilities,Utilities - Independent Power Producers,8263067136,GBp
CNC,Healthcare,Healthcare Plans,16957371392,USD
CNDT,Technology,Information Technology Services,372818656,USD
CNH,Industrials,Farm & Heavy Construction Machinery,13021036544,USD
CNI.AX,Real Estate,REIT - Diversified,1959016832,AUD
CNK,Communication Services,Entertainment,3075665920,USD
CNM,Industrials,Industrial Distribution,10279921664,USD
CNMD,Healthcare,Medical Devices,1388639744,USD
CNNE,Consumer Cyclical,Restaurants,908676032,USD
CNO,Financial Services,Insurance - Life,3837535488,USD
CNOB,Financial Services,Banks - Regional,1217111424,USD
CNP,Utilities,Utilities - Regulated Electric,25083197440,USD
CNR,Energy,Thermal Coal,4203164416,USD
CNS,Financial Services,Asset Management,3457291008,USD
CNU.AX,Communication Services,Telecom Services,3570892288,AUD
CNU.NZ,Communication Services,Telecom Services,4108912896,NZD
CNX,Energy,Oil & Gas E&P,4653074944,USD
CNXC,Technology,Information Technology Services,2465394432,USD
CNXN,Technology,Electronics & Computer Distribution,1506635008,USD
COALINDIA.NS,Energy,Thermal Coal,2327336976384,INR
COCO,Consumer Defensive,Beverages - Non-Alcoholic,2324627712,USD
CODI,Industrials,Conglomerates,464958272,USD
COF,Financial Services,Credit Services,140934676480,USD
COFS,Financial Services,Banks - Regional,433864288,USD
COGN3.SA,Consumer Defensive,Education & Training Services,6748716032,BRL
COGT,Healthcare,Biotechnology,2165362432,USD
COH.AX,Healthcare,Medical Devices,18356039680,AUD
COHR,Technology,Scientific & Technical Instruments,20715460608,USD
COHU,Technology,Semiconductor Equipment & Materials,1130428160,USD
COIN,Financial Services,Financial Data & Stock Exchanges,89095708672,USD
COKE,Consumer Defensive,Beverages - Non-Alcoholic,11191313408,USD
COL.AX,Consumer Defensive,Grocery Stores,29258618880,AUD
COL.MC,Real Estate,REIT - Office,3362853120,EUR
COLB,Financial Services,Banks - Regional,8053037568,USD
COLD,Real Estate,REIT - Industrial,3680240128,USD
COLL,Healthcare,Drug Manufacturers - Specialty & Generic,1137226752,USD
COLM,Consumer Cyclical,Apparel Manufacturing,2759315968,USD
COM7.BK,Consumer Cyclical,Specialty Retail,57226457088,THB
COMM,Technology,Communication Equipment,3573580288,USD
COMP,Real Estate,Real Estate Services,4337672192,USD
CON,Healthcare,Medical Care Facilities,2522404352,USD
COO,Healthcare,Medical Instruments & Supplies,13880839168,USD
COOK,Consumer Cyclical,"Furnishings, Fixtures & Appliances",123656480,USD
COOP,Financial Services,Mortgage Finance,13489140736,USD
COP,Energy,Oil & Gas E&P,110618820608,USD
COR,Healthcare,Medical Distribution,66098786304,USD
COR.LS,Basic Materials,Lumber & Wood Production,907060032,EUR
CORT,Healthcare,Biotechnology,7815420928,USD
CORZ,Technology,Software - Infrastructure,7100403712,USD
COSO,Financial Services,Banks - Regional,257906176,USD
COST,Consumer Defensive,Discount Stores,411287977984,USD
COTY,Consumer Defensive,Household & Personal Products,3408044288,USD
COUR,Consumer Defensive,Education & Training Services,1374464000,USD
CPALL.BK,Consumer Defensive,Grocery Stores,407884267520,THB
CPAY,Technology,Software - Infrastructure,18597003264,USD
CPB,Consumer Defensive,Packaged Foods,8904297472,USD
CPF,Financial Services,Banks - Regional,777668800,USD
CPF.BK,Consumer Defensive,Farm Products,163920396288,THB
CPFE3.SA,Utilities,Utilities - Regulated Electric,49201266688,BRL
CPG.L,Consumer Cyclical,Restaurants,42801799168,GBp
CPK,Utilities,Utilities - Regulated Gas,3049951744,USD
CPLE6.SA,Utilities,Utilities - Regulated Electric,40997076992,BRL
CPN.BK,Real Estate,Real Estate - Diversified,232253997056,THB
CPNG,Consumer Cyclical,Internet Retail,58301624320,USD
CPR.MI,Consumer Defensive,Beverages - Wineries & Distilleries,7345684480,EUR
CPRI,Consumer Cyclical,Luxury Goods,2466675712,USD
CPRT,Industrials,Specialty Business Services,41616879616,USD
CPRX,Healthcare,Biotechnology,2624063232,USD
CPS,Consumer Cyclical,Auto Parts,523995488,USD
CPSS,Financial Services,Credit Services,186500336,USD
CPT,Real Estate,REIT - Residential,10684204032,USD
CPU.AX,Financial Services,Capital Markets,21030154240,AUD
CQR.AX,Real Estate,REIT - Retail,2394665984,AUD
CR,Industrials,Specialty Industrial Machinery,11095464960,USD
CRAI,Industrials,Consulting Services,1256148224,USD
CRBN.AS,Basic Materials,Specialty Chemicals,1024885440,EUR
CRC,Energy,Oil & Gas E&P,3946830592,USD
CRC.BK,Consumer Cyclical,Department Stores,121826205696,THB
CRCT,Technology,Computer Hardware,1136695168,USD
CRDA.L,Basic Materials,Specialty Chemicals,3985716736,GBp
CRDF,Healthcare,Biotechnology,153674720,USD
CRDO,Technology,Semiconductors,31249924096,USD
CRGY,Energy,Oil & Gas E&P,2174548992,USD
CRH,Basic Materials,Building Materials,79340535808,USD
CRI,Consumer Cyclical,Apparel Retail,1106921728,USD
CRK,Energy,Oil & Gas E&P,5635674624,USD
CRL,Healthcare,Diagnostics & Research,8802447360,USD
CRM,Technology,Software - Application,248795676672,USD
CRMD,Healthcare,Biotechnology,904148096,USD
CRML,Basic Materials,Other Industrial Metals & Mining,1287097600,USD
CRMT,Consumer Cyclical,Auto & Truck Dealerships,181623584,USD
CRN.AX,Basic Materials,Coking Coal,524220544,AUD
CRNC,Technology,Software - Application,478682176,USD
CRNX,Healthcare,Biotechnology,4035441152,USD
CROX,Consumer Cyclical,Footwear & Accessories,4213474816,USD
CRS,Industrials,Metal Fabrication,15480203264,USD
CRSP,Healthcare,Biotechnology,5636197888,USD
CRSR,Technology,Computer Hardware,859959808,USD
CRUS,Technology,Semiconductors,6736835072,USD
CRVL,Financial Services,Insurance Brokers,3751988224,USD
CRVS,Healthcare,Biotechnology,572267840,USD
CRWD,Technology,Software - Infrastructure,138507157504,USD
CSAN3.SA,Energy,Oil & Gas Refining & Marketing,11322661888,BRL
CSCO,Technology,Communication Equipment,293386977280,USD
CSGP,Real Estate,Real Estate Services,29404823552,USD
CSGS,Technology,Software - Infrastructure,2147926528,USD
CSL,Industrials,Building Products & Equipment,13604195328,USD
CSL.AX,Healthcare,Biotechnology,85866946560,AUD
CSNA3.SA,Basic Materials,Steel,12659963904,BRL
CSPI,Technology,Information Technology Services,125929152,USD
CSR,Real Estate,REIT - Residential,1045756608,USD
CSTL,Healthcare,Diagnostics & Research,753925184,USD
CSTM,Basic Materials,Aluminum,2235144704,USD
CSV,Consumer Cyclical,Personal Services,692146304,USD
CSW,Industrials,Specialty Industrial Machinery,4157493248,USD
CSX,Industrials,Railroads,66720370688,USD
CTAS,Industrials,Specialty Business Services,73155805184,USD
CTBI,Financial Services,Banks - Regional,935924800,USD
CTD.AX,Consumer Cyclical,Travel Services,2351454720,AUD
CTEC.L,Healthcare,Medical Instruments & Supplies,4883003392,GBp
CTEV,Healthcare,Health Information Services,1072511744,USD
CTGO,Basic Materials,Gold,316903840,USD
CTKB,Healthcare,Medical Devices,501261696,USD
CTLP,Technology,Software - Infrastructure,775017024,USD
CTO,Real Estate,REIT - Diversified,547091712,USD
CTOS,Industrials,Rental & Leasing Services,1316311168,USD
CTRA,Energy,Oil & Gas E&P,18612983808,USD
CTRE,Real Estate,REIT - Healthcare Facilities,7865173504,USD
CTRI,Utilities,Utilities - Regulated Gas,1789826432,USD
CTRN,Consumer Cyclical,Apparel Retail,303996352,USD
CTS,Technology,Electronic Components,1209742976,USD
CTSH,Technology,Information Technology Services,35102879744,USD
CTT.LS,Industrials,Integrated Freight & Logistics,994295936,EUR
CTVA,Basic Materials,Agricultural Inputs,42144948224,USD
CUBE,Real Estate,REIT - Industrial,8481533440,USD
CUBI,Financial Services,Banks - Regional,2323118336,USD
CURB,Real Estate,REIT - Retail,2459291904,USD
CURI,Communication Services,Broadcasting,243304864,USD
CURV,Consumer Cyclical,Apparel Retail,120982464,USD
CUV.AX,Healthcare,Biotechnology,562248256,AUD
CUZ,Real Estate,REIT - Office,4325755392,USD
CVBF,Financial Services,Banks - Regional,2538427904,USD
CVCB3.SA,Consumer Cyclical,Travel Services,969496896,BRL
CVCO,Consumer Cyclical,Residential Construction,4178972672,USD
CVGW,Consumer Defensive,Food Distribution,396165280,USD
CVI,Energy,Oil & Gas Refining & Marketing,3700531456,USD
CVLG,Industrials,Trucking,505646496,USD
CVLT,Technology,Software - Application,6189524992,USD
CVNA,Consumer Cyclical,Auto & Truck Dealerships,38864994304,USD
CVRX,Healthcare,Medical Devices,270931840,USD
CVS,Healthcare,Healthcare Plans,99574284288,USD
CVX,Energy,Oil & Gas Integrated,307925942272,USD
CW,Industrials,Aerospace & Defense,22673932288,USD
CWAN,Technology,Software - Application,5910524928,USD
CWBC,Financial Services,Banks - Regional,405548544,USD
CWCO,Utilities,Utilities - Regulated Water,549315392,USD
CWEN,Utilities,Utilities - Renewable,6428153856,USD
CWH,Consumer Cyclical,Auto & Truck Dealerships,810372224,USD
CWK,Real Estate,Real Estate Services,3608398848,USD
CWST,Industrials,Waste Management,5633126912,USD
CWT,Utilities,Utilities - Regulated Water,2679822592,USD
CWY.AX,Industrials,Waste Management,5710701568,AUD
CXDO,Communication Services,Telecom Services,214299616,USD
CXM,Technology,Software - Application,1884584448,USD
CXO.AX,Basic Materials,Other Industrial Metals & Mining,359169664,AUD
CXT,Industrials,Specialty Industrial Machinery,3682803712,USD
CXW,Industrials,Security & Protection Services,2018080128,USD
CYH,Healthcare,Medical Care Facilities,533300512,USD
CYRE3.SA,Consumer Cyclical,Residential Construction,11212778496,BRL
CYRX,Industrials,Integrated Freight & Logistics,452605376,USD
CYTK,Healthcare,Biotechnology,7183018496,USD
CZFS,Financial Services,Banks - Regional,260796784,USD
CZNC,Financial Services,Banks - Regional,339357568,USD
CZR,Consumer Cyclical,Resorts & Casinos,4174007552,USD
CZWI,Financial Services,Banks - Regional,158595024,USD
D,Utilities,Utilities - Regulated Electric,49945391104,USD
D01.SI,Consumer Defensive,Grocery Stores,4683631616,USD
D05.SI,Financial Services,Banks - Regional,151826923520,SGD
DAKT,Technology,Electronic Components,937118912,USD
DAL,Industrials,Airlines,38198321152,USD
DAN,Consumer Cyclical,Auto Parts,2406849792,USD
DANSKE.CO,Financial Services,Banks - Regional,237920010240,DKK
DAR,Consumer Defensive,Packaged Foods,5186915840,USD
DASH,Consumer Cyclical,Internet Retail,103402504192,USD
DAVE,Technology,Software - Application,3241178880,USD
DAWN,Healthcare,Biotechnology,748777472,USD
DAY,Technology,Software - Application,10992801792,USD
DBD,Technology,Software - Application,2155884032,USD
DBI,Consumer Cyclical,Footwear & Accessories,184797184,USD
DBRG,Financial Services,Asset Management,2431130368,USD
DBX,Technology,Software - Infrastructure,8014874624,USD
DC,Basic Materials,Gold,456116096,USD
DCC.L,Energy,Oil & Gas Refining & Marketing,4830959616,GBp
DCGO,Healthcare,Medical Care Facilities,100742376,USD
DCI,Industrials,Specialty Industrial Machinery,9785443328,USD
DCO,Industrials,Aerospace & Defense,1393728384,USD
DCOM,Financial Services,Banks - Regional,1160480640,USD
DCTH,Healthcare,Medical Devices,333021536,USD
DD,Basic Materials,Specialty Chemicals,14525281280,USD
DDD,Technology,Computer Hardware,353977056,USD
DDOG,Technology,Software - Application,56524611584,USD
DDS,Consumer Cyclical,Department Stores,9401348096,USD
DE,Industrials,Farm & Heavy Construction Machinery,124875964416,USD
DEA,Real Estate,REIT - Office,1105616896,USD
DEC,Energy,Oil & Gas Integrated,963318592,USD
DECK,Consumer Cyclical,Footwear & Accessories,11822821376,USD
DEI,Real Estate,REIT - Office,2630184704,USD
DELL,Technology,Computer Hardware,107305754624,USD
DELTA.BK,Industrials,Electrical Equipment & Parts,2769187241984,THB
DEMANT.CO,Healthcare,Medical Devices,45627666432,DKK
DENN,Consumer Cyclical,Restaurants,211660864,USD
DERM,Healthcare,Drug Manufacturers - Specialty & Generic,224159888,USD
DFH,Consumer Cyclical,Residential Construction,1779035520,USD
DFIN,Technology,Software - Application,1231320704,USD
DG,Consumer Defensive,Discount Stores,21827915776,USD
DGE.L,Consumer Defensive,Beverages - Wineries & Distilleries,39554330624,GBp
DGICA,Financial Services,Insurance - Property & Casualty,657734656,USD
DGII,Technology,Communication Equipment,1341966976,USD
DGX,Healthcare,Diagnostics & Research,19894583296,USD
DH,Healthcare,Health Information Services,297686528,USD
DHC,Real Estate,REIT - Healthcare Facilities,1067051456,USD
DHER.DE,Consumer Cyclical,Internet Retail,6306179584,EUR
DHI,Consumer Cyclical,Residential Construction,42716565504,USD
DHIL,Financial Services,Asset Management,348902016,USD
DHR,Healthcare,Diagnostics & Research,151201185792,USD
DHT,Energy,Oil & Gas Midstream,2096824320,USD
DIA.MI,Healthcare,Diagnostics & Research,4095143168,EUR
DIM.PA,Healthcare,Medical Instruments & Supplies,19884644352,EUR
DIN,Consumer Cyclical,Restaurants,371718240,USD
DINO,Energy,Oil & Gas Refining & Marketing,9820996608,USD
DIOD,Technology,Semiconductors,2473540096,USD
DIS,Communication Services,Entertainment,201584345088,USD
DJCO,Technology,Software - Application,562361728,USD
DJT,Communication Services,Internet Content & Information,4063645440,USD
DK,Energy,Oil & Gas Refining & Marketing,2339327232,USD
DKNG,Consumer Cyclical,Gambling,15177090048,USD
DKS,Consumer Cyclical,Specialty Retail,19531503616,USD
DLB,Industrials,Specialty Business Services,6361178624,USD
DLR,Real Estate,REIT - Specialty,60135194624,USD
DLTR,Consumer Defensive,Discount Stores,20570157056,USD
DLX,Industrials,Conglomerates,811974080,USD
DMAC,Healthcare,Biotechnology,351484608,USD
DMP.AX,Consumer Cyclical,Restaurants,1809738752,AUD
DMRC,Technology,Software - Application,216163344,USD
DNA,Healthcare,Biotechnology,757164800,USD
DNLI,Healthcare,Biotechnology,2245820416,USD
DNOW,Industrials,Industrial Distribution,1543675904,USD
DNTH,Healthcare,Biotechnology,1354946048,USD
DNUT,Consumer Defensive,Grocery Stores,630016000,USD
DOC,Real Estate,REIT - Healthcare Facilities,12293662720,USD
DOCN,Technology,Software - Infrastructure,3771683584,USD
DOCS,Healthcare,Health Information Services,12539698176,USD
DOCU,Technology,Software - Application,14688644096,USD
DOLE,Consumer Defensive,Farm Products,1210468992,USD
DOMO,Technology,Software - Application,574350976,USD
DORM,Consumer Cyclical,Auto Parts,4082557952,USD
DOUG,Real Estate,Real Estate Services,218221936,USD
DOV,Industrials,Specialty Industrial Machinery,24435218432,USD
DOW,Basic Materials,Chemicals,16511125504,USD
DOW.AX,Industrials,Engineering & Construction,5123272192,AUD
DOX,Technology,Software - Infrastructure,9253626880,USD
DPLM.L,Industrials,Industrial Distribution,7391597056,GBp
DPZ,Consumer Cyclical,Restaurants,13637130240,USD
DRH,Real Estate,REIT - Hotel & Motel,1644593280,USD
DRI,Consumer Cyclical,Restaurants,20653834240,USD
DRR.AX,Basic Materials,Other Industrial Metals & Mining,2100076160,AUD
DRREDDY.NS,Healthcare,Drug Manufacturers - Specialty & Generic,1000480178176,INR
DRS,Industrials,Aerospace & Defense,9741897728,USD
DRUG,Healthcare,Biotechnology,391817664,USD
DRVN,Consumer Cyclical,Auto & Truck Dealerships,2340989440,USD
DSFIR.AS,Basic Materials,Specialty Chemicals,18052939776,EUR
DSGN,Healthcare,Biotechnology,373010240,USD
DSGR,Industrials,Industrial Distribution,1248612480,USD
DSP,Technology,Software - Application,555228992,USD
DSV.CO,Industrials,Integrated Freight & Logistics,324300570624,DKK
DT,Technology,Software - Application,15220034560,USD
DTE,Utilities,Utilities - Regulated Electric,27802523648,USD
DTM,Energy,Oil & Gas Midstream,11415948288,USD
DUK,Utilities,Utilities - Regulated Electric,96168812544,USD
DUOL,Technology,Software - Application,12139597824,USD
DV,Technology,Software - Application,1835910528,USD
DVA,Healthcare,Medical Care Facilities,8404930048,USD
DVAX,Healthcare,Drug Manufacturers - Specialty & Generic,1194955520,USD
DVN,Energy,Oil & Gas E&P,20834136064,USD
DX,Real Estate,REIT - Mortgage,1949792768,USD
DXC,Technology,Information Technology Services,2310757632,USD
DXCM,Healthcare,Medical Devices,23568683008,USD
DXCO3.SA,Basic Materials,Lumber & Wood Production,4254625536,BRL
DXPE,Industrials,Industrial Distribution,1895688448,USD
DXS.AX,Real Estate,REIT - Office,7775814656,AUD
DY,Industrials,Engineering & Construction,8286373888,USD
DYN,Healthcare,Biotechnology,3429978880,USD
EA,Communication Services,Electronic Gaming & Multimedia,49853476864,USD
EAT,Consumer Cyclical,Restaurants,4667499520,USD
EB,Communication Services,Internet Content & Information,230635200,USD
EBAY,Consumer Cyclical,Internet Retail,37412036608,USD
EBC,Financial Services,Banks - Regional,3433417216,USD
EBF,Industrials,Business Equipment & Supplies,435449472,USD
EBMT,Financial Services,Banks - Regional,130256656,USD
EBO.NZ,Healthcare,Medical Distribution,5920789504,NZD
EBS,Healthcare,Drug Manufacturers - Specialty & Generic,550934400,USD
ECBK,Financial Services,Banks - Regional,143507952,USD
ECG,Industrials,Engineering & Construction,4602323456,USD
ECL,Basic Materials,Specialty Chemicals,72919023616,USD
ECMPA.AS,Real Estate,REIT - Retail,1401302528,EUR
ECOR3.SA,Industrials,Infrastructure Operations,5544101376,BRL
ECPG,Financial Services,Credit Services,995259136,USD
ECVT,Basic Materials,Specialty Chemicals,946236672,USD
ED,Utilities,Utilities - Regulated Electric,34853380096,USD
EDIT,Healthcare,Biotechnology,275155680,USD
EDP.LS,Utilities,Utilities - Diversified,18004746240,EUR
EDPR.LS,Utilities,Utilities - Renewable,13600367616,EUR
EDV.AX,Consumer Defensive,Beverages - Wineries & Distilleries,6535944192,AUD
EDV.L,Basic Materials,Gold,7294521856,GBp
EE,Energy,Oil & Gas Midstream,2914413824,USD
EEFT,Technology,Software - Infrastructure,3127072000,USD
EEX,Communication Services,Advertising Agencies,838703168,USD
EFC,Real Estate,REIT - Mortgage,1346569728,USD
EFSC,Financial Services,Banks - Regional,1939001472,USD
EFSI,Financial Services,Banks - Regional,191989312,USD
EFX,Industrials,Consulting Services,25683165184,USD
EG,Financial Services,Insurance - Reinsurance,13158022144,USD
EGAN,Technology,Software - Application,417718944,USD
EGBN,Financial Services,Banks - Regional,510461792,USD
EGCO.BK,Utilities,Utilities - Independent Power Producers,63439032320,THB
EGHT,Technology,Software - Application,253646064,USD
EGIE3.SA,Utilities,Utilities - Renewable,32881887232,BRL
EGL.LS,Industrials,Engineering & Construction,1786013696,EUR
EGO,Basic Materials,Gold,5196501504,USD
EGP,Real Estate,REIT - Industrial,9385626624,USD
EGY,Energy,Oil & Gas E&P,405564640,USD
EHAB,Healthcare,Medical Care Facilities,421237120,USD
EHC,Healthcare,Medical Care Facilities,11678496768,USD
EHTH,Financial Services,Insurance Brokers,158286192,USD
EICHERMOT.NS,Consumer Cyclical,Auto Manufacturers,1900746375168,INR
EIG,Financial Services,Insurance - Specialty,810819840,USD
EIX,Utilities,Utilities - Regulated Electric,20928569344,USD
EL,Consumer Defensive,Household & Personal Products,33603594240,USD
ELA,Consumer Cyclical,Luxury Goods,244333248,USD
ELAN,Healthcare,Drug Manufacturers - Specialty & Generic,11352193024,USD
ELD.AX,Consumer Defensive,Farm Products,1324477312,AUD
ELDN,Healthcare,Biotechnology,261084544,USD
ELE.MC,Utilities,Utilities - Regulated Electric,32808472576,EUR
ELET3.SA,Utilities,Utilities - Renewable,127311757312,BRL
ELET6.SA,Utilities,Utilities - Renewable,127311749120,BRL
ELF,Consumer Defensive,Household & Personal Products,6861519360,USD
ELMD,Healthcare,Medical Devices,201446336,USD
ELME,Real Estate,REIT - Residential,1445842944,USD
ELS,Real Estate,REIT - Residential,12096984064,USD
ELV,Healthcare,Healthcare Plans,69602959360,USD
ELVN,Healthcare,Biotechnology,1184710912,USD
EMBC,Healthcare,Medical Instruments & Supplies,784870336,USD
EMBR3.SA,Industrials,Aerospace & Defense,63812919296,BRL
EME,Industrials,Engineering & Construction,30150705152,USD
EML,Industrials,Tools & Accessories,129707928,USD
EML.AX,Technology,Software - Infrastructure,376113664,AUD
EMN,Basic Materials,Specialty Chemicals,6647648256,USD
EMR,Industrials,Specialty Industrial Machinery,78808883200,USD
ENEL.MI,Utilities,Utilities - Diversified,89375834112,EUR
ENEV3.SA,Utilities,Utilities - Diversified,35997515776,BRL
ENG.MC,Utilities,Utilities - Regulated Gas,3608113408,EUR
ENGI11.SA,Utilities,Utilities - Regulated Electric,23921637376,BRL
ENI.MI,Energy,Oil & Gas Integrated,47019765760,EUR
ENOV,Healthcare,Medical Devices,1793674624,USD
ENPH,Technology,Solar,3861670144,USD
ENR,Industrials,Electrical Equipment & Parts,1587243520,USD
ENS,Industrials,Electrical Equipment & Parts,4706595840,USD
ENSG,Healthcare,Medical Care Facilities,10609904640,USD
ENT.L,Consumer Cyclical,Gambling,4969280512,GBp
ENTA,Healthcare,Biotechnology,312188640,USD
ENTG,Technology,Semiconductor Equipment & Materials,13853207552,USD
ENVA,Financial Services,Credit Services,3036457472,USD
ENVX,Industrials,Electrical Equipment & Parts,2657658624,USD
ENX.PA,Financial Services,Financial Data & Stock Exchanges,12581118976,EUR
EOG,Energy,Oil & Gas E&P,57678741504,USD
EOLS,Healthcare,Drug Manufacturers - Specialty & Generic,413339840,USD
EOSE,Industrials,Electrical Equipment & Parts,4361359872,USD
EP,Energy,Oil & Gas E&P,103179008,USD
EPAC,Industrials,Specialty Industrial Machinery,2177541376,USD
EPAM,Technology,Information Technology Services,9006747648,USD
EPC,Consumer Defensive,Household & Personal Products,892113536,USD
EPM,Energy,Oil & Gas E&P,153381648,USD
EPR,Real Estate,REIT - Specialty,3823006720,USD
EPRT,Real Estate,REIT - Retail,5978834944,USD
EPSN,Energy,Oil & Gas E&P,107425256,USD
EQBK,Financial Services,Banks - Regional,777438912,USD
EQH,Financial Services,Asset Management,14614384640,USD
EQIX,Real Estate,REIT - Specialty,81773297664,USD
EQR,Real Estate,REIT - Residential,23167547392,USD
EQT,Energy,Oil & Gas E&P,34860384256,USD
EQTL3.SA,Utilities,Utilities - Regulated Electric,47121854464,BRL
ERAS,Healthcare,Biotechnology,675134976,USD
ERIE,Financial Services,Insurance Brokers,14920913920,USD
ERII,Industrials,Pollution & Treatment Controls,894264832,USD
ES,Utilities,Utilities - Regulated Electric,27596124160,USD
ESAB,Industrials,Metal Fabrication,6984797184,USD
ESCA,Consumer Cyclical,Leisure,161503808,USD
ESE,Technology,Scientific & Technical Instruments,5735663616,USD
ESI,Basic Materials,Specialty Chemicals,6563038208,USD
ESNT,Financial Services,Insurance - Specialty,6000706048,USD
ESOA,Industrials,Engineering & Construction,187485056,USD
ESPR,Healthcare,Drug Manufacturers - Specialty & Generic,683287360,USD
ESQ,Financial Services,Banks - Regional,810895040,USD
ESRT,Real Estate,REIT - Diversified,2189893120,USD
ESS,Real Estate,REIT - Residential,17565495296,USD
ESTC,Technology,Software - Application,9642098688,USD
ETD,Consumer Cyclical,"Furnishings, Fixtures & Appliances",608422016,USD
ETERNAL.NS,Consumer Cyclical,Internet Retail,2852494770176,INR
ETN,Industrials,Specialty Industrial Machinery,150491709440,USD
ETON,Healthcare,Drug Manufacturers - Specialty & Generic,481642912,USD
ETR,Utilities,Utilities - Regulated Electric,43261841408,USD
ETSY,Consumer Cyclical,Internet Retail,6028963328,USD
EU,Energy,Uranium,537090432,USD
EVC,Communication Services,Advertising Agencies,181042816,USD
EVCM,Technology,Software - Infrastructure,2070203392,USD
EVD.DE,Communication Services,Entertainment,7396129792,EUR
EVER,Communication Services,Internet Content & Information,818253120,USD
EVEX,Industrials,Aerospace & Defense,1242642304,USD
EVGO,Consumer Cyclical,Specialty Retail,1202289536,USD
EVH,Healthcare,Health Information Services,779326016,USD
EVI,Industrials,Industrial Distribution,329747552,USD
EVK.DE,Basic Materials,Specialty Chemicals,6719719936,EUR
EVLV,Industrials,Security & Protection Services,1306375168,USD
EVN.AX,Basic Materials,Gold,21614227456,AUD
EVR,Financial Services,Capital Markets,11587488768,USD
EVRG,Utilities,Utilities - Regulated Electric,17784100864,USD
EVT.AX,Communication Services,Entertainment,2356574976,AUD
EVT.DE,Healthcare,Drug Manufacturers - Specialty & Generic,1248135040,EUR
EVTC,Technology,Software - Infrastructure,1812610176,USD
EW,Healthcare,Medical Devices,48770400256,USD
EWBC,Financial Services,Banks - Regional,13814578176,USD
EWCZ,Consumer Defensive,Household & Personal Products,209840800,USD
EWTX,Healthcare,Biotechnology,1893062400,USD
EXAS,Healthcare,Diagnostics & Research,12680594432,USD
EXC,Utilities,Utilities - Regulated Electric,46661410816,USD
EXE,Energy,Oil & Gas E&P,26217719808,USD
EXEL,Healthcare,Biotechnology,10245849088,USD
EXFY,Technology,Software - Application,149167424,USD
EXLS,Technology,Information Technology Services,6214726656,USD
EXO.AS,Industrials,Farm & Heavy Construction Machinery,24744695808,EUR
EXP,Basic Materials,Building Materials,6598745600,USD
EXPD,Industrials,Integrated Freight & Logistics,16620090368,USD
EXPE,Consumer Cyclical,Travel Services,26674317312,USD
EXPI,Real Estate,Real Estate Services,1573895552,USD
EXPN.L,Industrials,Consulting Services,32547508224,GBp
EXPO,Industrials,Engineering & Construction,3639616768,USD
EXR,Real Estate,REIT - Industrial,29073319936,USD
EXTR,Technology,Communication Equipment,2511233024,USD
EYE,Consumer Cyclical,Specialty Retail,2089200512,USD
EYPT,Healthcare,Biotechnology,1005378240,USD
EZJ.L,Industrials,Airlines,3632918016,GBp
EZTC3.SA,Real Estate,Real Estate - Development,4083312896,BRL
F,Consumer Cyclical,Auto Manufacturers,51838328832,USD
F34.SI,Consumer Defensive,Packaged Foods,20226455552,SGD
FA,Industrials,Specialty Business Services,2147043584,USD
FAF,Financial Services,Insurance - Specialty,6332065792,USD
FANG,Energy,Oil & Gas E&P,40895705088,USD
FAST,Industrials,Industrial Distribution,47115386880,USD
FATE,Healthcare,Biotechnology,145315408,USD
FBIN,Industrials,Building Products & Equipment,6081403904,USD
FBIZ,Financial Services,Banks - Regional,423038784,USD
FBK,Financial Services,Banks - Regional,2895205120,USD
FBK.MI,Financial Services,Banks - Regional,12226816000,EUR
FBLA,Financial Services,Banks - Regional,241819120,USD
FBNC,Financial Services,Banks - Regional,2057514880,USD
FBP,Financial Services,Banks - Regional,3131774720,USD
FBRT,Real Estate,REIT - Mortgage,839201536,USD
FBU.AX,Basic Materials,Building Materials,3117202688,AUD
FBU.NZ,Basic Materials,Building Materials,3590157312,NZD
FC,Consumer Defensive,Education & Training Services,207199456,USD
FCAP,Financial Services,Banks - Regional,144001664,USD
FCBC,Financial Services,Banks - Regional,596150080,USD
FCCO,Financial Services,Banks - Regional,205545520,USD
FCF,Financial Services,Banks - Regional,1612374400,USD
FCFS,Financial Services,Credit Services,7009893376,USD
FCIT.L,Financial Services,Asset Management,5885297152,GBp
FCN,Industrials,Consulting Services,5096713216,USD
FCNCA,Financial Services,Banks - Regional,23336089600,USD
FCPT,Real Estate,REIT - Retail,2557637376,USD
FCX,Basic Materials,Copper,59125178368,USD
FDBC,Financial Services,Banks - Regional,251972800,USD
FDMT,Healthcare,Biotechnology,524001696,USD
FDP,Consumer Defensive,Farm Products,1717025408,USD
FDR.MC,Industrials,Specialty Industrial Machinery,4669430272,EUR
FDS,Financial Services,Financial Data & Stock Exchanges,9900192768,USD
FDX,Industrials,Integrated Freight & Logistics,59694370816,USD
FE,Utilities,Utilities - Regulated Electric,26595721216,USD
FEIM,Technology,Communication Equipment,348048992,USD
FELE,Industrials,Specialty Industrial Machinery,4146141952,USD
FENC,Healthcare,Biotechnology,226636672,USD
FER.MC,Industrials,Engineering & Construction,38640205824,EUR
FERG,Industrials,Industrial Distribution,48516210688,USD
FET,Energy,Oil & Gas Equipment & Services,328367872,USD
FF,Basic Materials,Specialty Chemicals,169518544,USD
FFAI,Consumer Cyclical,Auto Manufacturers,192846160,USD
FFBC,Financial Services,Banks - Regional,2266535936,USD
FFIC,Financial Services,Banks - Regional,481004992,USD
FFIN,Financial Services,Banks - Regional,4398625792,USD
FFIV,Technology,Software - Infrastructure,14365623296,USD
FFWM,Financial Services,Banks - Regional,436800800,USD
FG,Financial Services,Insurance - Life,3914240512,USD
FGR.PA,Industrials,Engineering & Construction,10318195712,EUR
FHB,Financial Services,Banks - Regional,3047213312,USD
FHN,Financial Services,Banks - Regional,10729999360,USD
FHTX,Healthcare,Biotechnology,237991168,USD
FI,Technology,Information Technology Services,35035672576,USD
FIBK,Financial Services,Banks - Regional,3270232064,USD
FICO,Technology,Software - Application,39618273280,USD
FIGS,Consumer Cyclical,Apparel Manufacturing,1249040000,USD
FIHL,Financial Services,Insurance - Diversified,1874929280,USD
FINW,Financial Services,Banks - Regional,262600592,USD
FIP,Industrials,Conglomerates,659389632,USD
FIS,Technology,Information Technology Services,32491948032,USD
FISI,Financial Services,Banks - Regional,584363200,USD
FITB,Financial Services,Banks - Regional,27450208256,USD
FIVE,Consumer Cyclical,Specialty Retail,8737247232,USD
FIVN,Technology,Software - Infrastructure,1879801216,USD
FIX,Industrials,Engineering & Construction,34484330496,USD
FIZZ,Consumer Defensive,Beverages - Non-Alcoholic,3115681792,USD
FLEX,Technology,Electronic Components,23629602816,USD
FLG,Financial Services,Banks - Regional,4691685888,USD
FLGT,Healthcare,Diagnostics & Research,707375040,USD
FLNC,Utilities,Utilities - Renewable,3797953536,USD
FLNG,Energy,Oil & Gas Midstream,1401954944,USD
FLO,Consumer Defensive,Packaged Foods,2508797440,USD
FLOC,Energy,Oil & Gas Equipment & Services,1468887808,USD
FLOW.AS,Financial Services,Capital Markets,1026757696,EUR
FLR,Industrials,Engineering & Construction,7767972864,USD
FLRY3.SA,Healthcare,Diagnostics & Research,7919074816,BRL
FLS,Industrials,Specialty Industrial Machinery,9396704256,USD
FLT.AX,Consumer Cyclical,Travel Services,2635138560,AUD
FLUT,Consumer Cyclical,Gambling,40491966464,USD
FLWS,Consumer Cyclical,Specialty Retail,225380880,USD
FLXS,Consumer Cyclical,"Furnishings, Fixtures & Appliances",184459008,USD
FLYW,Technology,Software - Infrastructure,1642627840,USD
FMAO,Financial Services,Banks - Regional,327386144,USD
FMBH,Financial Services,Banks - Regional,862446080,USD
FMC,Basic Materials,Agricultural Inputs,1772615680,USD
FMG.AX,Basic Materials,Other Industrial Metals & Mining,63776985088,AUD
FMNB,Financial Services,Banks - Regional,491374048,USD
FN,Technology,Electronic Components,15871057920,USD
FNB,Financial Services,Banks - Regional,5637347840,USD
FND,Consumer Cyclical,Home Improvement Retail,6426575360,USD
FNF,Financial Services,Insurance - Specialty,15045277696,USD
FNKO,Consumer Cyclical,Leisure,169624480,USD
FNLC,Financial Services,Banks - Regional,278454912,USD
FNTN.DE,Communication Services,Telecom Services,3175909632,EUR
FNWD,Financial Services,Banks - Regional,148952928,USD
FOA,Financial Services,Credit Services,246070576,USD
FOLD,Healthcare,Biotechnology,2731000576,USD
FOR,Real Estate,Real Estate - Development,1302854144,USD
FORM,Technology,Semiconductor Equipment & Materials,4349241856,USD
FORR,Industrials,Consulting Services,146557440,USD
FOUR,Technology,Software - Infrastructure,6046919680,USD
FOX,Communication Services,Entertainment,26759475200,USD
FOXA,Communication Services,Entertainment,26759475200,USD
FOXF,Consumer Cyclical,Auto Parts,944692608,USD
FPE3.DE,Basic Materials,Specialty Chemicals,4460891136,EUR
FPH.AX,Healthcare,Medical Instruments & Supplies,19110160384,AUD
FPH.NZ,Healthcare,Medical Instruments & Supplies,21935665152,NZD
FPI,Real Estate,REIT - Specialty,443727264,USD
FR,Real Estate,REIT - Industrial,7543254016,USD
FR.PA,Consumer Cyclical,Auto Parts,2933648640,EUR
FRA.DE,Industrials,Airports & Air Services,6920111104,EUR
FRAF,Financial Services,Banks - Regional,203345984,USD
FRBA,Financial Services,Banks - Regional,389097056,USD
FRD,Basic Materials,Steel,157919680,USD
FRE.DE,Healthcare,Medical Care Facilities,27226888192,EUR
FRES.L,Basic Materials,Other Precious Metals & Mining,16195476480,GBp
FRGE,Financial Services,Capital Markets,316950560,USD
FRHC,Financial Services,Financial Conglomerates,9142235136,USD
FRME,Financial Services,Banks - Regional,2067244416,USD
FRPH,Real Estate,Real Estate Services,445245152,USD
FRPT,Consumer Defensive,Packaged Foods,2743867904,USD
FRSH,Technology,Software - Application,3258172672,USD
FRST,Financial Services,Banks - Regional,264434224,USD
FRT,Real Estate,REIT - Retail,8304951296,USD
FRW.NZ,Industrials,Integrated Freight & Logistics,2569417472,NZD
FSBC,Financial Services,Banks - Regional,749781632,USD
FSBW,Financial Services,Banks - Regional,288452416,USD
FSF.NZ,Consumer Defensive,Packaged Foods,896881728,NZD
FSFG,Financial Services,Banks - Regional,208202864,USD
FSLR,Technology,Solar,28512309248,USD
FSLY,Technology,Software - Application,1224894080,USD
FSP,Real Estate,REIT - Office,127539112,USD
FSS,Industrials,Pollution & Treatment Controls,7011836928,USD
FSTR,Industrials,Railroads,285501600,USD
FSUN,Financial Services,Banks - Regional,932389312,USD
FTAI,Industrials,Rental & Leasing Services,17715372032,USD
FTDR,Consumer Cyclical,Personal Services,4769450496,USD
FTI,Energy,Oil & Gas Equipment & Services,17030295552,USD
FTK,Energy,Oil & Gas Equipment & Services,518034304,USD
FTLF,Consumer Defensive,Packaged Foods,181341600,USD
FTNT,Technology,Software - Infrastructure,67063603200,USD
FTRE,Healthcare,Biotechnology,918896000,USD
FTV,Technology,Scientific & Technical Instruments,15912343552,USD
FUBO,Communication Services,Broadcasting,4465390080,USD
FUL,Basic Materials,Specialty Chemicals,3103620352,USD
FULC,Healthcare,Biotechnology,488148352,USD
FULT,Financial Services,Banks - Regional,3172372224,USD
FUN,Consumer Cyclical,Leisure,2299041536,USD
FUNC,Financial Services,Banks - Regional,226742096,USD
FUR.AS,Energy,Oil & Gas Equipment & Services,984154560,EUR
FVCB,Financial Services,Banks - Regional,218880112,USD
FVR,Real Estate,REIT - Diversified,272104480,USD
FWONA,Communication Services,Entertainment,24681779200,USD
FWONK,Communication Services,Entertainment,24681779200,USD
FWRD,Industrials,Integrated Freight & Logistics,554562112,USD
FWRG,Consumer Cyclical,Restaurants,967229952,USD
FXNC,Financial Services,Banks - Regional,202527008,USD
FYBR,Communication Services,Telecom Services,9435238400,USD
G,Technology,Information Technology Services,6643175424,USD
G.MI,Financial Services,Insurance - Diversified,49322266624,EUR
G13.SI,Consumer Cyclical,Resorts & Casinos,8820528128,SGD
G1A.DE,Industrials,Specialty Industrial Machinery,9979001856,EUR
G24.DE,Communication Services,Internet Content & Information,7163775488,EUR
GABC,Financial Services,Banks - Regional,1460740224,USD
GAIA,Communication Services,Entertainment,126802088,USD
GALP.LS,Energy,Oil & Gas Integrated,12609006592,EUR
GAMB,Consumer Cyclical,Gambling,249274304,USD
GAP,Consumer Cyclical,Apparel Retail,8463587328,USD
GATX,Industrials,Rental & Leasing Services,5537707520,USD
GAW.L,Consumer Cyclical,Leisure,5394718208,GBp
GBCI,Financial Services,Banks - Regional,5283415552,USD
GBF.DE,Industrials,Engineering & Construction,3475329280,EUR
GBFH,Financial Services,Banks - Regional,510796000,USD
GBTG,Consumer Cyclical,Travel Services,4060297472,USD
GBX,Industrials,Railroads,1295431040,USD
GCBC,Financial Services,Banks - Regional,379017184,USD
GCI,Communication Services,Publishing,775263104,USD
GCMG,Financial Services,Asset Management,2149120000,USD
GCO,Consumer Cyclical,Apparel Retail,320084352,USD
GCT,Technology,Software - Infrastructure,1056156480,USD
GD,Industrials,Aerospace & Defense,92346073088,USD
GDDY,Technology,Software - Infrastructure,18246819840,USD
GDEN,Consumer Cyclical,Resorts & Casinos,529704224,USD
GDOT,Financial Services,Credit Services,640893568,USD
GDYN,Technology,Information Technology Services,758683008,USD
GE,Industrials,Aerospace & Defense,325536645120,USD
GEF,Consumer Cyclical,Packaging & Containers,2741121024,USD
GEHC,Healthcare,Health Information Services,33922693120,USD
GEN,Technology,Software - Infrastructure,16185040896,USD
GENC,Industrials,Farm & Heavy Construction Machinery,199198176,USD
GENI,Communication Services,Internet Content & Information,2639544064,USD
GEO,Industrials,Security & Protection Services,2379196672,USD
GERN,Healthcare,Biotechnology,765620544,USD
GET.PA,Industrials,Railroads,8685000704,EUR
GETY,Communication Services,Internet Content & Information,813030144,USD
GEV,Industrials,Specialty Industrial Machinery,157707730944,USD
GEVO,Basic Materials,Specialty Chemicals,548974720,USD
GFC.PA,Real Estate,REIT - Office,5958875648,EUR
GFF,Industrials,Building Products & Equipment,3495623424,USD
GFI,Basic Materials,Gold,34129944576,USD
GFS,Technology,Semiconductors,19790288896,USD
GGBR4.SA,Basic Materials,Steel,35127566336,BRL
GGG,Industrials,Specialty Industrial Machinery,13505588224,USD
GH,Healthcare,Diagnostics & Research,12467984384,USD
GHC,Consumer Defensive,Education & Training Services,4521738752,USD
GHM,Industrials,Specialty Industrial Machinery,683577408,USD
GIC,Industrials,Industrial Distribution,1083990400,USD
GIII,Consumer Cyclical,Apparel Manufacturing,1135174016,USD
GILD,Healthcare,Drug Manufacturers - General,151586111488,USD
GIS,Consumer Defensive,Packaged Foods,24766523392,USD
GKOS,Healthcare,Medical Devices,5019222016,USD
GL,Financial Services,Insurance - Life,10582301696,USD
GLDD,Industrials,Engineering & Construction,773786560,USD
GLEN.L,Basic Materials,Other Industrial Metals & Mining,41928704000,GBp
GLIBA,Communication Services,Telecom Services,1040892736,USD
GLIBK,Communication Services,Telecom Services,1040326976,USD
GLNG,Energy,Oil & Gas Midstream,4216806144,USD
GLOB,Technology,Information Technology Services,2677143808,USD
GLPG.AS,Healthcare,Biotechnology,1773183616,EUR
GLPI,Real Estate,REIT - Specialty,12868389888,USD
GLRE,Financial Services,Insurance - Reinsurance,416875456,USD
GLSI,Healthcare,Biotechnology,114903072,USD
GLUE,Healthcare,Biotechnology,745435328,USD
GLW,Technology,Electronic Components,75019034624,USD
GM,Consumer Cyclical,Auto Manufacturers,63639801856,USD
GMAB.CO,Healthcare,Biotechnology,113168179200,DKK
GME,Consumer Cyclical,Specialty Retail,9903261696,USD
GMED,Healthcare,Medical Devices,8265503744,USD
GMG.AX,Real Estate,REIT - Diversified,66268672000,AUD
GMGI,Communication Services,Electronic Gaming & Multimedia,144062624,USD
GMRE,Real Estate,REIT - Healthcare Facilities,829460352,USD
GMT.NZ,Real Estate,REIT - Industrial,3308352512,NZD
GN.CO,Healthcare,Medical Devices,16189796352,DKK
GNC.AX,Consumer Defensive,Farm Products,1958438656,AUD
GNE,Utilities,Utilities - Regulated Electric,392860864,USD
GNE.NZ,Utilities,Utilities - Independent Power Producers,2784974848,NZD
GNK,Industrials,Marine Shipping,719571008,USD
GNL,Real Estate,REIT - Diversified,1688197504,USD
GNRC,Industrials,Specialty Industrial Machinery,9611922432,USD
GNTX,Consumer Cyclical,Auto Parts,5111907328,USD
GNW,Financial Services,Insurance - Life,3468166656,USD
GO,Consumer Defensive,Grocery Stores,1396990976,USD
GOAU4.SA,Basic Materials,Steel,10824693760,BRL
GOCO,Financial Services,Insurance Brokers,109287288,USD
GOGO,Communication Services,Telecom Services,1177766912,USD
GOLF,Consumer Cyclical,Leisure,4480224768,USD
GOOD,Real Estate,REIT - Diversified,535636736,USD
GOOG,Communication Services,Internet Content & Information,3425811824640,USD
GOOGL,Communication Services,Internet Content & Information,3425812086784,USD
GOR.AX,Basic Materials,Gold,3803078144,AUD
GOSS,Healthcare,Biotechnology,547024704,USD
GOZ.AX,Real Estate,REIT - Office,1931015168,AUD
GPC,Consumer Cyclical,Auto Parts,17195448320,USD
GPI,Consumer Cyclical,Auto & Truck Dealerships,4971789824,USD
GPK,Consumer Cyclical,Packaging & Containers,4639254528,USD
GPN,Industrials,Specialty Business Services,18705006592,USD
GPOR,Energy,Oil & Gas E&P,3423833856,USD
GPRE,Basic Materials,Chemicals,654853056,USD
GPSC.BK,Utilities,Utilities - Regulated Electric,112084246528,THB
GPT.AX,Real Estate,REIT - Diversified,10267495424,AUD
GRAL,Healthcare,Diagnostics & Research,3237452800,USD
GRASIM.NS,Basic Materials,Building Materials,1955590045696,INR
GRBK,Consumer Cyclical,Residential Construction,2727610624,USD
GRC,Industrials,Specialty Industrial Machinery,1199076224,USD
GRDN,Healthcare,Medical Care Facilities,1790074240,USD
GRF.MC,Healthcare,Drug Manufacturers - General,6765497344,EUR
GRMN,Technology,Scientific & Technical Instruments,40494166016,USD
GRND,Technology,Software - Application,2630093824,USD
GRNT,Energy,Oil & Gas E&P,696925824,USD
GRPN,Communication Services,Internet Content & Information,871179904,USD
GS,Financial Services,Capital Markets,235599855616,USD
GSAT,Communication Services,Telecom Services,6381772800,USD
GSBC,Financial Services,Banks - Regional,630779840,USD
GSHD,Financial Services,Insurance Brokers,2488830720,USD
GSK,Healthcare,Drug Manufacturers - General,94170480640,USD
GSK.L,Healthcare,Drug Manufacturers - General,72111030272,GBp
GSM,Basic Materials,Other Industrial Metals & Mining,888339200,USD
GT,Consumer Cyclical,Auto Parts,1970860160,USD
GTES,Industrials,Specialty Industrial Machinery,5715744768,USD
GTK.NZ,Technology,Software - Infrastructure,985700928,NZD
GTLB,Technology,Software - Infrastructure,8512247296,USD
GTLS,Industrials,Specialty Industrial Machinery,8961820672,USD
GTM,Technology,Software - Application,3759843328,USD
GTN,Communication Services,Broadcasting,514367136,USD
GTX,Consumer Cyclical,Auto Parts,3366492160,USD
GTY,Real Estate,REIT - Retail,1579280256,USD
GULF.BK,Utilities,Utilities - Independent Power Producers,638678073344,THB
GVA,Industrials,Engineering & Construction,4488956416,USD
GWRE,Technology,Software - Application,19383457792,USD
GWRS,Utilities,Utilities - Regulated Water,275831680,USD
GWW,Industrials,Industrial Distribution,45947875328,USD
GXI.DE,Healthcare,Medical Instruments & Supplies,925412864,EUR
GXO,Industrials,Integrated Freight & Logistics,6337241088,USD
GYRE,Healthcare,Biotechnology,668485056,USD
H,Consumer Cyclical,Lodging,13048979456,USD
H78.SI,Real Estate,Real Estate - Development,13225708544,USD
HAE,Healthcare,Medical Devices,2421870592,USD
HAFC,Financial Services,Banks - Regional,804838720,USD
HAG.DE,Industrials,Aerospace & Defense,10574025728,EUR
HAIN,Consumer Defensive,Packaged Foods,100224960,USD
HAL,Energy,Oil & Gas Equipment & Services,22875412480,USD
HALO,Healthcare,Biotechnology,7743149056,USD
HAPV3.SA,Financial Services,Insurance - Life,15051693056,BRL
HAS,Consumer Cyclical,Leisure,10636638208,USD
HASI,Financial Services,Asset Management,3497873152,USD
HAYW,Industrials,Electrical Equipment & Parts,3589086208,USD
HBAN,Financial Services,Banks - Regional,24058181632,USD
HBB,Consumer Cyclical,"Furnishings, Fixtures & Appliances",185433888,USD
HBCP,Financial Services,Banks - Regional,415717536,USD
HBI,Consumer Cyclical,Apparel Manufacturing,2320942080,USD
HBNC,Financial Services,Banks - Regional,801766400,USD
HBT,Financial Services,Banks - Regional,739593216,USD
HCA,Healthcare,Medical Care Facilities,105325174784,USD
HCAT,Healthcare,Health Information Services,220973184,USD
HCC,Basic Materials,Coking Coal,3653043712,USD
HCI,Financial Services,Insurance - Property & Casualty,2620210944,USD
HCKT,Technology,Information Technology Services,495192384,USD
HCLTECH.NS,Technology,Information Technology Services,4136995913728,INR
HCSG,Healthcare,Medical Care Facilities,1259744512,USD
HD,Consumer Cyclical,Home Improvement Retail,376604524544,USD
HDFCBANK.NS,Financial Services,Banks - Regional,15149849116672,INR
HDFCLIFE.NS,Financial Services,Insurance - Life,1600385581056,INR
HDN.AX,Real Estate,REIT - Retail,2806770688,AUD
HDSN,Basic Materials,Specialty Chemicals,395635424,USD
HE,Utilities,Utilities - Regulated Electric,1997119104,USD
HEI,Industrials,Aerospace & Defense,38027698176,USD
HEIA.AS,Consumer Defensive,Beverages - Brewers,37597261824,EUR
HELE,Consumer Defensive,Household & Personal Products,441462496,USD
HER.MI,Utilities,Utilities - Diversified,5774294528,EUR
HFFG,Consumer Defensive,Food Distribution,114044240,USD
HFG.DE,Consumer Cyclical,Restaurants,1100208000,EUR
HFWA,Financial Services,Banks - Regional,766403520,USD
HG,Financial Services,Insurance - Reinsurance,2310764544,USD
HGH.NZ,Financial Services,Mortgage Finance,1052912000,NZD
HGV,Consumer Cyclical,Resorts & Casinos,3579978496,USD
HHH,Real Estate,Real Estate - Development,4656875008,USD
HI,Industrials,Specialty Industrial Machinery,2229575424,USD
HIFS,Financial Services,Banks - Regional,643970432,USD
HIG,Financial Services,Insurance - Property & Casualty,34745892864,USD
HII,Industrials,Aerospace & Defense,12460724224,USD
HIK.L,Healthcare,Drug Manufacturers - Specialty & Generic,3976335616,GBp
HIMS,Healthcare,Drug Manufacturers - Specialty & Generic,10033009664,USD
HINDALCO.NS,Basic Materials,Aluminum,1859710877696,INR
HINDUNILVR.NS,Consumer Defensive,Household & Personal Products,5761929314304,INR
HIPO,Financial Services,Insurance - Property & Casualty,917027904,USD
HIW,Real Estate,REIT - Office,3193591040,USD
HL,Basic Materials,Other Precious Metals & Mining,8548990976,USD
HLE.DE,Consumer Cyclical,Auto Parts,8766666752,EUR
HLF,Consumer Defensive,Packaged Foods,832062784,USD
HLG.NZ,Consumer Cyclical,Apparel Retail,600665984,NZD
HLI,Financial Services,Capital Markets,12489513984,USD
HLIO,Industrials,Specialty Industrial Machinery,1875844224,USD
HLIT,Technology,Communication Equipment,1213814144,USD
HLLY,Consumer Cyclical,Auto Parts,348244032,USD
HLMA.L,Industrials,Conglomerates,13393301504,GBp
HLMN,Industrials,Tools & Accessories,1834092032,USD
HLN.L,Healthcare,Drug Manufacturers - Specialty & Generic,31687096320,GBp
HLNE,Financial Services,Asset Management,6442697216,USD
HLS.AX,Healthcare,Diagnostics & Research,638955840,AUD
HLT,Consumer Cyclical,Lodging,60221628416,USD
HLX,Energy,Oil & Gas Equipment & Services,1017799936,USD
HMC.AX,Real Estate,REIT - Diversified,1336875008,AUD
HMN,Financial Services,Insurance - Property & Casualty,1800785920,USD
HMPRO.BK,Consumer Cyclical,Home Improvement Retail,80420184064,THB
HNI,Consumer Cyclical,"Furnishings, Fixtures & Appliances",1843697664,USD
HNRG,Energy,Thermal Coal,944504640,USD
HNST,Consumer Defensive,Household & Personal Products,373865472,USD
HNVR,Financial Services,Banks - Regional,159652784,USD
HOG,Consumer Cyclical,Recreational Vehicles,3295297536,USD
HOLX,Healthcare,Medical Instruments & Supplies,16483275776,USD
HOMB,Financial Services,Banks - Regional,5323878400,USD
HON,Industrials,Conglomerates,125561651200,USD
HONE,Financial Services,Banks - Regional,522219040,USD
HOOD,Financial Services,Capital Markets,130706333696,USD
HOPE,Financial Services,Banks - Regional,1353636480,USD
HOT.DE,Industrials,Engineering & Construction,19472527360,EUR
HOUS,Real Estate,Real Estate Services,1141522688,USD
HOV,Consumer Cyclical,Residential Construction,627766592,USD
HP,Energy,Oil & Gas Drilling,2674931456,USD
HPE,Technology,Communication Equipment,32326526976,USD
HPK,Energy,Oil & Gas E&P,793372096,USD
HPP,Real Estate,REIT - Office,1850347776,USD
HPQ,Technology,Computer Hardware,25246296064,USD
HQI,Industrials,Staffing & Employment Services,114914992,USD
HQY,Healthcare,Health Information Services,8168481792,USD
HR,Real Estate,REIT - Healthcare Facilities,6274211328,USD
HRB,Consumer Cyclical,Personal Services,6320511488,USD
HRI,Industrials,Rental & Leasing Services,4536325632,USD
HRL,Consumer Defensive,Packaged Foods,11813966848,USD
HRMY,Healthcare,Biotechnology,1687431168,USD
HROW,Healthcare,Drug Manufacturers - Specialty & Generic,1330596736,USD
HRTG,Financial Services,Insurance - Property & Casualty,720538112,USD
HRTX,Healthcare,Biotechnology,216311008,USD
HSBA.L,Financial Services,Banks - Diversified,183101882368,GBp
HSHP,Industrials,Marine Shipping,352461440,USD
HSIC,Healthcare,Medical Distribution,7838789120,USD
HSII,Industrials,Staffing & Employment Services,1221652352,USD
HST,Real Estate,REIT - Hotel & Motel,11233413120,USD
HSTM,Healthcare,Health Information Services,750515392,USD
HSX.L,Financial Services,Insurance - Property & Casualty,4499482624,GBp
HSY,Consumer Defensive,Confectioners,32914053120,USD
HTB,Financial Services,Banks - Regional,695911232,USD
HTBK,Financial Services,Banks - Regional,648929152,USD
HTH,Financial Services,Financial Conglomerates,2007896320,USD
HTLD,Industrials,Trucking,596817472,USD
HTO,Utilities,Utilities - Regulated Water,1654195072,USD
HTZ,Industrials,Rental & Leasing Services,1535283712,USD
HUB.AX,Financial Services,Capital Markets,9360570368,AUD
HUBB,Industrials,Electrical Equipment & Parts,24851017728,USD
HUBG,Industrials,Integrated Freight & Logistics,2171971584,USD
HUBS,Technology,Software - Application,26060957696,USD
HUM,Healthcare,Healthcare Plans,33666488320,USD
HUMA,Healthcare,Biotechnology,297761408,USD
HUN,Basic Materials,Chemicals,1391754624,USD
HURA,Healthcare,Biotechnology,129802976,USD
HURN,Industrials,Consulting Services,2856911104,USD
HUT,Financial Services,Capital Markets,5804036096,USD
HVN.AX,Consumer Cyclical,Specialty Retail,9083388928,AUD
HVT,Consumer Cyclical,Home Improvement Retail,366756032,USD
HWBK,Financial Services,Banks - Regional,212841936,USD
HWC,Financial Services,Banks - Regional,4891213312,USD
HWDN.L,Consumer Cyclical,"Furnishings, Fixtures & Appliances",4668725248,GBp
HWKN,Basic Materials,Specialty Chemicals,2723669504,USD
HWM,Industrials,Aerospace & Defense,83212853248,USD
HXL,Industrials,Aerospace & Defense,5741971456,USD
HY,Industrials,Farm & Heavy Construction Machinery,631385984,USD
HYLN,Consumer Cyclical,Auto Parts,385960608,USD
HYPE3.SA,Healthcare,Drug Manufacturers - Specialty & Generic,16266584064,BRL
HZO,Consumer Cyclical,Specialty Retail,528862208,USD
IAC,Communication Services,Internet Content & Information,2609920768,USD
IAG,Basic Materials,Gold,6658486784,USD
IAG.AX,Financial Services,Insurance - Property & Casualty,18472110080,AUD
IAG.L,Industrials,Airlines,19456278528,GBp
IAG.MC,Industrials,Airlines,22130884608,EUR
IART,Healthcare,Medical Devices,894980352,USD
IAS,Communication Services,Advertising Agencies,1705347072,USD
IBCP,Financial Services,Banks - Regional,630680064,USD
IBE.MC,Utilities,Utilities - Diversified,118058483712,EUR
IBEX,Technology,Information Technology Services,511483296,USD
IBKR,Financial Services,Capital Markets,124222906368,USD
IBM,Technology,Information Technology Services,284841869312,USD
IBOC,Financial Services,Banks - Regional,4230364416,USD
IBP,Consumer Cyclical,Residential Construction,6512776192,USD
IBRX,Healthcare,Biotechnology,2226021376,USD
IBS.LS,Consumer Cyclical,Restaurants,410753248,EUR
IBTA,Technology,Software - Application,795480256,USD
ICE,Financial Services,Financial Data & Stock Exchanges,83012296704,USD
ICFI,Industrials,Consulting Services,1455701120,USD
ICG.L,Financial Services,Asset Management,5559904256,GBp
ICHR,Technology,Semiconductor Equipment & Materials,786782976,USD
ICICIBANK.NS,Financial Services,Banks - Regional,9552056549376,INR
ICUI,Healthcare,Medical Instruments & Supplies,3032886784,USD
IDA,Utilities,Utilities - Regulated Electric,7005341696,USD
IDCC,Technology,Software - Application,10208744448,USD
IDR,Basic Materials,Gold,486036000,USD
IDR.MC,Technology,Information Technology Services,8850593792,EUR
IDT,Communication Services,Telecom Services,1281710848,USD
IDXX,Healthcare,Diagnostics & Research,57838596096,USD
IDYA,Healthcare,Biotechnology,2748506112,USD
IE,Basic Materials,Copper,1943337600,USD
IEL.AX,Consumer Defensive,Education & Training Services,1558611584,AUD
IESC,Industrials,Engineering & Construction,7854028800,USD
IEX,Industrials,Specialty Industrial Machinery,12593418240,USD
IFF,Basic Materials,Specialty Chemicals,15910302720,USD
IFL.AX,Financial Services,Asset Management,3044056576,AUD
IFT.NZ,Industrials,Conglomerates,12305318912,NZD
IG.MI,Utilities,Utilities - Regulated Gas,9451858944,EUR
IGO.AX,Basic Materials,Other Industrial Metals & Mining,4043157248,AUD
IHG.L,Consumer Cyclical,Lodging,14060616704,GBp
IHRT,Communication Services,Broadcasting,397331232,USD
III,Technology,Information Technology Services,292546496,USD
III.L,Financial Services,Asset Management,43009437696,GBp
IIIN,Industrials,Metal Fabrication,605793600,USD
IIIV,Technology,Software - Infrastructure,989896448,USD
IIPR,Real Estate,REIT - Industrial,1386843520,USD
IKT,Healthcare,Biotechnology,119226616,USD
ILLR,Technology,Software - Application,85981408,USD
ILMN,Healthcare,Diagnostics & Research,18334472192,USD
ILPT,Real Estate,REIT - Industrial,357293504,USD
ILU.AX,Basic Materials,Other Industrial Metals & Mining,2897306112,AUD
IMAX,Communication Services,Entertainment,1755459328,USD
IMB.L,Consumer Defensive,Tobacco,24514394112,GBp
IMCD.AS,Basic Materials,Specialty Chemicals,5263419904,EUR
IMI.L,Industrials,Specialty Industrial Machinery,5761134592,GBp
IMKTA,Consumer Defensive,Grocery Stores,1359617408,USD
IMMR,Technology,Software - Application,215436272,USD
IMNM,Healthcare,Biotechnology,1479765120,USD
IMU.AX,Healthcare,Biotechnology,109779352,AUD
IMVT,Healthcare,Biotechnology,4145254656,USD
IMXI,Technology,Software - Infrastructure,443182944,USD
INA.AX,Real Estate,REIT - Residential,2266162944,AUD
INBK,Financial Services,Banks - Regional,160146656,USD
INBX,Healthcare,Biotechnology,1179692672,USD
INCY,Healthcare,Biotechnology,19940497408,USD
INDB,Financial Services,Banks - Regional,3373089792,USD
INDI,Technology,Semiconductor Equipment & Materials,1020557568,USD
INDIGO.NS,Industrials,Airlines,2179201630208,INR
INDV,Healthcare,Drug Manufacturers - Specialty & Generic,3895441664,USD
INF.L,Communication Services,Publishing,12480661504,GBp
INFA,Technology,Software - Infrastructure,7572437504,USD
INFY.NS,Technology,Information Technology Services,6084900683776,INR
ING.AX,Consumer Defensive,Farm Products,899464640,AUD
INGA.AS,Financial Services,Banks - Diversified,63703117824,EUR
INGM,Technology,Information Technology Services,5340850688,USD
INGN,Healthcare,Medical Devices,222001600,USD
INGR,Consumer Defensive,Packaged Foods,7324964352,USD
INMB,Healthcare,Biotechnology,47853464,USD
INN,Real Estate,REIT - Hotel & Motel,567981824,USD
INNV,Healthcare,Medical Care Facilities,643129920,USD
INOD,Technology,Information Technology Services,2307533824,USD
INPST.AS,Industrials,Specialty Business Services,5377181696,EUR
INR,Energy,Oil & Gas E&P,180412000,USD
INSE,Consumer Cyclical,Gambling,202980608,USD
INSG,Technology,Communication Equipment,248116224,USD
INSM,Healthcare,Biotechnology,39717916672,USD
INSP,Healthcare,Medical Devices,2179922688,USD
INSW,Energy,Oil & Gas Midstream,2489047552,USD
INTA,Technology,Software - Application,3107910912,USD
INTC,Technology,Semiconductors,188257009664,USD
INTU,Technology,Software - Application,188525150208,USD
INVA,Healthcare,Biotechnology,1141310592,USD
INVH,Real Estate,REIT - Residential,17385265152,USD
INVX,Energy,Oil & Gas Equipment & Services,1404470272,USD
INW.MI,Real Estate,Real Estate Services,8571927040,EUR
IONQ,Technology,Computer Hardware,20289800192,USD
IONS,Healthcare,Biotechnology,11929414656,USD
IOSP,Basic Materials,Specialty Chemicals,1828962304,USD
IOT,Technology,Software - Infrastructure,23226466304,USD
IOVA,Healthcare,Biotechnology,705615104,USD
IP,Consumer Cyclical,Packaging & Containers,19498379264,USD
IP.MI,Industrials,Specialty Industrial Machinery,4707440128,EUR
IPAR,Consumer Defensive,Household & Personal Products,2909212160,USD
IPG,Communication Services,Advertising Agencies,9160323072,USD
IPGP,Technology,Semiconductor Equipment & Materials,3626691072,USD
IPH.AX,Industrials,Specialty Business Services,996241280,AUD
IPI,Basic Materials,Agricultural Inputs,349945824,USD
IPL.NZ,Real Estate,REIT - Retail,485246016,NZD
IQV,Healthcare,Diagnostics & Research,36423766016,USD
IR,Industrials,Specialty Industrial Machinery,30028390400,USD
IRBR3.SA,Financial Services,Insurance - Reinsurance,4085596928,BRL
IRDM,Communication Services,Telecom Services,1916845824,USD
IRE.AX,Technology,Software - Application,1682973184,AUD
IRM,Real Estate,REIT - Specialty,30618748928,USD
IRMD,Healthcare,Medical Devices,1069879360,USD
IRON,Healthcare,Biotechnology,3166104576,USD
IRT,Real Estate,REIT - Residential,3920873984,USD
IRTC,Healthcare,Medical Devices,5960541696,USD
IRWD,Healthcare,Drug Manufacturers - Specialty & Generic,302127488,USD
ISP.MI,Financial Services,Banks - Regional,96738828288,EUR
ISPR,Consumer Defensive,Tobacco,97945160,USD
ISRG,Healthcare,Medical Instruments & Supplies,192920305664,USD
ISS.CO,Industrials,Specialty Business Services,33850769408,DKK
ISTR,Financial Services,Banks - Regional,231399536,USD
IT,Technology,Information Technology Services,18624946176,USD
ITC.NS,Consumer Defensive,Tobacco,5201832443904,INR
ITGR,Healthcare,Medical Devices,2345121792,USD
ITIC,Financial Services,Insurance - Specialty,493902624,USD
ITRI,Technology,Scientific & Technical Instruments,4892044288,USD
ITRK.L,Industrials,Specialty Business Services,7854106112,GBp
ITSA4.SA,Industrials,Conglomerates,129442283520,BRL
ITT,Industrials,Specialty Industrial Machinery,14472119296,USD
ITUB4.SA,Financial Services,Banks - Regional,406191898624,BRL
ITW,Industrials,Specialty Industrial Machinery,70532014080,USD
ITX.MC,Consumer Cyclical,Apparel Retail,147701678080,EUR
IVG.MI,Industrials,Farm & Heavy Construction Machinery,4916761600,EUR
IVL.BK,Basic Materials,Chemicals,101061935104,THB
IVR,Real Estate,REIT - Mortgage,534929568,USD
IVT,Real Estate,REIT - Retail,2139966208,USD
IVZ,Financial Services,Asset Management,10495458304,USD
J,Industrials,Engineering & Construction,18438500352,USD
J36.SI,Industrials,Conglomerates,18374066176,USD
J69U.SI,Real Estate,REIT - Retail,4639692800,SGD
JACK,Consumer Cyclical,Restaurants,301931424,USD
JAKK,Consumer Cyclical,Leisure,188877312,USD
JAMF,Technology,Software - Application,1713240704,USD
JANX,Healthcare,Biotechnology,1644770944,USD
JAZZ,Healthcare,Biotechnology,8393966080,USD
JBGS,Real Estate,REIT - Office,1167506048,USD
JBH.AX,Consumer Cyclical,Specialty Retail,11231464448,AUD
JBHT,Industrials,Integrated Freight & Logistics,16163313664,USD
JBI,Industrials,Building Products & Equipment,1336138240,USD
JBIO,Healthcare,Biotechnology,435571680,USD
JBL,Technology,Electronic Components,23537332224,USD
JBLU,Industrials,Airlines,1520310784,USD
JBSS,Consumer Defensive,Packaged Foods,746164160,USD
JBTM,Industrials,Specialty Industrial Machinery,6476550656,USD
JCAP,Financial Services,Credit Services,1118130432,USD
JCI,Industrials,Building Products & Equipment,74063339520,USD
JD.L,Consumer Cyclical,Apparel Retail,4533042688,GBp
JDEP.AS,Consumer Defensive,Packaged Foods,15333962752,EUR
JEF,Financial Services,Capital Markets,10914289664,USD
JELD,Industrials,Building Products & Equipment,358693376,USD
JEN.DE,Technology,Electronic Components,1106186880,EUR
JHG,Financial Services,Asset Management,6708910592,USD
JHSF3.SA,Real Estate,Real Estate - Development,4412524032,BRL
JHX,Basic Materials,Building Materials,11845709824,USD
JHX.AX,Basic Materials,Building Materials,17778122752,AUD
JILL,Consumer Cyclical,Apparel Retail,232984128,USD
JIOFIN.NS,Financial Services,Asset Management,1918013407232,INR
JJSF,Consumer Defensive,Packaged Foods,1654950528,USD
JKHY,Technology,Information Technology Services,10945559552,USD
JLL,Real Estate,Real Estate Services,14217211904,USD
JMSB,Financial Services,Banks - Regional,270261024,USD
JMT.LS,Consumer Defensive,Food Distribution,13761715200,EUR
JNJ,Healthcare,Drug Manufacturers - General,448755302400,USD
JOBY,Industrials,Airports & Air Services,14542042112,USD
JOE,Real Estate,Real Estate - Diversified,3391336192,USD
JOUT,Consumer Cyclical,Leisure,416757536,USD
JPM,Financial Services,Banks - Diversified,842112630784,USD
JRVR,Financial Services,Insurance - Specialty,237419376,USD
JSWSTEEL.NS,Basic Materials,Steel,2912308428800,INR
JUN3.DE,Industrials,Specialty Industrial Machinery,3062930432,EUR
JXN,Financial Services,Insurance - Life,6939374592,USD
JYNT,Healthcare,Medical Care Facilities,119457240,USD
JYSK.CO,Financial Services,Banks - Regional,45073891328,DKK
K,Consumer Defensive,Packaged Foods,28899284992,USD
KAI,Industrials,Specialty Industrial Machinery,3260120576,USD
KALU,Basic Materials,Aluminum,1512205568,USD
KALV,Healthcare,Biotechnology,545651328,USD
KAR,Consumer Cyclical,Auto & Truck Dealerships,2826613760,USD
KBANK.BK,Financial Services,Banks - Regional,438325608448,THB
KBH,Consumer Cyclical,Residential Construction,3953883904,USD
KBR,Industrials,Engineering & Construction,5289118208,USD
KBX.DE,Consumer Cyclical,Auto Parts,12855700480,EUR
KCE.BK,Technology,Electronic Components,30143258624,THB
KD,Technology,Information Technology Services,6645389312,USD
KDP,Consumer Defensive,Beverages - Non-Alcoholic,36192653312,USD
KE,Industrials,Electrical Equipment & Parts,709425664,USD
KELYA,Industrials,Staffing & Employment Services,396308320,USD
KEX,Industrials,Marine Shipping,5822729728,USD
KEY,Financial Services,Banks - Regional,19521179648,USD
KEYS,Technology,Scientific & Technical Instruments,31996196864,USD
KFRC,Industrials,Staffing & Employment Services,456419488,USD
KFS,Consumer Cyclical,Auto & Truck Dealerships,408270112,USD
KFY,Industrials,Staffing & Employment Services,3367692288,USD
KG,Financial Services,Insurance Brokers,175819520,USD
KGC,Basic Materials,Gold,28607053824,USD
KGEI,Energy,Oil & Gas E&P,150423712,USD
KGF.L,Consumer Cyclical,Home Improvement Retail,5312089600,GBp
KGS,Energy,Oil & Gas Equipment & Services,3184764928,USD
KGX.DE,Industrials,Farm & Heavy Construction Machinery,8221522944,EUR
KHC,Consumer Defensive,Packaged Foods,28798339072,USD
KIDS,Healthcare,Medical Devices,411518976,USD
KIM,Real Estate,REIT - Retail,13794465792,USD
KINS,Financial Services,Insurance - Property & Casualty,210836400,USD
KKP.BK,Financial Services,Banks - Regional,53442400256,THB
KKR,Financial Services,Asset Management,108868599808,USD
KLAC,Technology,Semiconductor Equipment & Materials,160185647104,USD
KLBN11.SA,Basic Materials,Paper & Paper Products,127766978560,BRL
KLC,Consumer Defensive,Education & Training Services,712282304,USD
KLIC,Technology,Semiconductor Equipment & Materials,2097293184,USD
KLS.AX,Industrials,Railroads,1322667264,AUD
KLTR,Technology,Software - Application,234827056,USD
KMB,Consumer Defensive,Household & Personal Products,33939161088,USD
KMD.NZ,Consumer Cyclical,Apparel Manufacturing,199266896,NZD
KMI,Energy,Oil & Gas Midstream,58021748736,USD
KMPR,Financial Services,Insurance - Property & Casualty,2735585024,USD
KMT,Industrials,Tools & Accessories,1690981888,USD
KMTS,Healthcare,Medical Instruments & Supplies,1350280448,USD
KMX,Consumer Cyclical,Auto & Truck Dealerships,6070574080,USD
KN,Technology,Electronic Components,2014693632,USD
KNF,Basic Materials,Building Materials,3462747136,USD
KNSL,Financial Services,Insurance - Property & Casualty,9036678144,USD
KNTK,Energy,Oil & Gas Midstream,2336646144,USD
KNX,Industrials,Trucking,7123436032,USD
KO,Consumer Defensive,Beverages - Non-Alcoholic,292380377088,USD
KOD,Healthcare,Biotechnology,980370496,USD
KODK,Industrials,Specialty Business Services,491944448,USD
KOP,Basic Materials,Specialty Chemicals,555386432,USD
KOPN,Technology,Electronic Components,596290432,USD
KOS,Energy,Oil & Gas E&P,707815936,USD
KOTAKBANK.NS,Financial Services,Banks - Regional,4169283141632,INR
KPG.NZ,Real Estate,REIT - Diversified,1797101568,NZD
KPN.AS,Communication Services,Telecom Services,15378427904,EUR
KR,Consumer Defensive,Grocery Stores,42040303616,USD
KRC,Real Estate,REIT - Office,5048221696,USD
KREF,Real Estate,REIT - Mortgage,527838784,USD
KRG,Real Estate,REIT - Retail,4885317120,USD
KRMD,Healthcare,Medical Instruments & Supplies,177542224,USD
KRMN,Industrials,Aerospace & Defense,11517344768,USD
KRN.DE,Industrials,Specialty Industrial Machinery,3897110528,EUR
KRNY,Financial Services,Banks - Regional,414976992,USD
KRO,Basic Materials,Specialty Chemicals,543050688,USD
KROS,Healthcare,Biotechnology,463693568,USD
KRRO,Healthcare,Biotechnology,345773056,USD
KRT,Consumer Cyclical,Packaging & Containers,481221536,USD
KRUS,Consumer Cyclical,Restaurants,653556480,USD
KRYS,Healthcare,Biotechnology,5726368768,USD
KSS,Consumer Cyclical,Department Stores,1838024704,USD
KTB,Consumer Cyclical,Apparel Manufacturing,4081927168,USD
KTB.BK,Financial Services,Banks - Regional,387835691008,THB
KTC.BK,Financial Services,Credit Services,73482518528,THB
KTOS,Industrials,Aerospace & Defense,15377178624,USD
KULR,Technology,Electronic Components,149819088,USD
KURA,Healthcare,Biotechnology,848008512,USD
KVUE,Consumer Defensive,Household & Personal Products,30921043968,USD
KW,Real Estate,Real Estate Services,1023216448,USD
KWR,Basic Materials,Specialty Chemicals,2307958784,USD
KYMR,Healthcare,Biotechnology,4269836800,USD
L,Financial Services,Insurance - Property & Casualty,20622331904,USD
LAB,Healthcare,Medical Devices,473673920,USD
LAD,Consumer Cyclical,Auto & Truck Dealerships,7473859584,USD
LADR,Real Estate,REIT - Mortgage,1348333568,USD
LAKE,Consumer Cyclical,Apparel Manufacturing,155331120,USD
LAMR,Real Estate,REIT - Specialty,12097656832,USD
LAND,Real Estate,REIT - Specialty,331451456,USD
LAND.L,Real Estate,REIT - Diversified,4705348608,GBp
LARK,Financial Services,Banks - Regional,147505216,USD
LASR,Technology,Semiconductors,1616243456,USD
LAUR,Consumer Defensive,Education & Training Services,4314969088,USD
LAW,Technology,Software - Application,380329760,USD
LAZ,Financial Services,Capital Markets,4585444864,USD
LAZR,Consumer Cyclical,Auto Parts,93519664,USD
LBRDA,Communication Services,Telecom Services,7363901952,USD
LBRDK,Communication Services,Telecom Services,7363900928,USD
LBRT,Energy,Oil & Gas Equipment & Services,2975332864,USD
LBTYA,Communication Services,Telecom Services,3686874368,USD
LBTYK,Communication Services,Telecom Services,3686874112,USD
LC,Financial Services,Banks - Regional,2026999296,USD
LCID,Consumer Cyclical,Auto Manufacturers,5113472000,USD
LCII,Consumer Cyclical,Recreational Vehicles,2587251200,USD
LCNB,Financial Services,Banks - Regional,221021056,USD
LDI,Financial Services,Mortgage Finance,976231552,USD
LDO.MI,Industrials,Aerospace & Defense,29520377856,EUR
LDOS,Technology,Information Technology Services,24767799296,USD
LE,Consumer Cyclical,Apparel Retail,467516864,USD
LEA,Consumer Cyclical,Auto Parts,5612352512,USD
LECO,Industrials,Tools & Accessories,12756168704,USD
LEG,Consumer Cyclical,"Furnishings, Fixtures & Appliances",1217572224,USD
LEG.DE,Real Estate,Real Estate Services,5239215616,EUR
LEGH,Consumer Cyclical,Residential Construction,529647072,USD
LEN,Consumer Cyclical,Residential Construction,30571243520,USD
LENZ,Healthcare,Biotechnology,845461504,USD
LEU,Energy,Uranium,6245107712,USD
LFCR,Healthcare,Drug Manufacturers - Specialty & Generic,266385760,USD
LFMD,Healthcare,Health Information Services,272175808,USD
LFST,Healthcare,Medical Care Facilities,1913566976,USD
LFT,Real Estate,REIT - Mortgage,80605208,USD
LFUS,Technology,Electronic Components,6207990784,USD
LFVN,Consumer Defensive,Packaged Foods,93152008,USD
LGEN.L,Financial Services,Asset Management,13439517696,GBp
LGIH,Consumer Cyclical,Residential Construction,939096768,USD
LGND,Healthcare,Biotechnology,3728133376,USD
LH,Healthcare,Diagnostics & Research,21374935040,USD
LH.BK,Real Estate,Real Estate - Development,45169917952,THB
LHA.DE,Industrials,Airlines,9399411712,EUR
LHX,Industrials,Aerospace & Defense,53981581312,USD
LI.PA,Real Estate,REIT - Retail,9494060032,EUR
LIC.AX,Real Estate,Real Estate - Diversified,635483072,AUD
LIF,Technology,Software - Application,7702131712,USD
LII,Industrials,Building Products & Equipment,17321746432,USD
LILA,Communication Services,Telecom Services,1578969600,USD
LILAK,Communication Services,Telecom Services,1579970688,USD
LIN,Basic Materials,Specialty Chemicals,192467009536,USD
LINC,Consumer Defensive,Education & Training Services,586205248,USD
LIND,Consumer Cyclical,Travel Services,668427648,USD
LINE,Real Estate,REIT - Industrial,9824525312,USD
LITE,Technology,Communication Equipment,14152735744,USD
LIVN,Healthcare,Medical Devices,2870924544,USD
LKE.AX,Basic Materials,Other Industrial Metals & Mining,78996960,AUD
LKFN,Financial Services,Banks - Regional,1470199680,USD
LKQ,Consumer Cyclical,Auto Parts,7787765248,USD
LLC.AX,Real Estate,Real Estate - Diversified,3847085056,AUD
LLOY.L,Financial Services,Banks - Regional,51978027008,GBp
LLY,Healthcare,Drug Manufacturers - General,802411184128,USD
LLYVA,Communication Services,Entertainment,8270740480,USD
LLYVK,Communication Services,Entertainment,8281951232,USD
LMAT,Healthcare,Medical Instruments & Supplies,1967653376,USD
LMB,Industrials,Building Products & Equipment,1086525696,USD
LMND,Financial Services,Insurance - Property & Casualty,4546970112,USD
LMNR,Consumer Defensive,Farm Products,251051760,USD
LMP.L,Real Estate,REIT - Industrial,4483994624,GBp
LMT,Industrials,Aerospace & Defense,112908238848,USD
LNC,Financial Services,Insurance - Life,7711525376,USD
LNG,Energy,Oil & Gas Midstream,45115363328,USD
LNKB,Financial Services,Banks - Regional,262129168,USD
LNN,Industrials,Farm & Heavy Construction Machinery,1211909376,USD
LNSR,Healthcare,Medical Devices,149184800,USD
LNT,Utilities,Utilities - Regulated Electric,17086352384,USD
LNTH,Healthcare,Drug Manufacturers - Specialty & Generic,3863427584,USD
LNW,Consumer Cyclical,Gambling,6180148224,USD
LOAR,Industrials,Aerospace & Defense,7291317760,USD
LOB,Financial Services,Banks - Regional,1448582784,USD
LOCO,Consumer Cyclical,Restaurants,308535840,USD
LOG.MC,Industrials,Integrated Freight & Logistics,3812274432,EUR
LOPE,Consumer Defensive,Education & Training Services,5147261952,USD
LOVE,Consumer Cyclical,"Furnishings, Fixtures & Appliances",204252112,USD
LOW,Consumer Cyclical,Home Improvement Retail,132152778752,USD
LPG,Energy,Oil & Gas Midstream,1258960768,USD
LPLA,Financial Services,Capital Markets,30329399296,USD
LPRO,Financial Services,Credit Services,213892176,USD
LPX,Industrials,Building Products & Equipment,5993997312,USD
LQDA,Healthcare,Biotechnology,2194025984,USD
LQDT,Consumer Cyclical,Internet Retail,737191808,USD
LRCX,Technology,Semiconductor Equipment & Materials,202522279936,USD
LREN3.SA,Consumer Cyclical,Department Stores,14569558016,BRL
LRMR,Healthcare,Biotechnology,332090720,USD
LRN,Consumer Defensive,Education & Training Services,3143786496,USD
LSCC,Technology,Semiconductors,9968735232,USD
LSEG.L,Financial Services,Financial Data & Stock Exchanges,49454809088,GBp
LSTR,Industrials,Integrated Freight & Logistics,4321250816,USD
LT.NS,Industrials,Engineering & Construction,5466681769984,INR
LTBR,Industrials,Electrical Equipment & Parts,739440512,USD
LTC,Real Estate,REIT - Healthcare Facilities,1630250624,USD
LTH,Consumer Cyclical,Leisure,5471303168,USD
LTR.AX,Basic Materials,Other Industrial Metals & Mining,3335340544,AUD
LUCD,Healthcare,Medical Devices,158078352,USD
LULU,Consumer Cyclical,Apparel Retail,19622948864,USD
LUMN,Communication Services,Telecom Services,12133364736,USD
LUNG,Healthcare,Medical Devices,74566200,USD
LUNR,Industrials,Aerospace & Defense,1364350080,USD
LUV,Industrials,Airlines,15737028608,USD
LVS,Consumer Cyclical,Resorts & Casinos,41737781248,USD
LVWR,Consumer Cyclical,Auto Manufacturers,1049248064,USD
LW,Consumer Defensive,Packaged Foods,8745761792,USD
LWAY,Consumer Defensive,Packaged Foods,367470048,USD
LWSA3.SA,Technology,Software - Infrastructure,2115790080,BRL
LXEO,Healthcare,Biotechnology,650608512,USD
LXFR,Industrials,Specialty Industrial Machinery,332148384,USD
LXP,Real Estate,REIT - Industrial,2821876992,USD
LXS.DE,Basic Materials,Specialty Chemicals,1745543040,EUR
LXU,Basic Materials,Chemicals,607211520,USD
LYB,Basic Materials,Specialty Chemicals,14893062144,USD
LYC.AX,Basic Materials,Other Industrial Metals & Mining,15163047936,AUD
LYFT,Technology,Software - Application,8514949632,USD
LYTS,Technology,Electronic Components,713462272,USD
LYV,Communication Services,Entertainment,34755403776,USD
LZ,Industrials,Specialty Business Services,1818716288,USD
LZB,Consumer Cyclical,"Furnishings, Fixtures & Appliances",1295967616,USD
LZM,Basic Materials,Other Industrial Metals & Mining,368724960,USD
M,Consumer Cyclical,Department Stores,5354004992,USD
M&M.NS,Consumer Cyclical,Auto Manufacturers,4297605775360,INR
M44U.SI,Real Estate,REIT - Industrial,6723988480,SGD
MA,Financial Services,Credit Services,488572616704,USD
MAA,Real Estate,REIT - Residential,15313808384,USD
MAC,Real Estate,REIT - Retail,4590921216,USD
MAGN,Basic Materials,Paper & Paper Products,313992000,USD
MAMA,Consumer Defensive,Packaged Foods,435765248,USD
MAN,Industrials,Staffing & Employment Services,1393082112,USD
MANH,Technology,Software - Application,10940487680,USD
MAP.MC,Financial Services,Insurance - Diversified,11902520320,EUR
MAPS,Technology,Software - Application,176151008,USD
MAR,Consumer Cyclical,Lodging,71635009536,USD
MARA,Financial Services,Capital Markets,6597854720,USD
MARUTI.NS,Consumer Cyclical,Auto Manufacturers,4998853296128,INR
MAS,Industrials,Building Products & Equipment,13230211072,USD
MASI,Healthcare,Medical Devices,7874925056,USD
MASS,Healthcare,Medical Devices,286159552,USD
MAT,Consumer Cyclical,Leisure,5731152384,USD
MATV,Basic Materials,Specialty Chemicals,571327808,USD
MATW,Industrials,Conglomerates,721430912,USD
MATX,Industrials,Marine Shipping,3177630208,USD
MAX,Communication Services,Internet Content & Information,870054912,USD
MAXHEALTH.NS,Healthcare,Medical Care Facilities,1108580892672,INR
MAZE,Healthcare,Biotechnology,1598075648,USD
MB.MI,Financial Services,Banks - Regional,13333823488,EUR
MBC,Consumer Cyclical,"Furnishings, Fixtures & Appliances",1577899392,USD
MBCN,Financial Services,Banks - Regional,265896816,USD
MBI,Financial Services,Insurance - Specialty,341808768,USD
MBIN,Financial Services,Banks - Regional,1439315968,USD
MBUU,Consumer Cyclical,Recreational Vehicles,524693504,USD
MBWM,Financial Services,Banks - Regional,720682112,USD
MBX,Healthcare,Biotechnology,921586368,USD
MC,Financial Services,Capital Markets,4691518976,USD
MCB,Financial Services,Banks - Regional,693324480,USD
MCBS,Financial Services,Banks - Regional,657852352,USD
MCD,Consumer Cyclical,Restaurants,211490930688,USD
MCFT,Consumer Cyclical,Recreational Vehicles,324571648,USD
MCHB,Financial Services,Banks - Regional,3040716032,USD
MCHP,Technology,Semiconductors,33681408000,USD
MCK,Healthcare,Medical Distribution,102031269888,USD
MCO,Financial Services,Financial Data & Stock Exchanges,86693478400,USD
MCRI,Consumer Cyclical,Resorts & Casinos,1645628800,USD
MCS,Communication Services,Entertainment,447806560,USD
MCW,Consumer Cyclical,Auto & Truck Dealerships,1778696320,USD
MCY,Financial Services,Insurance - Property & Casualty,4222275328,USD
MCY.NZ,Utilities,Utilities - Renewable,9297575936,NZD
MD,Healthcare,Medical Care Facilities,1810295296,USD
MDB,Technology,Software - Infrastructure,30024761344,USD
MDGL,Healthcare,Biotechnology,9190875136,USD
MDLZ,Consumer Defensive,Confectioners,73098813440,USD
MDT,Healthcare,Medical Devices,115691962368,USD
MDU,Utilities,Utilities - Regulated Gas,3964024576,USD
MDV,Real Estate,REIT - Industrial,146990656,USD
MDWD,Healthcare,Biotechnology,234888656,USD
MDXG,Healthcare,Biotechnology,1113728256,USD
ME8U.SI,Real Estate,REIT - Industrial,5990407168,SGD
MEC,Industrials,Metal Fabrication,358812768,USD
MED,Consumer Cyclical,Personal Services,130573840,USD
MEDP,Healthcare,Diagnostics & Research,16732488704,USD
MEG,Industrials,Waste Management,885690944,USD
MEI,Technology,Electronic Components,238420064,USD
MEL.NZ,Utilities,Utilities - Renewable,15861233664,NZD
MELI,Consumer Cyclical,Internet Retail,117434949632,USD
MET,Financial Services,Insurance - Life,52676714496,USD
META,Communication Services,Internet Content & Information,1607365689344,USD
METC,Basic Materials,Coking Coal,1696369536,USD
MFA,Real Estate,REIT - Mortgage,928125056,USD
MFG.AX,Financial Services,Asset Management,1636427136,AUD
MFH,Technology,Information Technology Services,717710464,USD
MFIN,Financial Services,Credit Services,230233632,USD
MFT.NZ,Industrials,Integrated Freight & Logistics,6041912832,NZD
MG,Industrials,Security & Protection Services,302449920,USD
MGEE,Utilities,Utilities - Regulated Electric,3031511552,USD
MGLU3.SA,Consumer Cyclical,Specialty Retail,6152377344,BRL
MGM,Consumer Cyclical,Resorts & Casinos,8787762176,USD
MGNI,Communication Services,Advertising Agencies,2526163712,USD
MGPI,Consumer Defensive,Beverages - Wineries & Distilleries,514044768,USD
MGR.AX,Real Estate,REIT - Diversified,8995868672,AUD
MGRC,Industrials,Rental & Leasing Services,2686116096,USD
MGTX,Healthcare,Biotechnology,702306432,USD
MGY,Energy,Oil & Gas E&P,4252757504,USD
MH,Consumer Defensive,Education & Training Services,2081916544,USD
MHK,Consumer Cyclical,"Furnishings, Fixtures & Appliances",6874534912,USD
MHO,Consumer Cyclical,Residential Construction,3295496448,USD
MIDD,Industrials,Specialty Industrial Machinery,6204030976,USD
MIN.AX,Basic Materials,Other Industrial Metals & Mining,9342078976,AUD
MINT.BK,Consumer Cyclical,Lodging,125873496064,THB
MIR,Industrials,Specialty Industrial Machinery,7365590016,USD
MIRM,Healthcare,Biotechnology,3559337216,USD
MITK,Technology,Software - Application,417214048,USD
MITT,Real Estate,REIT - Mortgage,226886896,USD
MKC,Consumer Defensive,Packaged Foods,17125685248,USD
MKL,Financial Services,Insurance - Property & Casualty,24654426112,USD
MKS.L,Consumer Cyclical,Department Stores,7982321664,GBp
MKSI,Technology,Scientific & Technical Instruments,9769619456,USD
MKTW,Financial Services,Financial Data & Stock Exchanges,45771628,USD
MKTX,Financial Services,Capital Markets,5946818048,USD
MLAB,Technology,Scientific & Technical Instruments,404631968,USD
MLI,Industrials,Metal Fabrication,11989472256,USD
MLKN,Consumer Cyclical,"Furnishings, Fixtures & Appliances",1044850304,USD
MLM,Basic Materials,Building Materials,37347508224,USD
MLP,Real Estate,Real Estate Services,306013088,USD
MLR,Consumer Cyclical,Auto Parts,456835360,USD
MLYS,Healthcare,Biotechnology,3038404864,USD
MMC,Financial Services,Insurance Brokers,86777708544,USD
MMI,Real Estate,Real Estate Services,1144561280,USD
MMM,Industrials,Conglomerates,86159392768,USD
MMS,Industrials,Specialty Business Services,4702376448,USD
MMSI,Healthcare,Medical Instruments & Supplies,5178409984,USD
MNDI.L,Basic Materials,Paper & Paper Products,3722263552,GBp
MNG.L,Financial Services,Asset Management,6392427520,GBp
MNKD,Healthcare,Biotechnology,1681419136,USD
MNMD,Healthcare,Biotechnology,1194823808,USD
MNPR,Healthcare,Biotechnology,518276736,USD
MNRO,Consumer Cyclical,Auto Parts,451795904,USD
MNSB,Financial Services,Banks - Regional,145179152,USD
MNST,Consumer Defensive,Beverages - Non-Alcoholic,64942239744,USD
MNTK,Basic Materials,Specialty Chemicals,288780928,USD
MO,Consumer Defensive,Tobacco,95130320896,USD
MOD,Consumer Cyclical,Auto Parts,8051545088,USD
MODG,Consumer Cyclical,Leisure,1645597184,USD
MOFG,Financial Services,Banks - Regional,783838592,USD
MOH,Healthcare,Healthcare Plans,7557341696,USD
MONC.MI,Consumer Cyclical,Apparel Manufacturing,14101383168,EUR
MORN,Financial Services,Financial Data & Stock Exchanges,8772858880,USD
MOS,Basic Materials,Agricultural Inputs,8651734016,USD
MOV,Consumer Cyclical,Luxury Goods,401577824,USD
MP,Basic Materials,Other Industrial Metals & Mining,10211488768,USD
MP1.AX,Technology,Software - Infrastructure,2898833408,AUD
MPAA,Consumer Cyclical,Auto Parts,334404928,USD
MPB,Financial Services,Banks - Regional,659152192,USD
MPC,Energy,Oil & Gas Refining & Marketing,59524136960,USD
MPL.AX,Financial Services,Insurance - Specialty,13329376256,AUD
MPTI,Technology,Electronic Components,163124656,USD
MPW,Real Estate,REIT - Healthcare Facilities,3059782400,USD
MPWR,Technology,Semiconductors,48093265920,USD
MPX,Consumer Cyclical,Recreational Vehicles,302741600,USD
MQ,Technology,Software - Infrastructure,2014806272,USD
MQG.AX,Financial Services,Capital Markets,83661914112,AUD
MRBK,Financial Services,Banks - Regional,171718464,USD
MRC,Energy,Oil & Gas Equipment & Services,1185226496,USD
MRCY,Industrials,Aerospace & Defense,4668408320,USD
MRFG3.SA,Consumer Defensive,Packaged Foods,30363052032,BRL
MRK,Healthcare,Drug Manufacturers - General,206042136576,USD
MRL.MC,Real Estate,REIT - Office,7626228224,EUR
MRNA,Healthcare,Biotechnology,9729367040,USD
MRO.L,Industrials,Specialty Industrial Machinery,7847993856,GBp
MRP,Real Estate,REIT - Residential,5235750912,USD
MRTN,Industrials,Trucking,823356288,USD
MRVE3.SA,Real Estate,Real Estate - Development,4271844352,BRL
MRVI,Healthcare,Biotechnology,1076174976,USD
MRVL,Technology,Semiconductors,77907976192,USD
MRX,Financial Services,Capital Markets,2259871488,USD
MS,Financial Services,Capital Markets,260367155200,USD
MSA,Industrials,Security & Protection Services,6106938368,USD
MSBI,Financial Services,Banks - Regional,343404288,USD
MSCI,Financial Services,Financial Data & Stock Exchanges,43663581184,USD
MSEX,Utilities,Utilities - Regulated Water,915423936,USD
MSFT,Technology,Software - Infrastructure,3842762604544,USD
MSGE,Consumer Cyclical,Leisure,2088586240,USD
MSGS,Communication Services,Entertainment,5219207168,USD
MSI,Technology,Communication Equipment,65206280192,USD
MSM,Industrials,Industrial Distribution,4730446848,USD
MSTR,Technology,Software - Application,75989057536,USD
MT.AS,Basic Materials,Steel,24561037312,EUR
MTB,Financial Services,Banks - Regional,28083916800,USD
MTC.BK,Financial Services,Credit Services,85330001920,THB
MTCH,Communication Services,Internet Content & Information,7820219904,USD
MTD,Healthcare,Diagnostics & Research,28980377600,USD
MTDR,Energy,Oil & Gas E&P,4878866432,USD
MTG,Financial Services,Insurance - Specialty,6193150464,USD
MTH,Consumer Cyclical,Residential Construction,4630648832,USD
MTLN.L,Utilities,Utilities - Diversified,6415380480,EUR
MTN,Consumer Cyclical,Resorts & Casinos,5369611776,USD
MTRN,Basic Materials,Other Industrial Metals & Mining,2373276672,USD
MTRX,Industrials,Engineering & Construction,424957632,USD
MTS.AX,Consumer Defensive,Food Distribution,4209128448,AUD
MTS.MC,Basic Materials,Steel,24530905088,EUR
MTSI,Technology,Semiconductors,11184841728,USD
MTSR,Healthcare,Biotechnology,6390988800,USD
MTUS,Basic Materials,Steel,743256256,USD
MTW,Industrials,Farm & Heavy Construction Machinery,362037504,USD
MTX,Basic Materials,Specialty Chemicals,1745389312,USD
MTZ,Industrials,Engineering & Construction,15907216384,USD
MU,Technology,Semiconductors,263442776064,USD
MULT3.SA,Real Estate,Real Estate Services,13607578624,BRL
MUR,Energy,Oil & Gas E&P,3949389568,USD
MUSA,Consumer Cyclical,Specialty Retail,6895026176,USD
MVBF,Financial Services,Banks - Regional,326694304,USD
MVIS,Technology,Scientific & Technical Instruments,346109632,USD
MVST,Consumer Cyclical,Auto Parts,1747799808,USD
MWA,Industrials,Specialty Industrial Machinery,4018306304,USD
MXCT,Healthcare,Medical Devices,171636704,USD
MXL,Technology,Semiconductors,1364763648,USD
MYE,Consumer Cyclical,Packaging & Containers,676709184,USD
MYFW,Financial Services,Banks - Regional,224798400,USD
MYGN,Healthcare,Diagnostics & Research,761105024,USD
MYO,Healthcare,Medical Devices,32803770,USD
MYPS,Communication Services,Electronic Gaming & Multimedia,114378056,USD
MYRG,Industrials,Engineering & Construction,3530823936,USD
MZTI,Consumer Defensive,Packaged Foods,4359157248,USD
N2IU.SI,Real Estate,REIT - Office,7758642176,SGD
NAB.AX,Financial Services,Banks - Diversified,133773778944,AUD
NABL,Technology,Information Technology Services,1463091456,USD
NAGE,Healthcare,Biotechnology,576613888,USD
NAN.AX,Healthcare,Medical Instruments & Supplies,1370548608,AUD
NAT,Energy,Oil & Gas Midstream,768654912,USD
NATH,Consumer Cyclical,Restaurants,443466464,USD
NATL,Technology,Software - Application,2663812864,USD
NATR,Consumer Defensive,Packaged Foods,242665200,USD
NAVI,Financial Services,Credit Services,1189581824,USD
NB,Basic Materials,Other Industrial Metals & Mining,732311232,USD
NBA.LS,Technology,Information Technology Services,331921152,EUR
NBBK,Financial Services,Banks - Regional,706521152,USD
NBHC,Financial Services,Banks - Regional,1356600192,USD
NBIX,Healthcare,Drug Manufacturers - Specialty & Generic,14154221568,USD
NBN,Financial Services,Banks - Regional,751142848,USD
NBR,Energy,Oil & Gas Drilling,784847168,USD
NBTB,Financial Services,Banks - Regional,2138202624,USD
NC,Energy,Thermal Coal,314981376,USD
NCLH,Consumer Cyclical,Travel Services,10097466368,USD
NCMI,Communication Services,Advertising Agencies,417548672,USD
NCNO,Technology,Software - Application,3098043648,USD
NDA.DE,Industrials,Metal Fabrication,4885094400,EUR
NDAQ,Financial Services,Financial Data & Stock Exchanges,49328295936,USD
NDSN,Industrials,Specialty Industrial Machinery,12903746560,USD
NDX1.DE,Industrials,Specialty Industrial Machinery,6270663680,EUR
NE,Energy,Oil & Gas Drilling,4738397696,USD
NEC.AX,Communication Services,Entertainment,1847412864,AUD
NECB,Financial Services,Banks - Regional,268970048,USD
NEE,Utilities,Utilities - Regulated Electric,170315808768,USD
NEM,Basic Materials,Gold,89068888064,USD
NEM.DE,Technology,Software - Application,11007150080,EUR
NEO,Healthcare,Diagnostics & Research,1265412608,USD
NEOG,Healthcare,Diagnostics & Research,1366808320,USD
NEON,Technology,Electronic Components,48334816,USD
NESR,Energy,Oil & Gas Equipment & Services,1252327296,USD
NESTLEIND.NS,Consumer Defensive,Packaged Foods,2448753688576,INR
NET,Technology,Software - Infrastructure,86908256256,USD
NEU,Basic Materials,Specialty Chemicals,7213136896,USD
NEWT,Financial Services,Banks - Regional,298577856,USD
NEXI.MI,Technology,Software - Infrastructure,5287740928,EUR
NEXN,Communication Services,Advertising Agencies,533336928,USD
NEXT,Energy,Oil & Gas Equipment & Services,1554384256,USD
NFBK,Financial Services,Banks - Regional,425213024,USD
NFE,Energy,Oil & Gas Midstream,335772288,USD
NFG,Energy,Oil & Gas Integrated,7218248192,USD
NFLX,Communication Services,Entertainment,466143674368,USD
NG,Basic Materials,Gold,3312480000,USD
NG.L,Utilities,Utilities - Regulated Electric,56834732032,GBp
NGD,Basic Materials,Gold,5778233856,USD
NGNE,Healthcare,Biotechnology,443285696,USD
NGS,Energy,Oil & Gas Equipment & Services,352439040,USD
NGVC,Consumer Defensive,Grocery Stores,756567360,USD
NGVT,Basic Materials,Specialty Chemicals,1963344768,USD
NHC,Healthcare,Medical Care Facilities,1876230272,USD
NHC.AX,Energy,Thermal Coal,3542161408,AUD
NHF.AX,Financial Services,Insurance - Specialty,3679169536,AUD
NHI,Real Estate,REIT - Healthcare Facilities,3547194624,USD
NI,Utilities,Utilities - Regulated Gas,20150243328,USD
NIC,Financial Services,Banks - Regional,1786525696,USD
NIC.AX,Basic Materials,Other Industrial Metals & Mining,3038654976,AUD
NJR,Utilities,Utilities - Regulated Gas,4430651904,USD
NKE,Consumer Cyclical,Footwear & Accessories,92609314816,USD
NKSH,Financial Services,Banks - Regional,185696256,USD
NKT.CO,Industrials,Electrical Equipment & Parts,38426705920,DKK
NKTX,Healthcare,Biotechnology,147020736,USD
NL,Industrials,Security & Protection Services,288290144,USD
NLOP,Real Estate,REIT - Office,432719104,USD
NLY,Real Estate,REIT - Mortgage,14548564992,USD
NMAX,Communication Services,Broadcasting,862180800,USD
NMIH,Financial Services,Insurance - Specialty,2853952000,USD
NMRK,Real Estate,Real Estate Services,4349431296,USD
NN,Technology,Software - Infrastructure,1723614080,USD
NN.AS,Financial Services,Insurance - Diversified,15679797248,EUR
NNE,Industrials,Specialty Industrial Machinery,2273317120,USD
NNI,Financial Services,Credit Services,4659545088,USD
NNN,Real Estate,REIT - Retail,7719291392,USD
NNOX,Healthcare,Medical Devices,218034112,USD
NOC,Industrials,Aerospace & Defense,82122547200,USD
NODK,Financial Services,Insurance - Property & Casualty,274154976,USD
NOG,Energy,Oil & Gas E&P,2151962624,USD
NOS.LS,Communication Services,Telecom Services,1890424704,EUR
NOV,Energy,Oil & Gas Equipment & Services,5489530880,USD
NOVT,Technology,Scientific & Technical Instruments,4887377920,USD
NOW,Technology,Software - Application,190216716288,USD
NPB,Financial Services,Banks - Regional,544336192,USD
NPCE,Healthcare,Medical Devices,310966080,USD
NPK,Industrials,Aerospace & Defense,783445376,USD
NPKI,Energy,Oil & Gas Equipment & Services,1076462464,USD
NPO,Industrials,Specialty Industrial Machinery,4882816000,USD
NPWR,Industrials,Specialty Industrial Machinery,304522368,USD
NRC,Healthcare,Health Information Services,300210816,USD
NRDS,Communication Services,Internet Content & Information,914281216,USD
NRDY,Technology,Software - Application,185687360,USD
NREF,Real Estate,REIT - Mortgage,299751968,USD
NRG,Utilities,Utilities - Independent Power Producers,33749805056,USD
NRIM,Financial Services,Banks - Regional,489087392,USD
NRIX,Healthcare,Biotechnology,1279279744,USD
NSA,Real Estate,REIT - Industrial,4282401024,USD
NSC,Industrials,Railroads,63315177472,USD
NSIT,Technology,Electronics & Computer Distribution,3034451456,USD
NSP,Industrials,Staffing & Employment Services,1698706176,USD
NSR.AX,Real Estate,REIT - Industrial,3201133824,AUD
NSSC,Industrials,Security & Protection Services,1453456768,USD
NST.AX,Basic Materials,Gold,34918313984,AUD
NTAP,Technology,Software - Infrastructure,23343374336,USD
NTB,Financial Services,Banks - Diversified,1923682688,USD
NTCT,Technology,Software - Infrastructure,1990226304,USD
NTGR,Technology,Communication Equipment,898947200,USD
NTGY.MC,Utilities,Utilities - Regulated Gas,25376960512,EUR
NTLA,Healthcare,Biotechnology,1403023744,USD
NTNX,Technology,Software - Infrastructure,19269103616,USD
NTPC.NS,Utilities,Utilities - Regulated Electric,3221497839616,INR
NTRA,Healthcare,Diagnostics & Research,27206692864,USD
NTRS,Financial Services,Asset Management,24146505728,USD
NTST,Real Estate,REIT - Retail,1570443520,USD
NU,Financial Services,Banks - Regional,77945872384,USD
NUE,Basic Materials,Steel,33998788608,USD
NUF.AX,Basic Materials,Agricultural Inputs,810082880,AUD
NUS,Consumer Defensive,Household & Personal Products,529625536,USD
NUTX,Healthcare,Medical Care Facilities,731664384,USD
NUVB,Healthcare,Biotechnology,1769550080,USD
NUVL,Healthcare,Biotechnology,6763177984,USD
NVAX,Healthcare,Biotechnology,1284755200,USD
NVCR,Healthcare,Medical Devices,1369539584,USD
NVCT,Healthcare,Biotechnology,161905552,USD
NVDA,Technology,Semiconductors,5036907692032,USD
NVEC,Technology,Semiconductors,327185920,USD
NVG.LS,Basic Materials,Paper & Paper Products,2126437248,EUR
NVGS,Energy,Oil & Gas Midstream,1099725184,USD
NVR,Consumer Cyclical,Residential Construction,19478597632,USD
NVRI,Industrials,Waste Management,979066432,USD
NVST,Healthcare,Medical Instruments & Supplies,3303323136,USD
NVT,Industrials,Electrical Equipment & Parts,18130360320,USD
NVTS,Technology,Semiconductors,2610564096,USD
NVX.AX,Industrials,Electrical Equipment & Parts,431729536,AUD
NWBI,Financial Services,Banks - Regional,1731250176,USD
NWE,Utilities,Utilities - Regulated Electric,3687492096,USD
NWFL,Financial Services,Banks - Regional,246543136,USD
NWG.L,Financial Services,Banks - Regional,46202437632,GBp
NWL,Consumer Defensive,Household & Personal Products,1351920000,USD
NWL.AX,Technology,Software - Application,7564786176,AUD
NWN,Utilities,Utilities - Regulated Gas,1895039872,USD
NWPX,Basic Materials,Steel,613864512,USD
NWS,Communication Services,Entertainment,15316610048,USD
NWS.AX,Communication Services,Entertainment,23264956416,AUD
NWSA,Communication Services,Entertainment,15316610048,USD
NX,Industrials,Building Products & Equipment,643652032,USD
NXDR,Communication Services,Internet Content & Information,743538368,USD
NXDT,Real Estate,REIT - Diversified,148675696,USD
NXPI,Technology,Semiconductors,52949790720,USD
NXRT,Real Estate,REIT - Residential,1566720256,USD
NXST,Communication Services,Broadcasting,5914606592,USD
NXT,Technology,Solar,15448750080,USD
NXT.AX,Technology,Information Technology Services,10581836800,AUD
NXT.L,Consumer Cyclical,Apparel Retail,16558209024,GBp
NXXT,Utilities,Utilities - Renewable,241750640,USD
NYT,Communication Services,Publishing,9290441728,USD
NZX.NZ,Financial Services,Financial Data & Stock Exchanges,512579904,NZD
O,Real Estate,REIT - Retail,53212614656,USD
O39.SI,Financial Services,Banks - Regional,76456779776,SGD
OABI,Healthcare,Biotechnology,213053984,USD
OBK,Financial Services,Banks - Regional,1067078976,USD
OBT,Financial Services,Banks - Regional,330425792,USD
OC,Industrials,Building Products & Equipment,10389888000,USD
OCA.NZ,Healthcare,Medical Care Facilities,586627136,NZD
OCFC,Financial Services,Banks - Regional,1035864256,USD
OCI.AS,Basic Materials,Specialty Chemicals,709178048,EUR
OCUL,Healthcare,Biotechnology,2417827328,USD
ODC,Basic Materials,Specialty Chemicals,794384704,USD
ODFL,Industrials,Trucking,28900220928,USD
ODP,Consumer Cyclical,Specialty Retail,837577536,USD
OEC,Basic Materials,Specialty Chemicals,297593440,USD
OFG,Financial Services,Banks - Regional,1732974848,USD
OFIX,Healthcare,Medical Devices,634277888,USD
OFLX,Industrials,Specialty Industrial Machinery,275070272,USD
OGE,Utilities,Utilities - Regulated Electric,8890427392,USD
OGN,Healthcare,Drug Manufacturers - General,1744369024,USD
OGS,Utilities,Utilities - Regulated Gas,4889866752,USD
OHI,Real Estate,REIT - Healthcare Facilities,12750963712,USD
OI,Consumer Cyclical,Packaging & Containers,1811901568,USD
OII,Energy,Oil & Gas Equipment & Services,2410568960,USD
OIS,Energy,Oil & Gas Equipment & Services,382969056,USD
OKE,Energy,Oil & Gas Midstream,41126576128,USD
OKLO,Utilities,Utilities - Independent Power Producers,18697656320,USD
OKTA,Technology,Software - Infrastructure,16056119296,USD
OLED,Technology,Electronic Components,6932859392,USD
OLLI,Consumer Defensive,Discount Stores,7620238848,USD
OLMA,Healthcare,Biotechnology,577901056,USD
OLN,Basic Materials,Chemicals,2288136448,USD
OLP,Real Estate,REIT - Diversified,431784640,USD
OLPX,Consumer Cyclical,Specialty Retail,707105920,USD
OM,Healthcare,Medical Devices,231138160,USD
OMC,Communication Services,Advertising Agencies,14093589504,USD
OMCL,Healthcare,Health Information Services,1532825984,USD
OMDA,Healthcare,Health Information Services,1477948160,USD
OMER,Healthcare,Biotechnology,487960256,USD
OMF,Financial Services,Credit Services,7226384896,USD
OMI,Healthcare,Medical Distribution,266845744,USD
ON,Technology,Semiconductors,20636827648,USD
ONB,Financial Services,Banks - Regional,8006938624,USD
ONEW,Consumer Cyclical,Specialty Retail,255378640,USD
ONGC.NS,Energy,Oil & Gas Integrated,3174633570304,INR
ONIT,Financial Services,Mortgage Finance,308917760,USD
ONON,Consumer Cyclical,Footwear & Accessories,11905626112,USD
ONTF,Technology,Software - Application,229300080,USD
ONTO,Technology,Semiconductor Equipment & Materials,6454260736,USD
OOMA,Technology,Software - Application,326870176,USD
OPAL,Utilities,Utilities - Regulated Gas,393607136,USD
OPBK,Financial Services,Banks - Regional,198871792,USD
OPCH,Healthcare,Medical Care Facilities,4193718016,USD
OPFI,Financial Services,Credit Services,877426624,USD
OPK,Healthcare,Diagnostics & Research,1074781696,USD
OPRT,Financial Services,Credit Services,235890384,USD
OPRX,Healthcare,Health Information Services,360904224,USD
OR,Basic Materials,Gold,6010407936,USD
OR.BK,Energy,Oil & Gas Refining & Marketing,175200010240,THB
ORA,Utilities,Utilities - Renewable,6519314944,USD
ORA.AX,Consumer Cyclical,Packaging & Containers,2519902464,AUD
ORC,Real Estate,REIT - Mortgage,1101430272,USD
ORCL,Technology,Software - Infrastructure,735076941824,USD
ORG.AX,Utilities,Utilities - Diversified,20500697088,AUD
ORGO,Healthcare,Drug Manufacturers - Specialty & Generic,507430848,USD
ORI,Financial Services,Insurance - Property & Casualty,9737157632,USD
ORI.AX,Basic Materials,Specialty Chemicals,10478479360,AUD
ORIC,Healthcare,Biotechnology,1232490624,USD
ORKA,Healthcare,Biotechnology,1267180928,USD
ORLY,Consumer Cyclical,Auto Parts,77581164544,USD
ORN,Industrials,Engineering & Construction,431728544,USD
ORRF,Financial Services,Banks - Regional,654648000,USD
ORSTED.CO,Utilities,Utilities - Renewable,153176932352,DKK
OSBC,Financial Services,Banks - Regional,947961664,USD
OSCR,Healthcare,Healthcare Plans,4566137856,USD
OSIS,Technology,Electronic Components,4772480000,USD
OSK,Industrials,Farm & Heavy Construction Machinery,7674014208,USD
OSP.BK,Consumer Defensive,Beverages - Non-Alcoholic,45356625920,THB
OSPN,Technology,Software - Infrastructure,469254720,USD
OSUR,Healthcare,Medical Instruments & Supplies,195275760,USD
OSW,Consumer Cyclical,Leisure,2352041472,USD
OTIS,Industrials,Specialty Industrial Machinery,35140677632,USD
OTTR,Industrials,Conglomerates,3266954240,USD
OUST,Technology,Electronic Components,1834026368,USD
OUT,Real Estate,REIT - Specialty,2954858240,USD
OVBC,Financial Services,Banks - Regional,166251232,USD
OVLY,Financial Services,Banks - Regional,232168480,USD
OVV,Energy,Oil & Gas E&P,9649181696,USD
OWL,Financial Services,Asset Management,25039980544,USD
OXM,Consumer Cyclical,Apparel Manufacturing,549787520,USD
OXY,Energy,Oil & Gas E&P,40283271168,USD
OZK,Financial Services,Banks - Regional,5040700928,USD
PACB,Healthcare,Medical Devices,672830208,USD
PACK,Consumer Cyclical,Packaging & Containers,432004448,USD
PACS,Healthcare,Medical Care Facilities,1829542784,USD
PAG,Consumer Cyclical,Auto & Truck Dealerships,10469533696,USD
PAGS,Technology,Software - Infrastructure,2761104896,USD
PAHC,Healthcare,Drug Manufacturers - Specialty & Generic,1757942528,USD
PAL,Industrials,Integrated Freight & Logistics,205916368,USD
PAMT,Industrials,Trucking,208004624,USD
PANL,Industrials,Marine Shipping,317728096,USD
PANW,Technology,Software - Infrastructure,148390412288,USD
PAR,Technology,Software - Application,1444280448,USD
PARR,Energy,Oil & Gas Refining & Marketing,2094073216,USD
PATH,Technology,Software - Infrastructure,8427313152,USD
PATK,Consumer Cyclical,"Furnishings, Fixtures & Appliances",3421713408,USD
PAX,Financial Services,Asset Management,2325028608,USD
PAYC,Technology,Software - Application,10399031296,USD
PAYO,Technology,Software - Infrastructure,2064608128,USD
PAYS,Technology,Software - Infrastructure,282060768,USD
PAYX,Technology,Software - Application,41427415040,USD
PB,Financial Services,Banks - Regional,6320839680,USD
PBF,Energy,Oil & Gas Refining & Marketing,4065088256,USD
PBFS,Financial Services,Banks - Regional,331782080,USD
PBH,Healthcare,Drug Manufacturers - Specialty & Generic,2981394688,USD
PBH.AX,Consumer Cyclical,Gambling,351478464,AUD
PBI,Industrials,Integrated Freight & Logistics,1581825536,USD
PBYI,Healthcare,Biotechnology,253868448,USD
PCAR,Industrials,Farm & Heavy Construction Machinery,51186417664,USD
PCAR3.SA,Consumer Cyclical,Department Stores,1735422464,BRL
PCB,Financial Services,Banks - Regional,311274176,USD
PCG,Utilities,Utilities - Regulated Electric,34968756224,USD
PCH,Real Estate,REIT - Specialty,3018987264,USD
PCOR,Technology,Software - Application,11144305664,USD
PCRX,Healthcare,Drug Manufacturers - Specialty & Generic,997057088,USD
PCT,Industrials,Pollution & Treatment Controls,1963014528,USD
PCT.L,Financial Services,Asset Management,5353079296,GBp
PCT.NZ,Real Estate,REIT - Diversified,2265459456,NZD
PCTY,Technology,Software - Application,7657473024,USD
PCVX,Healthcare,Biotechnology,5560334336,USD
PCYO,Utilities,Utilities - Regulated Water,264817344,USD
PD,Technology,Software - Application,1502199552,USD
PDD,Consumer Cyclical,Internet Retail,191197970432,USD
PDEX,Healthcare,Medical Instruments & Supplies,117105952,USD
PDFS,Technology,Software - Application,1157141376,USD
PDLB,Financial Services,Banks - Regional,320317728,USD
PDM,Real Estate,REIT - Office,1008606208,USD
PDN.AX,Energy,Uranium,4258099200,AUD
PDYN,Technology,Software - Infrastructure,325103744,USD
PEB,Real Estate,REIT - Hotel & Motel,1249773184,USD
PEBK,Financial Services,Banks - Regional,155978944,USD
PEBO,Financial Services,Banks - Regional,1029673472,USD
PECO,Real Estate,REIT - Retail,4692820480,USD
PEG,Utilities,Utilities - Regulated Electric,40605126656,USD
PEGA,Technology,Software - Application,10690838528,USD
PEN,Healthcare,Medical Devices,8821213184,USD
PENG,Technology,Information Technology Services,1194621056,USD
PENN,Consumer Cyclical,Resorts & Casinos,2426598656,USD
PEP,Consumer Defensive,Beverages - Non-Alcoholic,196350050304,USD
PESI,Industrials,Waste Management,236972672,USD
PETR3.SA,Energy,Oil & Gas Integrated,398764343296,BRL
PETR4.SA,Energy,Oil & Gas Integrated,399596781568,BRL
PETZ3.SA,Consumer Cyclical,Specialty Retail,1700797440,BRL
PFBC,Financial Services,Banks - Regional,1123345920,USD
PFE,Healthcare,Drug Manufacturers - General,140205670400,USD
PFG,Financial Services,Asset Management,18238982144,USD
PFGC,Consumer Defensive,Food Distribution,15364344832,USD
PFI.NZ,Real Estate,REIT - Industrial,1296152576,NZD
PFIS,Financial Services,Banks - Regional,449057152,USD
PFS,Financial Services,Banks - Regional,2408665344,USD
PFSI,Financial Services,Mortgage Finance,6591300096,USD
PG,Consumer Defensive,Household & Personal Products,345883279360,USD
PGC,Financial Services,Banks - Regional,440466656,USD
PGEN,Healthcare,Biotechnology,1468106880,USD
PGNY,Healthcare,Healthcare Plans,1584655744,USD
PGR,Financial Services,Insurance - Property & Casualty,119449681920,USD
PGRE,Real Estate,REIT - Office,1562566016,USD
PGY,Technology,Software - Infrastructure,2010205056,USD
PH,Industrials,Specialty Industrial Machinery,97676836864,USD
PHAT,Healthcare,Biotechnology,976730752,USD
PHIA.AS,Healthcare,Medical Devices,23251916800,EUR
PHIN,Consumer Cyclical,Auto Parts,2025544320,USD
PHM,Consumer Cyclical,Residential Construction,23148328960,USD
PHNX.L,Financial Services,Insurance - Life,6723332096,GBp
PHR,Healthcare,Health Information Services,1361855872,USD
PHR.LS,Communication Services,Telecom Services,64916580,EUR
PI,Technology,Semiconductors,5650580992,USD
PII,Consumer Cyclical,Recreational Vehicles,3692702976,USD
PINC,Healthcare,Health Information Services,2330874112,USD
PINE,Real Estate,REIT - Retail,224980096,USD
PINS,Communication Services,Internet Content & Information,22913630208,USD
PIPR,Financial Services,Capital Markets,5764530176,USD
PIRC.MI,Consumer Cyclical,Auto Parts,6139999744,EUR
PJT,Financial Services,Capital Markets,6454117376,USD
PK,Real Estate,REIT - Hotel & Motel,2043093120,USD
PKBK,Financial Services,Banks - Regional,256491808,USD
PKE,Industrials,Aerospace & Defense,388760768,USD
PKG,Consumer Cyclical,Packaging & Containers,17598949376,USD
PKOH,Industrials,Specialty Industrial Machinery,294093792,USD
PKST,Real Estate,REIT - Office,488582720,USD
PL,Industrials,Aerospace & Defense,4061504256,USD
PLAB,Technology,Semiconductor Equipment & Materials,1432042240,USD
PLAY,Communication Services,Entertainment,501971840,USD
PLBC,Financial Services,Banks - Regional,282598816,USD
PLD,Real Estate,REIT - Industrial,115383861248,USD
PLMR,Financial Services,Insurance - Property & Casualty,3045815552,USD
PLNT,Consumer Cyclical,Leisure,7742748160,USD
PLOW,Consumer Cyclical,Auto Parts,684083712,USD
PLPC,Industrials,Electrical Equipment & Parts,1035814336,USD
PLS.AX,Basic Materials,Other Industrial Metals & Mining,10454441984,AUD
PLSE,Healthcare,Medical Instruments & Supplies,1137649792,USD
PLTK,Communication Services,Electronic Gaming & Multimedia,1394206720,USD
PLTR,Technology,Software - Infrastructure,491501912064,USD
PLUG,Industrials,Electrical Equipment & Parts,3203022336,USD
PLUS,Technology,Software - Application,1939939328,USD
PLX,Healthcare,Biotechnology,190559760,USD
PLXS,Technology,Electronic Components,3873404672,USD
PLYM,Real Estate,REIT - Industrial,991811456,USD
PM,Consumer Defensive,Tobacco,225089961984,USD
PME.AX,Healthcare,Health Information Services,27200460800,AUD
PMT,Real Estate,REIT - Mortgage,1047679936,USD
PMTS,Financial Services,Credit Services,198744048,USD
PMV.AX,Consumer Cyclical,Apparel Retail,2876241152,AUD
PNBK,Financial Services,Banks - Regional,117827872,USD
PNC,Financial Services,Banks - Regional,71703805952,USD
PNDORA.CO,Consumer Cyclical,Luxury Goods,65497260032,DKK
PNFP,Financial Services,Banks - Regional,6647664640,USD
PNI.AX,Financial Services,Asset Management,4496353280,AUD
PNL.AS,Industrials,Integrated Freight & Logistics,496792608,EUR
PNR,Industrials,Specialty Industrial Machinery,17483499520,USD
PNRG,Energy,Oil & Gas E&P,222862336,USD
PNTG,Healthcare,Medical Care Facilities,865777664,USD
PNW,Utilities,Utilities - Regulated Electric,10706306048,USD
PODD,Healthcare,Medical Devices,22439028736,USD
POOL,Industrials,Industrial Distribution,9665496064,USD
POR,Utilities,Utilities - Regulated Electric,5282481152,USD
POST,Consumer Defensive,Packaged Foods,5745982464,USD
POT.NZ,Industrials,Marine Shipping,5256264704,NZD
POWERGRID.NS,Utilities,Utilities - Regulated Electric,2596684955648,INR
POWI,Technology,Semiconductors,2334698240,USD
POWL,Industrials,Electrical Equipment & Parts,4715182080,USD
POWW,Industrials,Aerospace & Defense,185035104,USD
PPC,Consumer Defensive,Packaged Foods,9010174976,USD
PPG,Basic Materials,Specialty Chemicals,21309024256,USD
PPL,Utilities,Utilities - Regulated Electric,26925750272,USD
PPT.AX,Financial Services,Asset Management,2186532096,AUD
PPTA,Basic Materials,Other Precious Metals & Mining,2762041088,USD
PR,Energy,Oil & Gas E&P,10617702400,USD
PRA,Financial Services,Insurance - Property & Casualty,1230328576,USD
PRAA,Financial Services,Credit Services,572429632,USD
PRAX,Healthcare,Biotechnology,4529754624,USD
PRCH,Technology,Software - Application,1600527488,USD
PRCT,Healthcare,Medical Devices,1919996160,USD
PRDO,Consumer Defensive,Education & Training Services,2006409856,USD
PRG,Industrials,Rental & Leasing Services,1131399424,USD
PRGO,Healthcare,Drug Manufacturers - Specialty & Generic,2824575232,USD
PRGS,Technology,Software - Infrastructure,1831295232,USD
PRI,Financial Services,Insurance - Life,8468065792,USD
PRIM,Industrials,Engineering & Construction,7738412032,USD
PRIO3.SA,Energy,Oil & Gas E&P,29541826560,BRL
PRK,Financial Services,Banks - Regional,2472675840,USD
PRKS,Consumer Cyclical,Leisure,2634028032,USD
PRLB,Industrials,Metal Fabrication,1266102528,USD
PRM,Basic Materials,Specialty Chemicals,3507271168,USD
PRMB,Consumer Defensive,Beverages - Non-Alcoholic,8209990656,USD
PRME,Healthcare,Biotechnology,812929408,USD
PRO,Technology,Software - Application,1113263744,USD
PROP,Energy,Oil & Gas E&P,96030488,USD
PRSU,Consumer Cyclical,Travel Services,1014495232,USD
PRTA,Healthcare,Biotechnology,567367424,USD
PRTH,Technology,Software - Infrastructure,556228800,USD
PRU,Financial Services,Insurance - Life,36612292608,USD
PRU.AX,Basic Materials,Gold,6456849920,AUD
PRU.L,Financial Services,Insurance - Life,27014981632,GBp
PRVA,Healthcare,Health Information Services,3038792960,USD
PRX.AS,Communication Services,Internet Content & Information,133194579968,EUR
PRY.MI,Industrials,Electrical Equipment & Parts,24909672448,EUR
PSA,Real Estate,REIT - Industrial,48712040448,USD
PSFE,Technology,Software - Infrastructure,629071552,USD
PSH.L,Financial Services,Asset Management,8510610432,GBp
PSIX,Industrials,Specialty Industrial Machinery,2051268352,USD
PSKY,Communication Services,Entertainment,16902686720,USD
PSMT,Consumer Defensive,Discount Stores,3619855360,USD
PSN,Technology,Information Technology Services,8515740160,USD
PSN.L,Consumer Cyclical,Residential Construction,3913907968,GBp
PSNL,Healthcare,Diagnostics & Research,798093568,USD
PSON.L,Communication Services,Publishing,6795661824,GBp
PST.MI,Industrials,Conglomerates,26723491840,EUR
PSTG,Technology,Computer Hardware,32403566592,USD
PSTL,Real Estate,REIT - Office,465162816,USD
PSX,Energy,Oil & Gas Refining & Marketing,55570878464,USD
PTC,Technology,Software - Application,23522494464,USD
PTCT,Healthcare,Biotechnology,5396229632,USD
PTEN,Energy,Oil & Gas Drilling,2427149056,USD
PTGX,Healthcare,Biotechnology,4724949504,USD
PTLO,Consumer Cyclical,Restaurants,376785248,USD
PTON,Consumer Cyclical,Leisure,3035903488,USD
PTT.BK,Energy,Oil & Gas Integrated,863892209664,THB
PTTEP.BK,Energy,Oil & Gas E&P,420818452480,THB
PTTGC.BK,Basic Materials,Chemicals,100096450560,THB
PUBM,Technology,Software - Application,379729792,USD
PUM.DE,Consumer Cyclical,Footwear & Accessories,2731939072,EUR
PUMP,Energy,Oil & Gas Equipment & Services,1138604928,USD
PVBC,Financial Services,Banks - Regional,224776448,USD
PVH,Consumer Cyclical,Apparel Manufacturing,3689825024,USD
PVLA,Healthcare,Biotechnology,849824640,USD
PWP,Financial Services,Capital Markets,1618881664,USD
PWR,Industrials,Engineering & Construction,67224424448,USD
PX,Financial Services,Asset Management,1135021824,USD
PYPL,Financial Services,Credit Services,63942451200,USD
PZZA,Consumer Cyclical,Restaurants,1581881088,USD
QAN.AX,Industrials,Airlines,15495159808,AUD
QBE.AX,Financial Services,Insurance - Property & Casualty,29418633216,AUD
QBTS,Technology,Computer Hardware,11317387264,USD
QCOM,Technology,Semiconductors,194996895744,USD
QCRH,Financial Services,Banks - Regional,1271723904,USD
QDEL,Healthcare,Medical Devices,1881521792,USD
QGEN,Healthcare,Diagnostics & Research,9904989184,USD
QLYS,Technology,Software - Infrastructure,4516316672,USD
QNST,Communication Services,Advertising Agencies,863993344,USD
QRVO,Technology,Semiconductors,8647310336,USD
QS,Consumer Cyclical,Auto Parts,9747237888,USD
QSI,Healthcare,Medical Devices,428470624,USD
QSR,Consumer Cyclical,Restaurants,30006462464,USD
QTRX,Healthcare,Medical Devices,245804688,USD
QTWO,Technology,Software - Application,3909519360,USD
QUAD,Industrials,Specialty Business Services,275777056,USD
QUAL3.SA,Healthcare,Healthcare Plans,738949632,BRL
QUB.AX,Industrials,Integrated Freight & Logistics,7696996864,AUD
QUBT,Technology,Computer Hardware,3444111104,USD
QXO,Industrials,Industrial Distribution,11645795328,USD
R,Industrials,Rental & Leasing Services,6801427456,USD
RAA.DE,Industrials,Specialty Industrial Machinery,7111934976,EUR
RACE.MI,Consumer Cyclical,Auto Manufacturers,62309785600,EUR
RADL3.SA,Healthcare,Pharmaceutical Retailers,33626263552,BRL
RAIL3.SA,Industrials,Railroads,28875839488,BRL
RAL,Technology,Electronic Components,4992091136,USD
RAMP,Technology,Software - Infrastructure,1803492864,USD
RAND.AS,Industrials,Staffing & Employment Services,5837495296,EUR
RAPP,Healthcare,Biotechnology,1242292480,USD
RARE,Healthcare,Biotechnology,3225558784,USD
RATCH.BK,Utilities,Utilities - Regulated Electric,58181251072,THB
RBA,Industrials,Specialty Business Services,18124568576,USD
RBB,Financial Services,Banks - Regional,321618336,USD
RBBN,Technology,Software - Application,593374592,USD
RBC,Industrials,Tools & Accessories,13542341632,USD
RBCAA,Financial Services,Banks - Regional,1278622976,USD
RBKB,Financial Services,Banks - Regional,111345352,USD
RBLX,Communication Services,Electronic Gaming & Multimedia,75569299456,USD
RBREW.CO,Consumer Defensive,Beverages - Brewers,24325199872,DKK
RBRK,Technology,Software - Infrastructure,14967368704,USD
RC,Real Estate,REIT - Mortgage,478297696,USD
RCAT,Industrials,Aerospace & Defense,1210785024,USD
RCEL,Healthcare,Medical Devices,102131568,USD
RCKT,Healthcare,Biotechnology,384137792,USD
RCKY,Consumer Cyclical,Footwear & Accessories,213492608,USD
RCL,Consumer Cyclical,Travel Services,75759656960,USD
RCMT,Industrials,Conglomerates,171405088,USD
RCO.PA,Consumer Defensive,Beverages - Wineries & Distilleries,2204442112,EUR
RCUS,Healthcare,Biotechnology,2476056576,USD
RDC.DE,Healthcare,Pharmaceutical Retailers,1395182848,EUR
RDDT,Communication Services,Internet Content & Information,38842839040,USD
RDN,Financial Services,Insurance - Specialty,4618860032,USD
RDNT,Healthcare,Diagnostics & Research,6000046592,USD
RDOR3.SA,Healthcare,Medical Care Facilities,95110635520,BRL
RDVT,Technology,Software - Application,754937600,USD
RDW,Industrials,Aerospace & Defense,1211786368,USD
REA.AX,Communication Services,Internet Content & Information,28043200512,AUD
REAL,Consumer Cyclical,Luxury Goods,1372476032,USD
REAX,Real Estate,Real Estate Services,781542016,USD
REC.MI,Healthcare,Drug Manufacturers - General,10474841088,EUR
RED.MC,Utilities,Utilities - Regulated Electric,8501163520,EUR
REFI,Real Estate,REIT - Mortgage,275656096,USD
REG,Real Estate,REIT - Retail,12599359488,USD
REGN,Healthcare,Biotechnology,67500130304,USD
REH.AX,Industrials,Industrial Distribution,7085747712,AUD
REL.L,Industrials,Specialty Business Services,61961011200,GBp
RELIANCE.NS,Energy,Oil & Gas Refining & Marketing,19957511356416,INR
RELL,Technology,Electronic Components,157249296,USD
RELY,Technology,Software - Infrastructure,3393940224,USD
REN.AS,Industrials,Specialty Business Services,70418735104,EUR
RENE.LS,Utilities,Utilities - Diversified,2175656448,EUR
RENT3.SA,Industrials,Rental & Leasing Services,41957711872,BRL
REP.MC,Energy,Oil & Gas Integrated,17670297600,EUR
REPL,Healthcare,Biotechnology,726309696,USD
REPX,Energy,Oil & Gas E&P,572216640,USD
RES,Energy,Oil & Gas Equipment & Services,1182279296,USD
REVG,Industrials,Farm & Heavy Construction Machinery,2553537536,USD
REX,Basic Materials,Chemicals,1066767936,USD
REXR,Real Estate,REIT - Industrial,9858329600,USD
REYN,Consumer Cyclical,Packaging & Containers,5155179008,USD
REZI,Industrials,Industrial Distribution,6362611200,USD
RF,Financial Services,Banks - Regional,21629554688,USD
RGA,Financial Services,Insurance - Reinsurance,11998659584,USD
RGCO,Utilities,Utilities - Regulated Gas,215803232,USD
RGEN,Healthcare,Medical Instruments & Supplies,8448206336,USD
RGLD,Basic Materials,Gold,14741785600,USD
RGNX,Healthcare,Biotechnology,605665408,USD
RGP,Industrials,Consulting Services,156267504,USD
RGR,Industrials,Aerospace & Defense,667815104,USD
RGTI,Technology,Computer Hardware,12681341952,USD
RH,Consumer Cyclical,Specialty Retail,3187974144,USD
RHC.AX,Healthcare,Medical Care Facilities,7360395264,AUD
RHI,Industrials,Staffing & Employment Services,2584665344,USD
RHLD,Industrials,Specialty Business Services,1236013952,USD
RHP,Real Estate,REIT - Hotel & Motel,5591227904,USD
RICK,Consumer Cyclical,Restaurants,209378272,USD
RIG,Energy,Oil & Gas Drilling,4361707008,USD
RIGL,Healthcare,Biotechnology,549779456,USD
RIO.AX,Basic Materials,Other Industrial Metals & Mining,210370674688,AUD
RIO.L,Basic Materials,Other Industrial Metals & Mining,87423123456,GBp
RIOT,Financial Services,Capital Markets,7703844864,USD
RITM,Real Estate,REIT - Mortgage,6134957056,USD
RIVN,Consumer Cyclical,Auto Manufacturers,16005193728,USD
RJF,Financial Services,Asset Management,31474128896,USD
RKLB,Industrials,Aerospace & Defense,29686147072,USD
RKT,Financial Services,Mortgage Finance,47551139840,USD
RKT.L,Consumer Defensive,Household & Personal Products,39348408320,GBp
RL,Consumer Cyclical,Apparel Manufacturing,19077869568,USD
RLAY,Healthcare,Biotechnology,1196535168,USD
RLGT,Industrials,Integrated Freight & Logistics,283400320,USD
RLI,Financial Services,Insurance - Property & Casualty,5387207168,USD
RLJ,Real Estate,REIT - Hotel & Motel,1036459072,USD
RM,Financial Services,Credit Services,392452576,USD
RMAX,Real Estate,Real Estate Services,420099264,USD
RMBI,Financial Services,Banks - Regional,128196688,USD
RMBS,Technology,Semiconductors,11385078784,USD
RMD,Healthcare,Medical Instruments & Supplies,36338307072,USD
RMD.AX,Healthcare,Medical Instruments & Supplies,55131471872,AUD
RMNI,Technology,Software - Application,357832800,USD
RMR,Real Estate,Real Estate Services,261480160,USD
RMS.AX,Basic Materials,Gold,6331203584,AUD
RMV.L,Communication Services,Internet Content & Information,5171280896,GBp
RNA,Healthcare,Biotechnology,10254364672,USD
RNAC,Healthcare,Biotechnology,211396608,USD
RNG,Technology,Software - Application,2710849024,USD
RNGR,Energy,Oil & Gas Equipment & Services,302968800,USD
RNR,Financial Services,Insurance - Reinsurance,11803576320,USD
RNST,Financial Services,Banks - Regional,3191751424,USD
ROAD,Industrials,Engineering & Construction,6382213120,USD
ROCK,Industrials,Building Products & Equipment,1816282880,USD
ROG,Technology,Electronic Components,1489116672,USD
ROIV,Healthcare,Biotechnology,13384481792,USD
ROK,Industrials,Specialty Industrial Machinery,40986836992,USD
ROKU,Communication Services,Entertainment,16050275328,USD
ROL,Consumer Cyclical,Personal Services,28350785536,USD
ROOT,Financial Services,Insurance - Property & Casualty,1247990144,USD
ROP,Technology,Software - Application,48279695360,USD
ROST,Consumer Cyclical,Apparel Retail,52426473472,USD
ROVI.MC,Healthcare,Drug Manufacturers - Specialty & Generic,3085840640,EUR
RPAY,Technology,Software - Infrastructure,396400032,USD
RPD,Technology,Software - Infrastructure,1209454336,USD
RPM,Basic Materials,Specialty Chemicals,13886088192,USD
RPRX,Healthcare,Biotechnology,21752399872,USD
RPT,Real Estate,REIT - Mortgage,112208296,USD
RR,Industrials,Specialty Industrial Machinery,880616704,USD
RR.L,Industrials,Aerospace & Defense,94931288064,GBp
RRBI,Financial Services,Banks - Regional,426690368,USD
RRC,Energy,Oil & Gas E&P,8747669504,USD
RRL.AX,Basic Materials,Gold,4915717632,AUD
RRR,Consumer Cyclical,Resorts & Casinos,5539826176,USD
RRTL.DE,Communication Services,Broadcasting,5098075648,EUR
RRX,Industrials,Specialty Industrial Machinery,9092065280,USD
RS,Basic Materials,Steel,14710414336,USD
RSG,Industrials,Waste Management,63547211776,USD
RSI,Consumer Cyclical,Gambling,3883958272,USD
RSVR,Communication Services,Entertainment,483825600,USD
RTO.L,Industrials,Specialty Business Services,10602976256,GBp
RTX,Industrials,Aerospace & Defense,237370261504,USD
RUM,Communication Services,Internet Content & Information,2107819136,USD
RUN,Technology,Solar,4607729152,USD
RUSHA,Consumer Cyclical,Auto & Truck Dealerships,3711245312,USD
RUSHB,Consumer Cyclical,Auto & Truck Dealerships,3711985664,USD
RVLV,Consumer Cyclical,Internet Retail,1518597376,USD
RVMD,Healthcare,Biotechnology,11090746368,USD
RVSB,Financial Services,Banks - Regional,108931560,USD
RVTY,Healthcare,Diagnostics & Research,10791267328,USD
RWC.AX,Industrials,Building Products & Equipment,3096389120,AUD
RWT,Real Estate,REIT - Mortgage,650242880,USD
RXL.PA,Technology,Electronics & Computer Distribution,8660271104,EUR
RXO,Industrials,Trucking,2889455104,USD
RXRX,Healthcare,Biotechnology,2374824192,USD
RXST,Healthcare,Medical Devices,355150592,USD
RXT,Technology,Software - Infrastructure,375796256,USD
RY,Financial Services,Banks - Diversified,208495329280,USD
RYAM,Basic Materials,Chemicals,448905888,USD
RYAN,Financial Services,Insurance - Specialty,14063678464,USD
RYI,Industrials,Metal Fabrication,674786176,USD
RYM.NZ,Healthcare,Medical Care Facilities,2925299968,NZD
RYN,Real Estate,REIT - Specialty,3395895552,USD
RYTM,Healthcare,Biotechnology,7554620928,USD
RZLT,Healthcare,Biotechnology,826535296,USD
RZLV,Technology,Software - Infrastructure,1323326848,USD
S,Technology,Software - Infrastructure,5925645824,USD
S32.AX,Basic Materials,Other Industrial Metals & Mining,14232744960,AUD
S58.SI,Industrials,Airports & Air Services,5137397248,SGD
S63.SI,Industrials,Aerospace & Defense,26408951808,SGD
S68.SI,Financial Services,Financial Data & Stock Exchanges,18286843904,SGD
SAB.MC,Financial Services,Banks - Diversified,16296511488,EUR
SABR,Technology,Software - Infrastructure,792973888,USD
SAFE,Real Estate,REIT - Diversified,1039026240,USD
SAFT,Financial Services,Insurance - Property & Casualty,1016229504,USD
SAFX,Utilities,Utilities - Renewable,133324496,USD
SAH,Consumer Cyclical,Auto & Truck Dealerships,2155612928,USD
SAIA,Industrials,Trucking,7581962240,USD
SAIC,Technology,Information Technology Services,4206871296,USD
SAIL,Technology,Software - Infrastructure,11962091520,USD
SAM,Consumer Defensive,Beverages - Brewers,2185071872,USD
SAMG,Financial Services,Asset Management,115563832,USD
SAN,Financial Services,Banks - Diversified,150619488256,USD
SAN.MC,Financial Services,Banks - Diversified,128666017792,EUR
SAN.NZ,Consumer Defensive,Farm Products,575997760,NZD
SANA,Healthcare,Biotechnology,1175634688,USD
SANB11.SA,Financial Services,Banks - Regional,148740472832,BRL
SANM,Technology,Electronic Components,7639478272,USD
SARO,Industrials,Aerospace & Defense,9519024128,USD
SATL,Industrials,Aerospace & Defense,250529984,USD
SATS,Communication Services,Telecom Services,21685186560,USD
SAX.DE,Communication Services,Advertising Agencies,2079561472,EUR
SB,Industrials,Marine Shipping,471695648,USD
SBAC,Real Estate,REIT - Specialty,20779986944,USD
SBC,Industrials,Consulting Services,334400832,USD
SBCF,Financial Services,Banks - Regional,2976169472,USD
SBFG,Financial Services,Banks - Regional,118083792,USD
SBGI,Communication Services,Broadcasting,951376256,USD
SBH,Consumer Cyclical,Specialty Retail,1412931584,USD
SBILIFE.NS,Financial Services,Insurance - Life,1976562876416,INR
SBIN.NS,Financial Services,Banks - Regional,8839238778880,INR
SBM.AX,Basic Materials,Gold,629093824,AUD
SBMO.AS,Energy,Oil & Gas Equipment & Services,3752734976,EUR
SBRA,Real Estate,REIT - Healthcare Facilities,4289881856,USD
SBRY.L,Consumer Defensive,Grocery Stores,7641588224,GBp
SBSI,Financial Services,Banks - Regional,859289856,USD
SBSP3.SA,Utilities,Utilities - Regulated Water,90735935488,BRL
SBUX,Consumer Cyclical,Restaurants,92043419648,USD
SCB.BK,Financial Services,Banks - Regional,441091063808,THB
SCC.BK,Industrials,Conglomerates,234600005632,THB
SCCO,Basic Materials,Copper,112317997056,USD
SCG.AX,Real Estate,REIT - Retail,21021132800,AUD
SCGP.BK,Consumer Cyclical,Packaging & Containers,76413976576,THB
SCHL,Communication Services,Publishing,716454592,USD
SCHW,Financial Services,Capital Markets,169087680512,USD
SCI,Consumer Cyclical,Personal Services,11414968320,USD
SCL,Basic Materials,Specialty Chemicals,961877184,USD
SCL.NZ,Consumer Defensive,Packaged Foods,874216960,NZD
SCP.AX,Industrials,Consulting Services,14649573,AUD
SCS,Consumer Cyclical,"Furnishings, Fixtures & Appliances",1817506432,USD
SCSC,Technology,Electronics & Computer Distribution,932998144,USD
SCVL,Consumer Cyclical,Apparel Retail,487783680,USD
SCYR.MC,Industrials,Engineering & Construction,3030243840,EUR
SD,Energy,Oil & Gas E&P,442860064,USD
SDF.AX,Financial Services,Insurance Brokers,6322771968,AUD
SDF.DE,Basic Materials,Agricultural Inputs,1984318592,EUR
SDGR,Healthcare,Health Information Services,1512602752,USD
SDR.L,Financial Services,Asset Management,5916992000,GBp
SDRL,Energy,Oil & Gas Drilling,1976278272,USD
SEAT,Communication Services,Internet Content & Information,125443560,USD
SEB,Industrials,Conglomerates,3447158016,USD
SEE,Consumer Cyclical,Packaging & Containers,4998284288,USD
SEG,Real Estate,Real Estate Services,305569856,USD
SEI,Energy,Oil & Gas Equipment & Services,3647448064,USD
SEIC,Financial Services,Asset Management,9902899200,USD
SEK.AX,Communication Services,Internet Content & Information,9644945408,AUD
SEM,Healthcare,Medical Care Facilities,1661632128,USD
SEM.LS,Basic Materials,Paper & Paper Products,1426187776,EUR
SEMR,Technology,Software - Application,1090012160,USD
SENEA,Consumer Defensive,Packaged Foods,726076288,USD
SEPN,Healthcare,Biotechnology,893931968,USD
SERV,Industrials,Specialty Industrial Machinery,794969408,USD
SEVN,Real Estate,REIT - Mortgage,142371072,USD
SEZL,Financial Services,Credit Services,2180563712,USD
SF,Financial Services,Capital Markets,12145064960,USD
SFBC,Financial Services,Banks - Regional,105551280,USD
SFBS,Financial Services,Banks - Regional,3863920640,USD
SFD,Consumer Defensive,Packaged Foods,8628824064,USD
SFIX,Consumer Cyclical,Apparel Retail,566214336,USD
SFL,Industrials,Marine Shipping,986241728,USD
SFM,Consumer Defensive,Grocery Stores,8161506304,USD
SFNC,Financial Services,Banks - Regional,2509151232,USD
SFR.AX,Basic Materials,Copper,7297382912,AUD
SFST,Financial Services,Banks - Regional,361224608,USD
SG,Consumer Cyclical,Restaurants,757738368,USD
SGC,Consumer Cyclical,Apparel Manufacturing,157607040,USD
SGE.L,Technology,Software - Application,11053970432,GBp
SGHC,Consumer Cyclical,Gambling,5339533312,USD
SGHT,Healthcare,Medical Devices,267073536,USD
SGI,Consumer Cyclical,"Furnishings, Fixtures & Appliances",16681906176,USD
SGM.AX,Basic Materials,Steel,3043216128,AUD
SGP.AX,Real Estate,REIT - Diversified,15285147648,AUD
SGR.AX,Consumer Cyclical,Resorts & Casinos,255312608,AUD
SGRO.L,Real Estate,REIT - Industrial,9685442560,GBp
SGRY,Healthcare,Medical Care Facilities,2782144256,USD
SHAK,Consumer Cyclical,Restaurants,3992643840,USD
SHBI,Financial Services,Banks - Regional,524386016,USD
SHC,Healthcare,Diagnostics & Research,4718013952,USD
SHEL.L,Energy,Oil & Gas Integrated,162226946048,GBp
SHELL.AS,Energy,Oil & Gas Integrated,184237801472,EUR
SHEN,Communication Services,Telecom Services,668110336,USD
SHL.AX,Healthcare,Diagnostics & Research,10383125504,AUD
SHLS,Technology,Solar,1730530432,USD
SHO,Real Estate,REIT - Hotel & Motel,1713087360,USD
SHOO,Consumer Cyclical,Footwear & Accessories,2382998528,USD
SHOP,Technology,Software - Application,225276510208,USD
SHRIRAMFIN.NS,Financial Services,Credit Services,1498302644224,INR
SHW,Basic Materials,Specialty Chemicals,85681922048,USD
SIEB,Financial Services,Capital Markets,111578344,USD
SIGA,Healthcare,Drug Manufacturers - Specialty & Generic,587169216,USD
SIGI,Financial Services,Insurance - Property & Casualty,4471482368,USD
SILA,Real Estate,REIT - Healthcare Facilities,1297948928,USD
SION,Healthcare,Biotechnology,1591682176,USD
SIRI,Communication Services,Entertainment,7367333888,USD
SITC,Real Estate,REIT - Retail,384926112,USD
SITE,Industrials,Industrial Distribution,5554593792,USD
SITM,Technology,Semiconductors,7495384576,USD
SJM,Consumer Defensive,Packaged Foods,11056849920,USD
SKC.NZ,Consumer Cyclical,Resorts & Casinos,810745536,NZD
SKIL,Consumer Defensive,Education & Training Services,112875224,USD
SKIN,Consumer Defensive,Household & Personal Products,173750800,USD
SKL.NZ,Industrials,Specialty Industrial Machinery,1090157952,NZD
SKO.NZ,Technology,Software - Infrastructure,329891904,NZD
SKT,Real Estate,REIT - Retail,3709843968,USD
SKT.NZ,Communication Services,Entertainment,494253312,NZD
SKWD,Financial Services,Insurance - Property & Casualty,1822741120,USD
SKY,Consumer Cyclical,Residential Construction,3764107008,USD
SKYH,Real Estate,Real Estate - Development,750879744,USD
SKYT,Technology,Semiconductors,774185344,USD
SKYW,Industrials,Airlines,4032447232,USD
SKYX,Industrials,Electrical Equipment & Parts,185862544,USD
SLAB,Technology,Semiconductors,4199046912,USD
SLB,Energy,Oil & Gas Equipment & Services,55305052160,USD
SLDB,Healthcare,Biotechnology,404919168,USD
SLDE,Financial Services,Insurance - Property & Casualty,2023018752,USD
SLDP,Consumer Cyclical,Auto Parts,1163845760,USD
SLG,Real Estate,REIT - Office,3824891904,USD
SLGN,Consumer Cyclical,Packaging & Containers,4156685056,USD
SLM,Financial Services,Credit Services,5532803584,USD
SLND,Industrials,Engineering & Construction,244590928,USD
SLNO,Healthcare,Biotechnology,3488969984,USD
SLP,Healthcare,Health Information Services,340953248,USD
SLQT,Financial Services,Insurance Brokers,362322784,USD
SLR.MC,Utilities,Utilities - Renewable,1871764096,EUR
SLS,Healthcare,Biotechnology,263921600,USD
SLSN,Consumer Defensive,Household & Personal Products,227656688,USD
SLVM,Basic Materials,Paper & Paper Products,1584219136,USD
SM,Energy,Oil & Gas E&P,2216623616,USD
SMA,Real Estate,REIT - Industrial,1909372288,USD
SMBC,Financial Services,Banks - Regional,605010368,USD
SMBK,Financial Services,Banks - Regional,597853120,USD
SMC,Energy,Oil & Gas Midstream,268831328,USD
SMCI,Technology,Computer Hardware,30159368192,USD
SMG,Basic Materials,Agricultural Inputs,3117883136,USD
SMHI,Industrials,Marine Shipping,189643120,USD
SMID,Basic Materials,Building Materials,194360768,USD
SMIN.L,Industrials,Specialty Industrial Machinery,8199174144,GBp
SMLR,Healthcare,Medical Devices,384763168,USD
SMMT,Healthcare,Biotechnology,13563743232,USD
SMP,Consumer Cyclical,Auto Parts,817049920,USD
SMPL,Consumer Defensive,Packaged Foods,1980181120,USD
SMR,Industrials,Specialty Industrial Machinery,5466866688,USD
SMT.L,Financial Services,Asset Management,12705184768,GBp
SMTC,Technology,Semiconductors,5835550208,USD
SMTI,Healthcare,Medical Instruments & Supplies,258079152,USD
SN,Consumer Cyclical,"Furnishings, Fixtures & Appliances",12039058432,USD
SN.L,Healthcare,Medical Devices,11944024064,GBp
SNA,Industrials,Tools & Accessories,17567113216,USD
SNBR,Consumer Cyclical,"Furnishings, Fixtures & Appliances",116359816,USD
SNCR,Technology,Software - Infrastructure,64064768,USD
SNCY,Industrials,Airlines,656824320,USD
SNDA,Healthcare,Medical Care Facilities,482248032,USD
SNDK,Technology,Computer Hardware,30307207168,USD
SNDR,Industrials,Trucking,3747905280,USD
SNDX,Healthcare,Biotechnology,1185312128,USD
SNEX,Financial Services,Capital Markets,4522950656,USD
SNFCA,Financial Services,Mortgage Finance,220981024,USD
SNOW,Technology,Software - Application,93895041024,USD
SNPS,Technology,Software - Infrastructure,82791899136,USD
SNV,Financial Services,Banks - Regional,6207719936,USD
SNWV,Healthcare,Medical Devices,234934704,USD
SNX,Technology,Electronics & Computer Distribution,12486052864,USD
SO,Utilities,Utilities - Regulated Electric,102567919616,USD
SOC,Energy,Oil & Gas Drilling,723417664,USD
SOFI,Financial Services,Credit Services,36895965184,USD
SOI.PA,Technology,Semiconductor Equipment & Materials,1416679680,EUR
SOL.AX,Financial Services,Capital Markets,14212795392,AUD
SOLS,Technology,Semiconductor Equipment & Materials,6985346560,USD
SOLV,Healthcare,Medical Instruments & Supplies,11811176448,USD
SON,Consumer Cyclical,Packaging & Containers,3934470912,USD
SON.LS,Consumer Defensive,Grocery Stores,2702038528,EUR
SONO,Technology,Consumer Electronics,2031997440,USD
SOUN,Technology,Software - Application,6975513088,USD
SPB,Consumer Defensive,Household & Personal Products,1304275072,USD
SPFI,Financial Services,Banks - Regional,591583808,USD
SPG,Real Estate,REIT - Retail,66641162240,USD
SPG.NZ,Real Estate,Real Estate Services,822409152,NZD
SPGI,Financial Services,Financial Data & Stock Exchanges,150497656832,USD
SPHR,Communication Services,Entertainment,2388201216,USD
SPIR,Industrials,Specialty Business Services,346815520,USD
SPK.NZ,Communication Services,Telecom Services,4535875072,NZD
SPM.MI,Energy,Oil & Gas Equipment & Services,4409757696,EUR
SPNS,Technology,Software - Application,2408758528,USD
SPNT,Financial Services,Insurance - Reinsurance,2205460224,USD
SPOK,Healthcare,Health Information Services,286520512,USD
SPOT,Communication Services,Internet Content & Information,132539400192,USD
SPR,Industrials,Aerospace & Defense,4288422400,USD
SPRY,Healthcare,Biotechnology,851883008,USD
SPSC,Technology,Software - Application,3112131584,USD
SPT,Technology,Software - Application,611089920,USD
SPWR,Technology,Solar,151273568,USD
SPX.L,Industrials,Specialty Industrial Machinery,5221914624,GBp
SPXC,Industrials,Building Products & Equipment,10721126400,USD
SR,Utilities,Utilities - Regulated Gas,5183582720,USD
SRBK,Financial Services,Banks - Regional,115319824,USD
SRCE,Financial Services,Banks - Regional,1462905728,USD
SRDX,Healthcare,Medical Devices,404908672,USD
SRE,Utilities,Utilities - Diversified,60405899264,USD
SRG.MI,Utilities,Utilities - Regulated Gas,18133866496,EUR
SRPT,Healthcare,Biotechnology,2559228928,USD
SRRK,Healthcare,Biotechnology,2766542848,USD
SRTA,Industrials,Airports & Air Services,434164064,USD
SSB,Financial Services,Banks - Regional,8930789376,USD
SSD,Basic Materials,Lumber & Wood Production,7230589440,USD
SSE.L,Utilities,Utilities - Diversified,21127655424,GBp
SSNC,Technology,Software - Application,20681322496,USD
SSP,Communication Services,Broadcasting,207582864,USD
SSRM,Basic Materials,Gold,4653428736,USD
SSTI,Technology,Software - Application,121900616,USD
SSTK,Communication Services,Internet Content & Information,802424832,USD
ST,Technology,Scientific & Technical Instruments,4635689472,USD
STAA,Healthcare,Medical Instruments & Supplies,1246980736,USD
STAG,Real Estate,REIT - Industrial,7353390080,USD
STAN.L,Financial Services,Banks - Diversified,35983994880,GBp
STBA,Financial Services,Banks - Regional,1419735552,USD
STC,Financial Services,Insurance - Property & Casualty,1923012480,USD
STE,Healthcare,Medical Devices,23373791232,USD
STEL,Financial Services,Banks - Regional,1522828032,USD
STEP,Financial Services,Asset Management,7489690624,USD
STGW,Communication Services,Advertising Agencies,1228839168,USD
STIM,Healthcare,Medical Devices,183165744,USD
STJ.L,Financial Services,Asset Management,6758881280,GBp
STKL,Consumer Defensive,Beverages - Non-Alcoholic,620576384,USD
STLAM.MI,Consumer Cyclical,Auto Manufacturers,24918134784,EUR
STLD,Basic Materials,Steel,22777057280,USD
STM.DE,Industrials,Specialty Industrial Machinery,538498048,EUR
STMMI.MI,Technology,Semiconductors,18602799104,EUR
STNE,Technology,Software - Infrastructure,5088314368,USD
STNG,Energy,Oil & Gas Midstream,3189623296,USD
STO.AX,Energy,Oil & Gas E&P,20590880768,AUD
STOK,Healthcare,Biotechnology,1430212608,USD
STRA,Consumer Defensive,Education & Training Services,1783926400,USD
STRL,Industrials,Engineering & Construction,12060044288,USD
STRS,Real Estate,Real Estate - Diversified,149537744,USD
STRT,Consumer Cyclical,Auto Parts,284096192,USD
STRW,Real Estate,REIT - Healthcare Facilities,640389824,USD
STRZ,Communication Services,Entertainment,179425008,USD
STT,Financial Services,Asset Management,32592969728,USD
STWD,Real Estate,REIT - Mortgage,6830272512,USD
STX,Technology,Computer Hardware,56710352896,USD
STXS,Healthcare,Medical Instruments & Supplies,253167552,USD
STZ,Consumer Defensive,Beverages - Brewers,22902353920,USD
SUI,Real Estate,REIT - Residential,16019710976,USD
SUL.AX,Consumer Cyclical,Specialty Retail,3613223936,AUD
SUM.NZ,Healthcare,Medical Care Facilities,2857312000,NZD
SUN.AX,Financial Services,Insurance - Property & Casualty,21006245888,AUD
SUNPHARMA.NS,Healthcare,Drug Manufacturers - Specialty & Generic,4054875897856,INR
SUNS,Real Estate,REIT - Mortgage,127767792,USD
SUPN,Healthcare,Drug Manufacturers - Specialty & Generic,3123271168,USD
SUZB3.SA,Basic Materials,Paper & Paper Products,60720197632,BRL
SVC,Real Estate,REIT - Hotel & Motel,347070528,USD
SVCO,Technology,Software - Application,175000944,USD
SVRA,Healthcare,Biotechnology,859563008,USD
SVT.L,Utilities,Utilities - Regulated Water,8411728384,GBp
SVV,Consumer Cyclical,Specialty Retail,1340431616,USD
SW,Consumer Cyclical,Packaging & Containers,19095814144,USD
SW.PA,Industrials,Specialty Business Services,6949091328,EUR
SWBI,Industrials,Aerospace & Defense,409274624,USD
SWIM,Industrials,Building Products & Equipment,847260736,USD
SWK,Industrials,Tools & Accessories,10272013312,USD
SWKH,Financial Services,Asset Management,196301840,USD
SWKS,Technology,Semiconductors,11379948544,USD
SWX,Utilities,Utilities - Regulated Gas,5828163584,USD
SXC,Basic Materials,Coking Coal,697643776,USD
SXI,Industrials,Specialty Industrial Machinery,2842042112,USD
SXT,Basic Materials,Specialty Chemicals,3903062784,USD
SYBT,Financial Services,Banks - Regional,1941113600,USD
SYDB.CO,Financial Services,Banks - Regional,27138496512,DKK
SYF,Financial Services,Credit Services,26656264192,USD
SYK,Healthcare,Medical Devices,136968855552,USD
SYNA,Technology,Semiconductors,2773346048,USD
SYRE,Healthcare,Biotechnology,1842844288,USD
SYY,Consumer Defensive,Food Distribution,34908971008,USD
T,Communication Services,Telecom Services,173904199680,USD
TAEE11.SA,Utilities,Utilities - Regulated Electric,13363112960,BRL
TAH.AX,Consumer Cyclical,Gambling,2403023104,AUD
TALK,Healthcare,Health Information Services,549292160,USD
TALO,Energy,Oil & Gas E&P,1723874560,USD
TAP,Consumer Defensive,Beverages - Brewers,8547762688,USD
TARA,Healthcare,Biotechnology,197539136,USD
TARS,Healthcare,Biotechnology,2946122240,USD
TATACONSUM.NS,Consumer Defensive,Packaged Foods,1166969667584,INR
TATAMOTORS.NS,Consumer Cyclical,Auto Manufacturers,1494474162176,INR
TATASTEEL.NS,Basic Materials,Steel,2238158471168,INR
TBBK,Financial Services,Banks - Regional,2802202368,USD
TBCH,Technology,Consumer Electronics,329384352,USD
TBI,Industrials,Staffing & Employment Services,139936064,USD
TBPH,Healthcare,Biotechnology,766498944,USD
TBRG,Healthcare,Health Information Services,288223552,USD
TCAP.BK,Financial Services,Credit Services,53478850560,THB
TCBI,Financial Services,Banks - Regional,3893853952,USD
TCBK,Financial Services,Banks - Regional,1459558912,USD
TCBX,Financial Services,Banks - Regional,506031936,USD
TCI,Real Estate,Real Estate Services,382721696,USD
TCL.AX,Industrials,Infrastructure Operations,45007167488,AUD
TCMD,Healthcare,Medical Devices,351547136,USD
TCS.NS,Technology,Information Technology Services,10966556213248,INR
TCX,Technology,Software - Infrastructure,208938816,USD
TDC,Technology,Software - Infrastructure,2040254976,USD
TDG,Industrials,Aerospace & Defense,73255370752,USD
TDOC,Healthcare,Health Information Services,1444633600,USD
TDS,Communication Services,Telecom Services,4552849920,USD
TDUP,Consumer Cyclical,Internet Retail,1046867456,USD
TDW,Energy,Oil & Gas Equipment & Services,2567168000,USD
TDY,Technology,Scientific & Technical Instruments,24335636480,USD
TE,Industrials,Electrical Equipment & Parts,652744320,USD
TEAD,Communication Services,Internet Content & Information,136759264,USD
TEAM,Technology,Software - Application,46328602624,USD
TECH,Healthcare,Biotechnology,9537779712,USD
TECHM.NS,Technology,Information Technology Services,1252071178240,INR
TECX,Healthcare,Biotechnology,327649376,USD
TEF.MC,Communication Services,Telecom Services,21840666624,EUR
TEG.DE,Real Estate,Real Estate - Diversified,2571945728,EUR
TEL,Technology,Electronic Components,72717565952,USD
TEM,Healthcare,Health Information Services,15411371008,USD
TEN.MI,Energy,Oil & Gas Equipment & Services,18098247680,EUR
TENB,Technology,Software - Infrastructure,3483386624,USD
TER,Technology,Semiconductor Equipment & Materials,28670283776,USD
TERN,Healthcare,Biotechnology,1227779968,USD
TEX,Industrials,Farm & Heavy Construction Machinery,3021506560,USD
TFC,Financial Services,Banks - Regional,56568274944,USD
TFIN,Financial Services,Banks - Regional,1299858048,USD
TFSL,Financial Services,Banks - Regional,3833928960,USD
TFX,Healthcare,Medical Instruments & Supplies,5429087232,USD
TG,Industrials,Metal Fabrication,228465584,USD
TGLS,Basic Materials,Building Materials,2756265984,USD
TGNA,Communication Services,Broadcasting,3175920128,USD
TGT,Consumer Defensive,Discount Stores,41554800640,USD
TGTX,Healthcare,Biotechnology,5345444352,USD
TH,Industrials,Specialty Business Services,776279104,USD
THC,Healthcare,Medical Care Facilities,17699160064,USD
THFF,Financial Services,Banks - Regional,635076096,USD
THG,Financial Services,Insurance - Property & Casualty,6075961856,USD
THL.NZ,Consumer Cyclical,Recreational Vehicles,559378112,NZD
THO,Consumer Cyclical,Recreational Vehicles,5489643520,USD
THR,Industrials,Specialty Industrial Machinery,964176064,USD
THRM,Consumer Cyclical,Auto Parts,1144692992,USD
THRY,Communication Services,Internet Content & Information,306345568,USD
THS,Consumer Defensive,Packaged Foods,947380032,USD
TIC,Industrials,Specialty Business Services,2685301760,USD
TIDLOR.BK,Financial Services,Credit Services,61683298304,THB
TIGO,Communication Services,Telecom Services,7752233472,USD
TILE,Consumer Cyclical,"Furnishings, Fixtures & Appliances",1509812480,USD
TIMS3.SA,Communication Services,Telecom Services,59064860672,BRL
TIPT,Financial Services,Insurance - Specialty,692174336,USD
TISCO.BK,Financial Services,Banks - Regional,86469730304,THB
TIT.MI,Communication Services,Telecom Services,11061875712,EUR
TITAN.NS,Consumer Cyclical,Luxury Goods,3402910138368,INR
TITN,Industrials,Industrial Distribution,391263616,USD
TJX,Consumer Cyclical,Apparel Retail,156267741184,USD
TK,Energy,Oil & Gas Midstream,821993472,USD
TKA.DE,Industrials,Conglomerates,5757173248,EUR
TKNO,Healthcare,Drug Manufacturers - Specialty & Generic,271857056,USD
TKO,Communication Services,Entertainment,15417915392,USD
TKR,Industrials,Tools & Accessories,5429652480,USD
TLC.AX,Consumer Cyclical,Gambling,12151731200,AUD
TLI.BK,Financial Services,Insurance - Life,114500001792,THB
TLN,Utilities,Utilities - Independent Power Producers,18892705792,USD
TLS,Technology,Software - Infrastructure,496561536,USD
TLS.AX,Communication Services,Telecom Services,55162408960,AUD
TLSI,Healthcare,Medical Devices,234874896,USD
TLX.AX,Healthcare,Biotechnology,5361943040,AUD
TLX.DE,Financial Services,Insurance - Diversified,27139866624,EUR
TMCI,Healthcare,Medical Devices,416310912,USD
TMDX,Healthcare,Medical Devices,4262221824,USD
TMHC,Consumer Cyclical,Residential Construction,5714960384,USD
TMO,Healthcare,Diagnostics & Research,212229980160,USD
TMP,Financial Services,Banks - Regional,936340352,USD
TMUS,Communication Services,Telecom Services,227414769664,USD
TMV.DE,Technology,Software - Application,962987456,EUR
TNC,Industrials,Specialty Industrial Machinery,1470512000,USD
TNDM,Healthcare,Medical Devices,970297600,USD
TNE.AX,Technology,Software - Application,12063529984,AUD
TNET,Industrials,Staffing & Employment Services,2882782208,USD
TNGX,Healthcare,Biotechnology,1059591552,USD
TNK,Energy,Oil & Gas Midstream,2093406592,USD
TNL,Consumer Cyclical,Travel Services,4071994368,USD
TNXP,Healthcare,Biotechnology,215222832,USD
TOI,Healthcare,Medical Care Facilities,419836384,USD
TOL,Consumer Cyclical,Residential Construction,12848817152,USD
TOP.BK,Energy,Oil & Gas Refining & Marketing,80418078720,THB
TOST,Technology,Software - Infrastructure,20824760320,USD
TOTS3.SA,Technology,Software - Application,25503076352,BRL
TOWN,Financial Services,Banks - Regional,2571488000,USD
TPB,Consumer Defensive,Tobacco,1687838464,USD
TPC,Industrials,Engineering & Construction,3597616896,USD
TPG,Financial Services,Asset Management,20711124992,USD
TPG.AX,Communication Services,Telecom Services,10151294976,AUD
TPH,Consumer Cyclical,Residential Construction,2680889600,USD
TPL,Energy,Oil & Gas E&P,21248141312,USD
TPR,Consumer Cyclical,Luxury Goods,22010896384,USD
TR,Consumer Defensive,Confectioners,1541232000,USD
TRA.NZ,Consumer Cyclical,Auto & Truck Dealerships,671506560,NZD
TRAK,Technology,Software - Application,274624256,USD
TRC,Industrials,Conglomerates,421966144,USD
TRDA,Healthcare,Biotechnology,257891408,USD
TREE,Financial Services,Financial Conglomerates,898711552,USD
TRENT.NS,Consumer Cyclical,Apparel Retail,1656784814080,INR
TREX,Industrials,Building Products & Equipment,5140813312,USD
TRGP,Energy,Oil & Gas Midstream,33589295104,USD
TRI,Industrials,Specialty Business Services,70390210560,USD
TRIP,Consumer Cyclical,Travel Services,1788457216,USD
TRMB,Technology,Scientific & Technical Instruments,18935199744,USD
TRMK,Financial Services,Banks - Regional,2257106176,USD
TRN,Industrials,Railroads,2136008960,USD
TRN.MI,Utilities,Utilities - Regulated Electric,17911097344,EUR
TRNO,Real Estate,REIT - Industrial,5967733248,USD
TRNS,Industrials,Specialty Business Services,658113408,USD
TROW,Financial Services,Asset Management,22196883456,USD
TROX,Basic Materials,Chemicals,524716544,USD
TRS,Consumer Cyclical,Packaging & Containers,1468121600,USD
TRST,Financial Services,Banks - Regional,711174848,USD
TRTX,Real Estate,REIT - Mortgage,684786752,USD
TRU,Financial Services,Financial Data & Stock Exchanges,15846719488,USD
TRUE,Communication Services,Internet Content & Information,194579040,USD
TRUE.BK,Communication Services,Telecom Services,386983493632,THB
TRUP,Financial Services,Insurance - Property & Casualty,1704738944,USD
TRV,Financial Services,Insurance - Property & Casualty,59705155584,USD
TRVI,Healthcare,Biotechnology,1303012352,USD
TRYG.CO,Financial Services,Insurance - Diversified,96431800320,DKK
TSBK,Financial Services,Banks - Regional,256016592,USD
TSCO,Consumer Cyclical,Specialty Retail,27817164800,USD
TSCO.L,Consumer Defensive,Grocery Stores,29692833792,GBp
TSE,Basic Materials,Specialty Chemicals,53209812,USD
TSHA,Healthcare,Biotechnology,1216665216,USD
TSLA,Consumer Cyclical,Auto Manufacturers,1557713911808,USD
TSM,Technology,Semiconductors,1581163347968,USD
TSN,Consumer Defensive,Farm Products,18368372736,USD
TSSI,Technology,Information Technology Services,556403008,USD
TT,Industrials,Building Products & Equipment,98964332544,USD
TTAM,Basic Materials,Building Materials,2780185856,USD
TTB.BK,Financial Services,Banks - Regional,174585004032,THB
TTC,Industrials,Tools & Accessories,7262349824,USD
TTD,Communication Services,Advertising Agencies,24016873472,USD
TTEC,Technology,Information Technology Services,153629280,USD
TTEK,Industrials,Engineering & Construction,8371960832,USD
TTGT,Technology,Information Technology Services,379606592,USD
TTI,Industrials,Conglomerates,958963904,USD
TTMI,Technology,Electronic Components,7219718144,USD
TTSH,Consumer Cyclical,Home Improvement Retail,279311360,USD
TTWO,Communication Services,Electronic Gaming & Multimedia,47159808000,USD
TU.BK,Consumer Defensive,Packaged Foods,51658256384,THB
TUI1.DE,Consumer Cyclical,Travel Services,3650690816,EUR
TUSK,Industrials,Conglomerates,103617184,USD
TVGN,Healthcare,Biotechnology,115682256,USD
TVRD,Healthcare,Biotechnology,42292224,USD
TVTX,Healthcare,Biotechnology,3089479424,USD
TW,Financial Services,Capital Markets,23012329472,USD
TWE.AX,Consumer Defensive,Beverages - Wineries & Distilleries,4779166208,AUD
TWEKA.AS,Technology,Communication Equipment,1616426752,EUR
TWI,Industrials,Farm & Heavy Construction Machinery,495827296,USD
TWLO,Technology,Software - Infrastructure,20634505216,USD
TWO,Real Estate,REIT - Mortgage,1004062080,USD
TWST,Healthcare,Diagnostics & Research,1905594368,USD
TXG,Healthcare,Health Information Services,1705517568,USD
TXN,Technology,Semiconductors,146706284544,USD
TXNM,Utilities,Utilities - Regulated Electric,6197625344,USD
TXRH,Consumer Cyclical,Restaurants,10701206528,USD
TXT,Industrials,Aerospace & Defense,14094401536,USD
TYL,Technology,Software - Application,20204128256,USD
TYR.AX,Technology,Software - Infrastructure,566192576,AUD
TYRA,Healthcare,Biotechnology,822374912,USD
TZOO,Communication Services,Internet Content & Information,88286752,USD
U,Technology,Software - Application,15865546752,USD
U11.SI,Financial Services,Banks - Regional,57973444608,SGD
U14.SI,Real Estate,Real Estate - Development,6785068544,SGD
U96.SI,Industrials,Conglomerates,11304695808,SGD
UA,Consumer Cyclical,Apparel Manufacturing,1922712192,USD
UAA,Consumer Cyclical,Apparel Manufacturing,1922712320,USD
UAL,Industrials,Airlines,31114457088,USD
UAMY,Basic Materials,Other Industrial Metals & Mining,977704064,USD
UBER,Technology,Software - Application,207957950464,USD
UBFO,Financial Services,Banks - Regional,160826032,USD
UBI.PA,Communication Services,Electronic Gaming & Multimedia,1018193216,EUR
UBSI,Financial Services,Banks - Regional,5083540480,USD
UCB,Financial Services,Banks - Regional,3566378752,USD
UCG.MI,Financial Services,Banks - Regional,97370562560,EUR
UCTT,Technology,Semiconductor Equipment & Materials,1294893696,USD
UDMY,Consumer Defensive,Education & Training Services,810927296,USD
UDR,Real Estate,REIT - Residential,12721565696,USD
UE,Real Estate,REIT - Retail,2572250112,USD
UEC,Energy,Uranium,6764059648,USD
UFCS,Financial Services,Insurance - Property & Casualty,778271168,USD
UFPI,Basic Materials,Lumber & Wood Production,5434353152,USD
UFPT,Healthcare,Medical Devices,1534899712,USD
UGI,Utilities,Utilities - Regulated Gas,7195662336,USD
UGPA3.SA,Energy,Oil & Gas Refining & Marketing,22957248512,BRL
UHAL,Industrials,Rental & Leasing Services,9176251392,USD
UHS,Healthcare,Medical Care Facilities,14045058048,USD
UHT,Real Estate,REIT - Healthcare Facilities,530248352,USD
UI,Technology,Communication Equipment,46838226944,USD
UIS,Technology,Information Technology Services,247386800,USD
ULCC,Industrials,Airlines,844175168,USD
ULH,Industrials,Trucking,422326624,USD
ULTA,Consumer Cyclical,Specialty Retail,23200714752,USD
ULTRACEMCO.NS,Basic Materials,Building Materials,3475835191296,INR
ULVR.L,Consumer Defensive,Household & Personal Products,112762290176,GBp
UMBF,Financial Services,Banks - Regional,8150693888,USD
UMG.AS,Communication Services,Entertainment,42311905280,EUR
UMH,Real Estate,REIT - Residential,1246757376,USD
UNA.AS,Consumer Defensive,Household & Personal Products,128969261056,EUR
UNB,Financial Services,Banks - Regional,103724976,USD
UNF,Industrials,Specialty Business Services,2821892096,USD
UNFI,Consumer Defensive,Food Distribution,2172573696,USD
UNH,Healthcare,Healthcare Plans,302359871488,USD
UNI.MC,Financial Services,Banks - Regional,6076397056,EUR
UNI.MI,Financial Services,Insurance - Diversified,13690240000,EUR
UNIT,Real Estate,REIT - Specialty,1509154688,USD
UNM,Financial Services,Insurance - Life,12420944896,USD
UNP,Industrials,Railroads,129795473408,USD
UNTY,Financial Services,Banks - Regional,455459776,USD
UPB,Healthcare,Biotechnology,1348813952,USD
UPBD,Technology,Software - Application,1158693760,USD
UPS,Industrials,Integrated Freight & Logistics,79747825664,USD
UPST,Financial Services,Credit Services,4574191616,USD
UPWK,Communication Services,Internet Content & Information,2072640768,USD
URBN,Consumer Cyclical,Apparel Retail,5562167296,USD
URGN,Healthcare,Biotechnology,953966464,USD
URI,Industrials,Rental & Leasing Services,54557122560,USD
USAU,Basic Materials,Gold,220348240,USD
USB,Financial Services,Banks - Regional,72540717056,USD
USCB,Financial Services,Banks - Regional,310722720,USD
USFD,Consumer Defensive,Food Distribution,16595147776,USD
USIM5.SA,Basic Materials,Steel,6686101504,BRL
USLM,Basic Materials,Building Materials,3235393024,USD
USNA,Consumer Defensive,Packaged Foods,388276512,USD
USPH,Healthcare,Medical Care Facilities,1321694080,USD
UTDI.DE,Communication Services,Telecom Services,4618186752,EUR
UTHR,Healthcare,Drug Manufacturers - Specialty & Generic,18887208960,USD
UTI,Consumer Defensive,Education & Training Services,1549440256,USD
UTL,Utilities,Utilities - Diversified,878623232,USD
UTMD,Healthcare,Medical Instruments & Supplies,187412032,USD
UTZ,Consumer Defensive,Packaged Foods,910101632,USD
UU.L,Utilities,Utilities - Regulated Water,8237729280,GBp
UUUU,Energy,Uranium,4106013184,USD
UVE,Financial Services,Insurance - Property & Casualty,871478720,USD
UVSP,Financial Services,Banks - Regional,838609728,USD
UVV,Consumer Defensive,Tobacco,1263223680,USD
UWMC,Financial Services,Mortgage Finance,9429718016,USD
V,Financial Services,Credit Services,651315052544,USD
V03.SI,Technology,Electronic Components,4321271808,SGD
VABK,Financial Services,Banks - Regional,212821424,USD
VAC,Consumer Cyclical,Resorts & Casinos,2335322624,USD
VAL,Energy,Oil & Gas Equipment & Services,3965209344,USD
VALE3.SA,Basic Materials,Other Industrial Metals & Mining,276873084928,BRL
VALU,Financial Services,Financial Data & Stock Exchanges,352606912,USD
VBBR3.SA,Consumer Cyclical,Specialty Retail,26237775872,BRL
VC,Consumer Cyclical,Auto Parts,2917683712,USD
VCEL,Healthcare,Biotechnology,1852141824,USD
VCT.NZ,Utilities,Utilities - Diversified,5010000384,NZD
VCTR,Financial Services,Asset Management,4127212544,USD
VCX.AX,Real Estate,REIT - Retail,11361261568,AUD
VCYT,Healthcare,Diagnostics & Research,2867579392,USD
VEA.AX,Energy,Oil & Gas Refining & Marketing,2983071232,AUD
VECO,Technology,Semiconductor Equipment & Materials,1774693760,USD
VEEV,Healthcare,Health Information Services,47979155456,USD
VEL,Financial Services,Mortgage Finance,720339008,USD
VERA,Healthcare,Biotechnology,1655585920,USD
VERX,Technology,Software - Application,3299447552,USD
VFC,Consumer Cyclical,Apparel Manufacturing,5536569856,USD
VGAS,Utilities,Utilities - Renewable,148795728,USD
VGI.BK,Industrials,Conglomerates,25321543680,THB
VGL.NZ,Technology,Software - Application,599474304,NZD
VHI,Basic Materials,Chemicals,382930016,USD
VHP.NZ,Real Estate,REIT - Healthcare Facilities,1538980608,NZD
VIAV,Technology,Communication Equipment,3914908160,USD
VICI,Real Estate,REIT - Diversified,32160534528,USD
VICR,Technology,Electronic Components,4168100096,USD
VIK,Consumer Cyclical,Travel Services,26800158720,USD
VIR,Healthcare,Biotechnology,777932032,USD
VIRC,Consumer Cyclical,"Furnishings, Fixtures & Appliances",114741112,USD
VIRT,Financial Services,Capital Markets,7444328960,USD
VITL,Consumer Defensive,Farm Products,1437994880,USD
VIV.PA,Communication Services,Entertainment,3070988288,EUR
VIVT3.SA,Communication Services,Telecom Services,104225447936,BRL
VKTX,Healthcare,Biotechnology,4069308416,USD
VLGEA,Consumer Defensive,Grocery Stores,469339680,USD
VLO,Energy,Oil & Gas Refining & Marketing,52339638272,USD
VLTO,Industrials,Pollution & Treatment Controls,24566540288,USD
VLY,Financial Services,Banks - Regional,6134981120,USD
VMC,Basic Materials,Building Materials,38126370816,USD
VMD,Healthcare,Medical Devices,254822448,USD
VMEO,Technology,Software - Application,1301979904,USD
VMI,Industrials,Conglomerates,8090051584,USD
VNDA,Healthcare,Biotechnology,264161936,USD
VNO,Real Estate,REIT - Office,7874009600,USD
VNOM,Energy,Oil & Gas Midstream,12337096704,USD
VNT,Technology,Scientific & Technical Instruments,5492034560,USD
VOD.L,Communication Services,Telecom Services,21729464320,GBp
VOXR,Basic Materials,Other Precious Metals & Mining,282632768,USD
VOYA,Financial Services,Financial Conglomerates,7051997184,USD
VOYG,Industrials,Aerospace & Defense,1690069888,USD
VPG,Technology,Scientific & Technical Instruments,504737952,USD
VPK.AS,Energy,Oil & Gas Midstream,4449424384,EUR
VRDN,Healthcare,Biotechnology,2155103744,USD
VRE,Real Estate,REIT - Residential,1589868288,USD
VREX,Healthcare,Medical Devices,499909760,USD
VRM,Consumer Cyclical,Auto & Truck Dealerships,122189872,USD
VRNS,Technology,Software - Infrastructure,4252556032,USD
VRNT,Technology,Software - Infrastructure,1228858752,USD
VRRM,Technology,Information Technology Services,3652430080,USD
VRSK,Industrials,Consulting Services,30020851712,USD
VRSN,Technology,Software - Infrastructure,22670710784,USD
VRT,Industrials,Electrical Equipment & Parts,73179545600,USD
VRTS,Financial Services,Asset Management,1081921024,USD
VRTX,Healthcare,Biotechnology,109222420480,USD
VSAT,Technology,Communication Equipment,5155693568,USD
VSCO,Consumer Cyclical,Apparel Retail,2886723072,USD
VSEC,Industrials,Aerospace & Defense,4233294336,USD
VSH,Technology,Semiconductors,2275129856,USD
VSL.NZ,Basic Materials,Steel,1213058048,NZD
VST,Utilities,Utilities - Independent Power Producers,65405874176,USD
VSTM,Healthcare,Biotechnology,609298176,USD
VSTS,Industrials,Rental & Leasing Services,668428352,USD
VTEX,Technology,Software - Application,796998976,USD
VTLE,Energy,Oil & Gas E&P,628432768,USD
VTOL,Energy,Oil & Gas Equipment & Services,1230645888,USD
VTR,Real Estate,REIT - Healthcare Facilities,34821292032,USD
VTRS,Healthcare,Drug Manufacturers - Specialty & Generic,12156538880,USD
VTS,Energy,Oil & Gas E&P,829034624,USD
VUZI,Technology,Consumer Electronics,270337056,USD
VVV,Consumer Cyclical,Auto & Truck Dealerships,4016828416,USD
VVX,Industrials,Aerospace & Defense,1840488576,USD
VWS.CO,Industrials,Specialty Industrial Machinery,133265211392,DKK
VYGR,Healthcare,Biotechnology,254601840,USD
VYX,Technology,Information Technology Services,1567577344,USD
VZ,Communication Services,Telecom Services,166422315008,USD
W,Consumer Cyclical,Internet Retail,13463923712,USD
WAB,Industrials,Railroads,35032547328,USD
WABC,Financial Services,Banks - Regional,1183795072,USD
WAF.DE,Technology,Semiconductors,1561089664,EUR
WAFD,Financial Services,Banks - Regional,2304938496,USD
WAL,Financial Services,Banks - Regional,8464227840,USD
WALD,Consumer Defensive,Household & Personal Products,217729888,USD
WASH,Financial Services,Banks - Regional,521017504,USD
WAT,Healthcare,Diagnostics & Research,20570943488,USD
WAY,Healthcare,Health Information Services,7084452352,USD
WBC.AX,Financial Services,Banks - Diversified,138016669696,AUD
WBC.NZ,Financial Services,Banks - Diversified,157001662464,NZD
WBD,Communication Services,Entertainment,55184965632,USD
WBS,Financial Services,Banks - Regional,9376438272,USD
WBTN,Communication Services,Internet Content & Information,2283032576,USD
WCC,Industrials,Industrial Distribution,12708828160,USD
WCH.DE,Basic Materials,Specialty Chemicals,3514680576,EUR
WD,Financial Services,Mortgage Finance,2735750400,USD
WDAY,Technology,Software - Application,63460556800,USD
WDC,Technology,Computer Hardware,54026928128,USD
WDFC,Basic Materials,Specialty Chemicals,2633869312,USD
WDS.AX,Energy,Oil & Gas E&P,47413440512,AUD
WEAV,Healthcare,Health Information Services,547492928,USD
WEB.AX,Consumer Cyclical,Travel Services,1495880832,AUD
WEC,Utilities,Utilities - Regulated Electric,35980795904,USD
WEGE3.SA,Industrials,Electrical Equipment & Parts,180121223168,BRL
WEIR.L,Industrials,Specialty Industrial Machinery,7610829312,GBp
WELL,Real Estate,REIT - Healthcare Facilities,125131333632,USD
WEN,Consumer Cyclical,Restaurants,1606463872,USD
WERN,Industrials,Trucking,1537040896,USD
WES.AX,Consumer Cyclical,Home Improvement Retail,94864482304,AUD
WEST,Consumer Defensive,Packaged Foods,421450880,USD
WEX,Technology,Software - Infrastructure,5167623680,USD
WEYS,Consumer Cyclical,Footwear & Accessories,272540064,USD
WFC,Financial Services,Banks - Diversified,274042093568,USD
WFRD,Energy,Oil & Gas Equipment & Services,5396967424,USD
WGO,Consumer Cyclical,Recreational Vehicles,1041958592,USD
WGS,Healthcare,Diagnostics & Research,3997504768,USD
WH,Consumer Cyclical,Lodging,5609732096,USD
WHA.BK,Real Estate,Real Estate Services,46335184896,THB
WHC.AX,Energy,Thermal Coal,5979573760,AUD
WHD,Energy,Oil & Gas Equipment & Services,3054436352,USD
WHG,Financial Services,Asset Management,157492096,USD
WHR,Consumer Cyclical,"Furnishings, Fixtures & Appliances",3983185152,USD
WHS.NZ,Consumer Cyclical,Department Stores,277474528,NZD
WINA,Consumer Cyclical,Specialty Retail,1473886848,USD
WING,Consumer Cyclical,Restaurants,5977637888,USD
WIPRO.NS,Technology,Information Technology Services,2493152755712,INR
WK,Technology,Software - Application,4751801856,USD
WKC,Energy,Oil & Gas Refining & Marketing,1450083968,USD
WKL.AS,Industrials,Specialty Business Services,24698316800,EUR
WLDN,Industrials,Engineering & Construction,1371772288,USD
WLFC,Industrials,Rental & Leasing Services,964436352,USD
WLK,Basic Materials,Specialty Chemicals,8758495232,USD
WLY,Communication Services,Publishing,1988939136,USD
WM,Industrials,Waste Management,79272148992,USD
WMB,Energy,Oil & Gas Midstream,72086102016,USD
WMK,Consumer Defensive,Grocery Stores,1577715456,USD
WMS,Industrials,Building Products & Equipment,10714309632,USD
WMT,Consumer Defensive,Discount Stores,809961914368,USD
WNC,Industrials,Farm & Heavy Construction Machinery,320891776,USD
WNEB,Financial Services,Banks - Regional,231969056,USD
WOOF,Consumer Cyclical,Specialty Retail,891219264,USD
WOR,Industrials,Metal Fabrication,2768826880,USD
WOR.AX,Energy,Oil & Gas Equipment & Services,7269213696,AUD
WOW,Communication Services,Telecom Services,439853632,USD
WOW.AX,Consumer Defensive,Grocery Stores,34290235392,AUD
WPC,Real Estate,REIT - Diversified,14443849728,USD
WPP.L,Communication Services,Advertising Agencies,3063083264,GBp
WPR.AX,Real Estate,REIT - Specialty,1747312000,AUD
WRB,Financial Services,Insurance - Property & Casualty,27267569664,USD
WRBY,Healthcare,Medical Instruments & Supplies,2411119104,USD
WRLD,Financial Services,Credit Services,637920000,USD
WS,Basic Materials,Steel,1615474560,USD
WSBC,Financial Services,Banks - Regional,2914942208,USD
WSBF,Financial Services,Banks - Regional,283417216,USD
WSC,Industrials,Rental & Leasing Services,3931001088,USD
WSFS,Financial Services,Banks - Regional,2905483264,USD
WSM,Consumer Cyclical,Specialty Retail,23459254272,USD
WSO,Industrials,Industrial Distribution,14678579200,USD
WSR,Real Estate,REIT - Retail,648888832,USD
WST,Healthcare,Medical Instruments & Supplies,20128325632,USD
WT,Financial Services,Asset Management,1683335936,USD
WTB.L,Consumer Cyclical,Lodging,4882520064,GBp
WTBA,Financial Services,Banks - Regional,366598560,USD
WTC.AX,Technology,Software - Application,23021557760,AUD
WTFC,Financial Services,Banks - Regional,8624604160,USD
WTI,Energy,Oil & Gas E&P,307061760,USD
WTM,Financial Services,Insurance - Property & Casualty,4892471296,USD
WTRG,Utilities,Utilities - Regulated Water,10775693312,USD
WTS,Industrials,Specialty Industrial Machinery,9067710464,USD
WTTR,Energy,Oil & Gas Equipment & Services,1441852288,USD
WTW,Financial Services,Insurance Brokers,30065065984,USD
WU,Financial Services,Credit Services,2892388608,USD
WULF,Financial Services,Capital Markets,6603467264,USD
WVE,Healthcare,Biotechnology,1323176960,USD
WWD,Industrials,Aerospace & Defense,15692560384,USD
WWW,Consumer Cyclical,Footwear & Accessories,1815222272,USD
WY,Real Estate,REIT - Specialty,16226581504,USD
WYNN,Consumer Cyclical,Resorts & Casinos,13072968704,USD
XEL,Utilities,Utilities - Regulated Electric,48068521984,USD
XENE,Healthcare,Biotechnology,3170590464,USD
XERS,Healthcare,Biotechnology,1598655616,USD
XHR,Real Estate,REIT - Hotel & Motel,1266952832,USD
XMTR,Industrials,Industrial Distribution,2467178496,USD
XNCR,Healthcare,Biotechnology,994243264,USD
XOM,Energy,Oil & Gas Integrated,479725912064,USD
XOMA,Healthcare,Biotechnology,399620000,USD
XP,Financial Services,Capital Markets,9666533376,USD
XPEL,Consumer Cyclical,Auto Parts,957753856,USD
XPER,Technology,Software - Application,305317056,USD
XPO,Industrials,Trucking,16233069568,USD
XPOF,Consumer Cyclical,Leisure,322799360,USD
XPRO,Energy,Oil & Gas Equipment & Services,1596659584,USD
XRAY,Healthcare,Medical Instruments & Supplies,2503522304,USD
XRO.AX,Technology,Software - Application,24550400000,AUD
XRX,Technology,Information Technology Services,412217952,USD
XYL,Industrials,Specialty Industrial Machinery,36298801152,USD
XYZ,Technology,Software - Infrastructure,45292093440,USD
Y92.SI,Consumer Defensive,Beverages - Wineries & Distilleries,11811329024,SGD
YDUQ3.SA,Consumer Defensive,Education & Training Services,3646392576,BRL
YELP,Communication Services,Internet Content & Information,2084785408,USD
YETI,Consumer Cyclical,Leisure,2724260608,USD
YEXT,Technology,Software - Infrastructure,1042583360,USD
YORW,Utilities,Utilities - Regulated Water,450229152,USD
YOU,Technology,Software - Application,4102087168,USD
YUM,Consumer Cyclical,Restaurants,38682923008,USD
Z,Communication Services,Internet Content & Information,17892964352,USD
Z74.SI,Communication Services,Telecom Services,70014377984,SGD
ZBH,Healthcare,Medical Devices,19785826304,USD
ZBIO,Healthcare,Biotechnology,1475966080,USD
ZBRA,Technology,Communication Equipment,13707646976,USD
ZD,Communication Services,Advertising Agencies,1393688832,USD
ZEAL.CO,Healthcare,Biotechnology,36177682432,DKK
ZETA,Technology,Software - Infrastructure,4194278912,USD
ZEUS,Basic Materials,Steel,394492192,USD
ZG,Communication Services,Internet Content & Information,17895471104,USD
ZGN,Consumer Cyclical,Apparel Manufacturing,2530730240,USD
ZION,Financial Services,Banks - Regional,7643322880,USD
ZIP,Communication Services,Internet Content & Information,355592480,USD
ZIP.AX,Financial Services,Credit Services,4983825920,AUD
ZM,Technology,Software - Application,25822687232,USD
ZS,Technology,Software - Infrastructure,53231812608,USD
ZSPC,Technology,Computer Hardware,22019260,USD
ZTS,Healthcare,Drug Manufacturers - Specialty & Generic,63973539840,USD
ZUMZ,Consumer Cyclical,Apparel Retail,371202336,USD
ZVIA,Consumer Defensive,Beverages - Non-Alcoholic,153581408,USD
ZVRA,Healthcare,Biotechnology,573139264,USD
ZWS,Industrials,Pollution & Treatment Controls,7872182784,USD
ZYME,Healthcare,Biotechnology,1430641408,USD
