Sector,Count,Percentage
Commerce & Industry,53,64.63414634146342
Properties,12,14.634146341463413
Finance,11,13.414634146341465
Utilities,6,7.317073170731707
