Sector,MarketCap,Weight (%)
Commerce & Industry,26580058052608,62.86769242410918
Finance,13667078307840,32.32565082035983
Properties,1321622407168,3.1259281236406555
Utilities,710601310208,1.6807286318903356
