Sector,Count,Percentage
Industrials,5,83.33333333333334
Health Care,1,16.666666666666664
