Sector,Count,Percentage
Industrials,8,33.33333333333333
Materials,4,16.666666666666664
Information Technology,3,12.5
Financials,2,8.333333333333332
Communication Services,1,4.166666666666666
Utilities,1,4.166666666666666
Consumer Staples,1,4.166666666666666
Real Estate,1,4.166666666666666
Energy,1,4.166666666666666
Consumer Discretionary,1,4.166666666666666
Health Care,1,4.166666666666666
