Sector,MarketCap,Weight (%)
Industrials,2711198777344,52.37073303826508
Health Care,2465736163328,47.62926696173492
