Sector,Count,Percentage
Health Care,9,37.5
Industrial Goods and Services,5,20.833333333333336
Banks,3,12.5
"Food, Beverage and Tobacco",2,8.333333333333332
Consumer Products and Services,1,4.166666666666666
Construction and Materials,1,4.166666666666666
Insurance,1,4.166666666666666
Energy,1,4.166666666666666
Utilities,1,4.166666666666666
