Sector,Count,Percentage
Financials,3,33.33333333333333
Industrials,2,22.22222222222222
Health Care,1,11.11111111111111
Consumer Discretionary,1,11.11111111111111
Real Estate,1,11.11111111111111
Consumer Staples,1,11.11111111111111
