Company Ticker,Sector,Industry,MarketCap,Currency,MarketCap_USD
0001.HK,Industrials,Conglomerates,198396297216,HKD,25519834748.672413
0002.HK,Utilities,Utilities - Regulated Electric,168514256896,HKD,21676089973.08662
0003.HK,Utilities,Utilities - Regulated Gas,135657259008,HKD,17449674620.554447
0005.HK,Financial Services,Banks - Diversified,1863953154048,HKD,239761412577.0867
0006.HK,Utilities,Utilities - Independent Power Producers,106661814272,HKD,13719973166.895924
0011.HK,Financial Services,Banks - Regional,284124610560,HKD,36547119131.09914
0012.HK,Real Estate,Real Estate - Diversified,134784212992,HKD,17337374187.688755
0016.HK,Real Estate,Real Estate - Development,284706897920,HKD,36622019103.588356
0017.HK,Real Estate,Real Estate - Diversified,17968523264,HKD,2311301928.5622787
0027.HK,Consumer Cyclical,Resorts & Casinos,168258437120,HKD,21643183721.807873
0066.HK,Industrials,Railroads,179737395200,HKD,23119728987.013123
0101.HK,Real Estate,Real Estate Services,43032064000,HKD,5535240211.5584
0175.HK,Consumer Cyclical,Auto Manufacturers,177686020096,HKD,22855859376.56054
0241.HK,Healthcare,Pharmaceutical Retailers,92212035584,HKD,11861289464.391272
0267.HK,Industrials,Conglomerates,361010167808,HKD,46436954491.24373
0288.HK,Consumer Defensive,Packaged Foods,99562504192,HKD,12806784651.719477
0291.HK,Consumer Defensive,Beverages - Brewers,84084482048,HKD,10815837376.52347
0316.HK,Industrials,Marine Shipping,88556068864,HKD,11391020271.61764
0322.HK,Consumer Defensive,Packaged Foods,64087191552,HKD,8243573901.648692
0386.HK,Energy,Oil & Gas Integrated,695127375872,HKD,89414651434.8409
0388.HK,Financial Services,Financial Data & Stock Exchanges,537918963712,HKD,69192839053.65279
0669.HK,Industrials,Tools & Accessories,162121318400,HKD,20853762458.583042
0688.HK,Real Estate,Real Estate - Development,142064582656,HKD,18273852505.790874
0700.HK,Communication Services,Internet Content & Information,5698343141376,HKD,732981297281.0797
0762.HK,Communication Services,Telecom Services,290986983424,HKD,37429830270.01918
0823.HK,Real Estate,REIT - Retail,106184835072,HKD,13658619046.212404
0836.HK,Utilities,Utilities - Independent Power Producers,98157010944,HKD,12625995211.933287
0857.HK,Energy,Oil & Gas Integrated,1873952112640,HKD,241047584620.15082
0868.HK,Basic Materials,Building Materials,40657559552,HKD,5229806279.709492
0881.HK,Consumer Cyclical,Auto & Truck Dealerships,28285577216,HKD,3638390768.64041
0883.HK,Energy,Oil & Gas E&P,1001117581312,HKD,128774355154.71136
0939.HK,Financial Services,Banks - Diversified,2154359816192,HKD,277116595772.6667
0941.HK,Communication Services,Telecom Services,1901148241920,HKD,244545839047.11478
0960.HK,Real Estate,Real Estate - Development,65039765504,HKD,8366104060.6388235
0968.HK,Technology,Solar,32380534784,HKD,4165127617.5867906
0981.HK,Technology,Semiconductors,689961893888,HKD,88750212387.94978
0992.HK,Technology,Computer Hardware,140668829696,HKD,18094315965.0943
1023.KL,Financial Services,Banks - Regional,81324720128,MYR,19386107085.886913
1038.HK,Utilities,Utilities - Regulated Electric,128500154368,HKD,16529051956.448462
1044.HK,Consumer Defensive,Household & Personal Products,31489345536,HKD,4050493409.903002
1066.KL,Financial Services,Banks - Regional,30184443904,MYR,7195338157.080494
1082.KL,Financial Services,Banks - Regional,19531925504,MYR,4656001260.356526
1088.HK,Energy,Thermal Coal,917716271104,HKD,118046394581.8702
1093.HK,Healthcare,Drug Manufacturers - General,83955015680,HKD,10799184039.927809
1099.HK,Healthcare,Medical Distribution,60571934720,HKD,7791404306.194432
1109.HK,Real Estate,Real Estate - Development,199951548416,HKD,25719887643.67913
1113.HK,Real Estate,Real Estate - Development,138241245184,HKD,17782054312.765034
1155.KL,Financial Services,Banks - Regional,120205017088,MYR,28654354172.520695
1177.HK,Healthcare,Biotechnology,124663480320,HKD,16035538271.649794
1209.HK,Real Estate,Real Estate Services,90295705600,HKD,11614790788.751362
1211.HK,Consumer Cyclical,Auto Manufacturers,936609775616,HKD,120476677403.35146
1295.KL,Financial Services,Banks - Regional,82689556480,MYR,19711455437.93705
1299.HK,Financial Services,Insurance - Life,833591836672,HKD,107225418106.22137
1378.HK,Basic Materials,Aluminum,282675511296,HKD,36360720623.311264
1398.HK,Financial Services,Banks - Diversified,2893392904192,HKD,372178865301.95953
1810.HK,Technology,Consumer Electronics,1130742546432,HKD,145448092193.07602
1876.HK,Consumer Defensive,Beverages - Brewers,102570385408,HKD,13193690217.262285
1928.HK,Consumer Cyclical,Resorts & Casinos,159844253696,HKD,20560862259.4687
1929.HK,Consumer Cyclical,Luxury Goods,133965946880,HKD,17232120126.74253
1961.KL,Consumer Defensive,Packaged Foods,25062936576,MYR,5974478259.309035
1997.HK,Real Estate,Real Estate Services,68983078912,HKD,8873334830.297909
2015.HK,Consumer Cyclical,Auto Manufacturers,157565714432,HKD,20267772386.816822
2020.HK,Consumer Cyclical,Leisure,220531769344,HKD,28367133809.78033
2269.HK,Healthcare,Biotechnology,141377142784,HKD,18185426702.59159
2313.HK,Consumer Cyclical,Textile Manufacturing,99362996224,HKD,12781121822.090855
2318.HK,Financial Services,Insurance - Life,1104658563072,HKD,142092893763.0892
2319.HK,Consumer Defensive,Packaged Foods,54689755136,HKD,7034776016.996762
2331.HK,Consumer Cyclical,Leisure,42848354304,HKD,5511609523.136103
2359.HK,Healthcare,Diagnostics & Research,302696300544,HKD,38936006756.75505
2382.HK,Technology,Electronic Components,76938543104,HKD,9896650962.593384
2388.HK,Financial Services,Banks - Regional,408109318144,HKD,52495346458.45361
2445.KL,Industrials,Conglomerates,23386847232,MYR,5574933724.053872
2628.HK,Financial Services,Insurance - Life,1167987310592,HKD,150238908553.83533
2688.HK,Utilities,Utilities - Regulated Gas,74566057984,HKD,9591476778.11671
2899.HK,Basic Materials,Gold,817993154560,HKD,105218950266.94554
3690.HK,Consumer Cyclical,Internet Retail,610076065792,HKD,78474450388.46445
3692.HK,Healthcare,Drug Manufacturers - Specialty & Generic,212151681024,HKD,27289198021.125736
3816.KL,Industrials,Marine Shipping,34147653632,MYR,8140084208.0956
3968.HK,Financial Services,Banks - Regional,1197217415168,HKD,153998794443.50894
3988.HK,Financial Services,Banks - Diversified,1860820795392,HKD,239358495403.7502
4065.KL,Consumer Defensive,Farm Products,16359887872,MYR,3899854038.2372456
4197.KL,Consumer Cyclical,Auto Manufacturers,13971975168,MYR,3330625748.012175
4677.KL,Utilities,Utilities - Diversified,29311318016,MYR,6987203263.562425
4707.KL,Consumer Defensive,Packaged Foods,26498500608,MYR,6316686606.404444
4863.KL,Communication Services,Telecom Services,28015491072,MYR,6678305306.562109
5183.KL,Basic Materials,Chemicals,30319998976,MYR,7227651642.299884
5211.KL,Industrials,Conglomerates,33928210432,MYR,8087773553.133937
5225.KL,Healthcare,Medical Care Facilities,73163350016,MYR,17440607676.731064
5285.KL,Consumer Defensive,Packaged Foods,36653289472,MYR,8737375224.111677
5296.KL,Consumer Cyclical,Home Improvement Retail,15637835776,MYR,3727731967.2038193
5326.KL,Consumer Cyclical,Department Stores,26123999232,MYR,6227413335.404913
5347.KL,Utilities,Utilities - Regulated Electric,77527588864,MYR,18480950656.36323
5398.KL,Industrials,Engineering & Construction,29579788288,MYR,7051200943.900918
5681.KL,Energy,Oil & Gas Refining & Marketing,22452060160,MYR,5352100097.921844
5819.KL,Financial Services,Banks - Regional,43545382912,MYR,10380305704.087307
5E2.SI,Energy,Oil & Gas Equipment & Services,7348779008,SGD,5624008081.898087
6012.KL,Communication Services,Telecom Services,30556831744,MYR,7284107605.4396105
6033.KL,Energy,Oil & Gas Integrated,36883562496,MYR,8792267481.905233
6098.HK,Real Estate,Real Estate Services,20535670784,HKD,2641515654.3483906
6618.HK,Healthcare,Pharmaceutical Retailers,194649686016,HKD,25037905902.04969
6690.HK,Consumer Cyclical,"Furnishings, Fixtures & Appliances",262389760000,HKD,33751352262.656002
6742.KL,Utilities,Utilities - Diversified,33637134336,MYR,8018387118.624031
6862.HK,Consumer Cyclical,Restaurants,68770496512,HKD,8845990228.636469
6888.KL,Communication Services,Telecom Services,23516807168,MYR,5605913446.236815
6947.KL,Communication Services,Telecom Services,42937319424,MYR,10235356125.720085
7084.KL,Consumer Defensive,Farm Products,15440570368,MYR,3680708032.5648794
8869.KL,Basic Materials,Aluminum,51909591040,MYR,12374157440.71598
8TRA.DE,Industrials,Farm & Heavy Construction Machinery,13699999744,EUR,15743506775.814758
9618.HK,Consumer Cyclical,Internet Retail,357889867776,HKD,46035588425.94755
9633.HK,Consumer Defensive,Beverages - Non-Alcoholic,576943685632,HKD,74212612449.05554
9888.HK,Communication Services,Internet Content & Information,335245377536,HKD,43122814059.682205
9961.HK,Consumer Cyclical,Travel Services,358501482496,HKD,46114260794.34998
9988.HK,Consumer Cyclical,Internet Retail,3034987364352,HKD,390392245669.0164
9999.HK,Communication Services,Electronic Gaming & Multimedia,686386970624,HKD,88290367863.5475
9CI.SI,Real Estate,Real Estate Services,13266881536,SGD,10153121885.802189
A,Healthcare,Diagnostics & Research,41019674624,USD,41019674624.0
A17U.SI,Real Estate,REIT - Industrial,12904435712,SGD,9875742712.85289
A2A.MI,Utilities,Utilities - Diversified,8472214016,EUR,9735938778.061977
A2M.AX,Consumer Defensive,Packaged Foods,6950583808,AUD,4520410599.799521
AA,Basic Materials,Aluminum,9633462272,USD,9633462272.0
AAF.L,Communication Services,Telecom Services,10636929024,GBp,13883611213.980057
AAL,Industrials,Airlines,8805553152,USD,8805553152.0
AAL.L,Basic Materials,Other Industrial Metals & Mining,29802381312,GBp,38898884673.67035
AALB.AS,Industrials,Specialty Industrial Machinery,2933817344,EUR,3371428766.2301183
AAMI,Financial Services,Asset Management,1655226624,USD,1655226624.0
AAOI,Technology,Communication Equipment,2060171136,USD,2060171136.0
AAON,Industrials,Building Products & Equipment,7818791424,USD,7818791424.0
AAP,Consumer Cyclical,Auto Parts,2845654528,USD,2845654528.0
AAPL,Technology,Consumer Electronics,3975577600000,USD,3975577600000.0
AARD,Healthcare,Biotechnology,225390448,USD,225390448.0
AAT,Real Estate,REIT - Diversified,1466262912,USD,1466262912.0
ABAT,Industrials,Waste Management,499338336,USD,499338336.0
ABBV,Healthcare,Drug Manufacturers - General,374439673856,USD,374439673856.0
ABCB,Financial Services,Banks - Regional,4958208000,USD,4958208000.0
ABEO,Healthcare,Biotechnology,245111424,USD,245111424.0
ABEV3.SA,Consumer Defensive,Beverages - Brewers,201298313216,BRL,37395884138.30005
ABF.L,Consumer Defensive,Packaged Foods,15870903296,GBp,20715137844.68951
ABG,Consumer Cyclical,Auto & Truck Dealerships,4568142336,USD,4568142336.0
ABL,Financial Services,Insurance - Life,495913024,USD,495913024.0
ABM,Industrials,Specialty Business Services,2645916672,USD,2645916672.0
ABN.AS,Financial Services,Banks - Diversified,21485553664,EUR,24690362482.631268
ABNB,Consumer Cyclical,Travel Services,77631479808,USD,77631479808.0
ABR,Real Estate,REIT - Mortgage,2078586112,USD,2078586112.0
ABSI,Healthcare,Biotechnology,614538048,USD,614538048.0
ABT,Healthcare,Medical Devices,215341891584,USD,215341891584.0
ABUS,Healthcare,Biotechnology,877979968,USD,877979968.0
AC.PA,Consumer Cyclical,Lodging,10443902976,EUR,12001727032.193434
ACA,Industrials,Engineering & Construction,4991802368,USD,4991802368.0
ACAD,Healthcare,Biotechnology,3774092544,USD,3774092544.0
ACCO,Industrials,Business Equipment & Supplies,328996896,USD,328996896.0
ACDC,Energy,Oil & Gas Equipment & Services,1002026368,USD,1002026368.0
ACEL,Consumer Cyclical,Gambling,842095040,USD,842095040.0
ACGL,Financial Services,Insurance - Diversified,31587799040,USD,31587799040.0
ACHC,Healthcare,Medical Care Facilities,1967905792,USD,1967905792.0
ACHR,Industrials,Aerospace & Defense,6745405440,USD,6745405440.0
ACI,Consumer Defensive,Grocery Stores,9662319616,USD,9662319616.0
ACIC,Financial Services,Insurance - Property & Casualty,572504640,USD,572504640.0
ACIW,Technology,Software - Infrastructure,4919165952,USD,4919165952.0
ACLS,Technology,Semiconductor Equipment & Materials,2599596288,USD,2599596288.0
ACLX,Healthcare,Biotechnology,4776675840,USD,4776675840.0
ACM,Industrials,Engineering & Construction,17451098112,USD,17451098112.0
ACMR,Technology,Semiconductor Equipment & Materials,2655166464,USD,2655166464.0
ACN,Technology,Information Technology Services,154067304448,USD,154067304448.0
ACNB,Financial Services,Banks - Regional,472787968,USD,472787968.0
ACNT,Basic Materials,Chemicals,113165464,USD,113165464.0
ACR,Real Estate,REIT - Mortgage,159071648,USD,159071648.0
ACRE,Real Estate,REIT - Mortgage,241473488,USD,241473488.0
ACRS,Healthcare,Biotechnology,277330464,USD,277330464.0
ACS.MC,Industrials,Engineering & Construction,18857220096,EUR,21669983788.461464
ACT,Financial Services,Insurance - Specialty,5295451648,USD,5295451648.0
ACTG,Industrials,Business Equipment & Supplies,314410688,USD,314410688.0
ACTU,Healthcare,Biotechnology,155730288,USD,155730288.0
ACU,Consumer Defensive,Household & Personal Products,144105632,USD,144105632.0
ACVA,Consumer Cyclical,Auto & Truck Dealerships,1704011264,USD,1704011264.0
ACX.MC,Basic Materials,Steel,2779065344,EUR,3193593787.682918
AD.AS,Consumer Defensive,Grocery Stores,31841310720,EUR,36590795652.43699
ADAM,Real Estate,REIT - Mortgage,605062080,USD,605062080.0
ADANIENT.NS,Energy,Thermal Coal,2809245466624,INR,31680597149.431103
ADANIPORTS.NS,Industrials,Marine Shipping,3134682562560,INR,35350636544.82051
ADBE,Technology,Software - Application,141264945152,USD,141264945152.0
ADC,Real Estate,REIT - Retail,8417891840,USD,8417891840.0
ADCT,Healthcare,Biotechnology,470247424,USD,470247424.0
ADEA,Technology,Software - Application,1563970944,USD,1563970944.0
ADI,Technology,Semiconductors,114925707264,USD,114925707264.0
ADM,Consumer Defensive,Farm Products,28871110656,USD,28871110656.0
ADM.L,Financial Services,Insurance - Property & Casualty,9699453952,GBp,12659993063.188684
ADMA,Healthcare,Biotechnology,3667754240,USD,3667754240.0
ADNT,Consumer Cyclical,Auto Parts,1966151552,USD,1966151552.0
ADP,Technology,Software - Application,104012087296,USD,104012087296.0
ADPT,Healthcare,Biotechnology,2640429824,USD,2640429824.0
ADSK,Technology,Software - Application,64675323904,USD,64675323904.0
ADT,Industrials,Security & Protection Services,7208508928,USD,7208508928.0
ADTN,Technology,Communication Equipment,834944128,USD,834944128.0
ADUS,Healthcare,Medical Care Facilities,2190277376,USD,2190277376.0
ADV,Communication Services,Advertising Agencies,413952544,USD,413952544.0
ADVANC.BK,Communication Services,Telecom Services,901185536000,THB,27677687809.96608
ADYEN.AS,Technology,Software - Infrastructure,46142357504,EUR,53025002305.88989
AEBI,Industrials,Farm & Heavy Construction Machinery,861158272,USD,861158272.0
AEE,Utilities,Utilities - Regulated Electric,27457423360,USD,27457423360.0
AEHR,Technology,Semiconductor Equipment & Materials,780171328,USD,780171328.0
AEIS,Industrials,Electrical Equipment & Parts,7755616768,USD,7755616768.0
AEM,Basic Materials,Gold,81789231104,USD,81789231104.0
AENA.MC,Industrials,Airports & Air Services,35339997184,EUR,40611350037.96234
AEO,Consumer Cyclical,Apparel Retail,2799171328,USD,2799171328.0
AEP,Utilities,Utilities - Regulated Electric,64189050880,USD,64189050880.0
AES,Utilities,Utilities - Diversified,9698114560,USD,9698114560.0
AESI,Energy,Oil & Gas Equipment & Services,1565298304,USD,1565298304.0
AEVA,Technology,Software - Infrastructure,868573056,USD,868573056.0
AEYE,Technology,Software - Application,189216640,USD,189216640.0
AF.PA,Industrials,Airlines,3150585344,EUR,3620530119.5549183
AFCG,Real Estate,REIT - Mortgage,73658200,USD,73658200.0
AFG,Financial Services,Insurance - Property & Casualty,10872972288,USD,10872972288.0
AFL,Financial Services,Insurance - Life,57210925056,USD,57210925056.0
AFRI,Consumer Defensive,Farm Products,252874960,USD,252874960.0
AFRM,Technology,Software - Infrastructure,23791482880,USD,23791482880.0
AFX.DE,Healthcare,Medical Instruments & Supplies,3875006720,EUR,4453006984.862592
AGCO,Industrials,Farm & Heavy Construction Machinery,7854876672,USD,7854876672.0
AGI,Basic Materials,Gold,13187604480,USD,13187604480.0
AGIO,Healthcare,Biotechnology,2340133376,USD,2340133376.0
AGL,Healthcare,Medical Care Facilities,335807072,USD,335807072.0
AGL.AX,Utilities,Utilities - Independent Power Producers,5997393920,AUD,3900490058.969907
AGM,Financial Services,Credit Services,1670165760,USD,1670165760.0
AGN.AS,Financial Services,Insurance - Diversified,10254178304,EUR,11783702819.420774
AGNC,Real Estate,REIT - Mortgage,10780877824,USD,10780877824.0
AGO,Financial Services,Insurance - Specialty,3871708416,USD,3871708416.0
AGX,Industrials,Engineering & Construction,4287250944,USD,4287250944.0
AGYS,Technology,Software - Application,3568689664,USD,3568689664.0
AHCO,Healthcare,Medical Devices,1229856640,USD,1229856640.0
AHH,Real Estate,REIT - Diversified,671745472,USD,671745472.0
AHL,Financial Services,Insurance - Property & Casualty,3374141696,USD,3374141696.0
AHR,Real Estate,REIT - Healthcare Facilities,7712315392,USD,7712315392.0
AHT.L,Industrials,Rental & Leasing Services,20945829888,GBp,27339071085.55653
AI,Technology,Software - Infrastructure,2362743808,USD,2362743808.0
AIA.AX,Industrials,Airports & Air Services,12053182464,AUD,7838957888.52609
AIA.NZ,Industrials,Airports & Air Services,13864758272,NZD,7858058335.554253
AIG,Financial Services,Insurance - Diversified,43744141312,USD,43744141312.0
AII,Financial Services,Insurance - Property & Casualty,459941152,USD,459941152.0
AIN,Consumer Cyclical,Textile Manufacturing,1663766400,USD,1663766400.0
AIOT,Technology,Software - Infrastructure,677891904,USD,677891904.0
AIP,Technology,Semiconductors,558287424,USD,558287424.0
AIR,Industrials,Aerospace & Defense,3391692544,USD,3391692544.0
AIR.NZ,Industrials,Airlines,1968119168,NZD,1115460863.4396033
AIRJ,Industrials,Building Products & Equipment,314890272,USD,314890272.0
AIRO,Industrials,Aerospace & Defense,446415456,USD,446415456.0
AIRS,Healthcare,Medical Care Facilities,648717056,USD,648717056.0
AISP,Technology,Software - Infrastructure,151739504,USD,151739504.0
AIT,Industrials,Industrial Distribution,9555079168,USD,9555079168.0
AIV,Real Estate,REIT - Residential,750085568,USD,750085568.0
AIXA.DE,Technology,Semiconductor Equipment & Materials,1752128256,EUR,2013477634.0060415
AIZ,Financial Services,Insurance - Property & Casualty,10702903296,USD,10702903296.0
AJBU.SI,Real Estate,REIT - Office,5825850368,SGD,4458513382.684774
AJG,Financial Services,Insurance Brokers,62398476288,USD,62398476288.0
AKAM,Technology,Software - Infrastructure,10686523392,USD,10686523392.0
AKBA,Healthcare,Drug Manufacturers - Specialty & Generic,562107456,USD,562107456.0
AKE.PA,Basic Materials,Specialty Chemicals,3813614080,EUR,4382456951.148288
AKR,Real Estate,REIT - Retail,2764364032,USD,2764364032.0
AKRO,Healthcare,Biotechnology,4336115200,USD,4336115200.0
AKZA.AS,Basic Materials,Specialty Chemicals,9662157824,EUR,11103375913.401445
AL,Industrials,Rental & Leasing Services,7137314816,USD,7137314816.0
ALAB,Technology,Semiconductors,31840937984,USD,31840937984.0
ALB,Basic Materials,Specialty Chemicals,11359932416,USD,11359932416.0
ALCO,Consumer Defensive,Farm Products,255890208,USD,255890208.0
ALD.AX,Energy,Oil & Gas Refining & Marketing,7180041728,AUD,4669641807.195668
ALDX,Healthcare,Biotechnology,314038112,USD,314038112.0
ALE,Utilities,Utilities - Diversified,3912346112,USD,3912346112.0
ALEC,Healthcare,Biotechnology,145745760,USD,145745760.0
ALEX,Real Estate,REIT - Retail,1135032064,USD,1135032064.0
ALFEN.AS,Industrials,Electrical Equipment & Parts,209167600,EUR,240367269.30036
ALG,Industrials,Farm & Heavy Construction Machinery,2149080832,USD,2149080832.0
ALGM,Technology,Semiconductors,5357345280,USD,5357345280.0
ALGN,Healthcare,Medical Instruments & Supplies,10041536512,USD,10041536512.0
ALGT,Industrials,Airlines,1136426752,USD,1136426752.0
ALHC,Healthcare,Healthcare Plans,3369544960,USD,3369544960.0
ALIT,Technology,Software - Application,1511097856,USD,1511097856.0
ALK,Industrials,Airlines,4732600320,USD,4732600320.0
ALKS,Healthcare,Drug Manufacturers - Specialty & Generic,4981595136,USD,4981595136.0
ALKT,Technology,Software - Application,2121081088,USD,2121081088.0
ALL,Financial Services,Insurance - Property & Casualty,50395394048,USD,50395394048.0
ALL.AX,Consumer Cyclical,Gambling,38893772800,AUD,25295115876.302845
ALLE,Industrials,Security & Protection Services,14167741440,USD,14167741440.0
ALLO,Healthcare,Biotechnology,261819600,USD,261819600.0
ALLY,Financial Services,Credit Services,12131134464,USD,12131134464.0
ALMS,Healthcare,Biotechnology,474533216,USD,474533216.0
ALMU,Technology,Semiconductors,292413504,USD,292413504.0
ALNT,Technology,Electronic Components,951572736,USD,951572736.0
ALNY,Healthcare,Biotechnology,57346646016,USD,57346646016.0
ALPA4.SA,Consumer Cyclical,Footwear & Accessories,6927275008,BRL,1286903846.6076877
ALQ.AX,Industrials,Consulting Services,11102600192,AUD,7220733247.685919
ALRM,Technology,Software - Application,2448839936,USD,2448839936.0
ALRS,Financial Services,Banks - Regional,536378016,USD,536378016.0
ALSN,Consumer Cyclical,Auto Parts,6770656256,USD,6770656256.0
ALT,Healthcare,Biotechnology,349498752,USD,349498752.0
ALTG,Industrials,Rental & Leasing Services,191967184,USD,191967184.0
ALTI,Financial Services,Asset Management,579280832,USD,579280832.0
ALTR.LS,Basic Materials,Paper & Paper Products,1000975296,EUR,1150281872.2241855
ALV,Consumer Cyclical,Auto Parts,9048231936,USD,9048231936.0
ALW.L,Financial Services,Asset Management,4953470976,GBp,6465406042.979942
ALX,Real Estate,REIT - Retail,1146637696,USD,1146637696.0
ALX.AX,Industrials,Infrastructure Operations,7109933056,AUD,4624045639.621673
AM,Energy,Oil & Gas Midstream,8320524288,USD,8320524288.0
AMAL,Financial Services,Banks - Regional,827741440,USD,827741440.0
AMAT,Technology,Semiconductor Equipment & Materials,189369876480,USD,189369876480.0
AMBA,Technology,Semiconductor Equipment & Materials,3640518656,USD,3640518656.0
AMBC,Financial Services,Insurance - Specialty,393022720,USD,393022720.0
AMBP,Consumer Cyclical,Packaging & Containers,2020224640,USD,2020224640.0
AMBQ,Technology,Semiconductors,534110848,USD,534110848.0
AMC,Communication Services,Entertainment,1323394304,USD,1323394304.0
AMC.AX,Consumer Cyclical,Packaging & Containers,27746488320,AUD,18045321569.18661
AMCR,Consumer Cyclical,Packaging & Containers,18143709184,USD,18143709184.0
AMCX,Communication Services,Entertainment,325378592,USD,325378592.0
AMD,Technology,Semiconductors,421371346944,USD,421371346944.0
AME,Industrials,Specialty Industrial Machinery,45743812608,USD,45743812608.0
AMER3.SA,Consumer Cyclical,Internet Retail,1055287232,BRL,196044360.3824627
AMG,Financial Services,Asset Management,7289399296,USD,7289399296.0
AMG.AS,Basic Materials,Other Industrial Metals & Mining,913775936,EUR,1050075759.7672895
AMGN,Healthcare,Drug Manufacturers - General,159516606464,USD,159516606464.0
AMH,Real Estate,REIT - Residential,13418056704,USD,13418056704.0
AMKR,Technology,Semiconductor Equipment & Materials,9353799680,USD,9353799680.0
AMLX,Healthcare,Biotechnology,1450677120,USD,1450677120.0
AMN,Healthcare,Medical Care Facilities,750388928,USD,750388928.0
AMP,Financial Services,Asset Management,42028687360,USD,42028687360.0
AMP.AX,Financial Services,Financial Conglomerates,4493478400,AUD,2922397305.094144
AMP.MI,Healthcare,Medical Distribution,3241642240,EUR,3725169162.324864
AMPH,Healthcare,Drug Manufacturers - Specialty & Generic,1176325376,USD,1176325376.0
AMPL,Technology,Software - Application,1315920512,USD,1315920512.0
AMPX,Industrials,Electrical Equipment & Parts,1696028416,USD,1696028416.0
AMR,Basic Materials,Coking Coal,2372793344,USD,2372793344.0
AMRC,Industrials,Engineering & Construction,2108146432,USD,2108146432.0
AMRK,Financial Services,Capital Markets,649379584,USD,649379584.0
AMRX,Healthcare,Drug Manufacturers - Specialty & Generic,3516117504,USD,3516117504.0
AMS.MC,Technology,Information Technology Services,28397940736,EUR,32633808813.91657
AMSC,Industrials,Specialty Industrial Machinery,2738107136,USD,2738107136.0
AMSF,Financial Services,Insurance - Specialty,753380416,USD,753380416.0
AMT,Real Estate,REIT - Specialty,82693423104,USD,82693423104.0
AMTB,Financial Services,Banks - Regional,718228416,USD,718228416.0
AMTM,Industrials,Specialty Business Services,5401895936,USD,5401895936.0
AMWD,Consumer Cyclical,"Furnishings, Fixtures & Appliances",914495296,USD,914495296.0
AMZN,Consumer Cyclical,Internet Retail,2715314814976,USD,2715314814976.0
AN,Consumer Cyclical,Auto & Truck Dealerships,7065262080,USD,7065262080.0
ANA.MC,Industrials,Engineering & Construction,10698980352,EUR,12294852030.182707
ANAB,Healthcare,Biotechnology,1008146816,USD,1008146816.0
ANDE,Consumer Defensive,Food Distribution,1597628288,USD,1597628288.0
ANE.MC,Utilities,Utilities - Renewable,7965993472,EUR,9154209820.876339
ANET,Technology,Computer Hardware,198069420032,USD,198069420032.0
ANF,Consumer Cyclical,Apparel Retail,3301947648,USD,3301947648.0
ANGI,Communication Services,Internet Content & Information,578665216,USD,578665216.0
ANGO,Healthcare,Medical Instruments & Supplies,487394144,USD,487394144.0
ANIK,Healthcare,Drug Manufacturers - Specialty & Generic,141585632,USD,141585632.0
ANIP,Healthcare,Drug Manufacturers - Specialty & Generic,2096754560,USD,2096754560.0
ANN.AX,Healthcare,Medical Instruments & Supplies,5248018944,AUD,3413123432.178647
ANNX,Healthcare,Biotechnology,348340608,USD,348340608.0
ANTO.L,Basic Materials,Copper,26593564672,GBp,34710649273.566414
ANZ.AX,Financial Services,Banks - Diversified,109891592192,AUD,71469553047.01263
ANZ.NZ,Financial Services,Banks - Diversified,126212702208,NZD,71532929545.6469
AOMR,Real Estate,REIT - Mortgage,215788032,USD,215788032.0
AON,Financial Services,Insurance Brokers,73043599360,USD,73043599360.0
AORT,Healthcare,Medical Devices,2155821056,USD,2155821056.0
AOS,Industrials,Specialty Industrial Machinery,9142355968,USD,9142355968.0
AOSL,Technology,Semiconductors,853222336,USD,853222336.0
AOT.BK,Industrials,Airports & Air Services,571427979264,THB,17549998955.984978
AOUT,Consumer Cyclical,Leisure,86066064,USD,86066064.0
APA,Energy,Oil & Gas E&P,8046617600,USD,8046617600.0
APA.AX,Utilities,Utilities - Regulated Gas,12007531520,AUD,7809268150.678323
APAM,Financial Services,Asset Management,3082697472,USD,3082697472.0
APAM.AS,Basic Materials,Steel,2158501120,EUR,2480465521.410432
APD,Basic Materials,Specialty Chemicals,53270437888,USD,53270437888.0
APE.AX,Consumer Cyclical,Auto & Truck Dealerships,9190959104,AUD,5977470397.267312
APEI,Consumer Defensive,Education & Training Services,583749120,USD,583749120.0
APG,Industrials,Engineering & Construction,14881113088,USD,14881113088.0
APGE,Healthcare,Biotechnology,3676516096,USD,3676516096.0
APH,Technology,Electronic Components,173265059840,USD,173265059840.0
APLD,Technology,Information Technology Services,9193274368,USD,9193274368.0
APLE,Real Estate,REIT - Hotel & Motel,2704054016,USD,2704054016.0
APLS,Healthcare,Biotechnology,2617806848,USD,2617806848.0
APO,Financial Services,Asset Management,70902710272,USD,70902710272.0
APOG,Industrials,Building Products & Equipment,767294848,USD,767294848.0
APOLLOHOSP.NS,Healthcare,Medical Care Facilities,1123030007808,INR,12664703631.91286
APP,Communication Services,Advertising Agencies,213821308928,USD,213821308928.0
APPF,Technology,Software - Application,9420738560,USD,9420738560.0
APPN,Technology,Software - Infrastructure,2243168256,USD,2243168256.0
APPS,Technology,Software - Application,705153216,USD,705153216.0
APTV,Consumer Cyclical,Auto Parts,17668812800,USD,17668812800.0
AQST,Healthcare,Drug Manufacturers - Specialty & Generic,785118848,USD,785118848.0
AR,Energy,Oil & Gas E&P,10223491072,USD,10223491072.0
ARAY,Healthcare,Medical Devices,157807856,USD,157807856.0
ARB.AX,Consumer Cyclical,Auto Parts,2981751552,AUD,1939224343.4451761
ARCAD.AS,Industrials,Engineering & Construction,3622805760,EUR,4163187452.247936
ARCB,Industrials,Trucking,1629744384,USD,1629744384.0
ARCT,Healthcare,Biotechnology,252537120,USD,252537120.0
ARDT,Healthcare,Medical Care Facilities,2100802688,USD,2100802688.0
ARDX,Healthcare,Biotechnology,1438407936,USD,1438407936.0
ARE,Real Estate,REIT - Office,9624627200,USD,9624627200.0
AREN,Communication Services,Internet Content & Information,248720512,USD,248720512.0
ARES,Financial Services,Asset Management,50802933760,USD,50802933760.0
ARF.AX,Real Estate,REIT - Specialty,1467765632,AUD,954582162.3325491
ARG.NZ,Real Estate,REIT - Diversified,1107256704,NZD,627554235.1168896
ARHS,Consumer Cyclical,Specialty Retail,1390011648,USD,1390011648.0
ARI,Real Estate,REIT - Mortgage,1349144576,USD,1349144576.0
ARKO,Consumer Cyclical,Specialty Retail,507340544,USD,507340544.0
ARL,Real Estate,Real Estate Services,256171392,USD,256171392.0
ARLO,Industrials,Building Products & Equipment,1979911296,USD,1979911296.0
ARM,Technology,Semiconductors,178676645888,USD,178676645888.0
ARMK,Industrials,Specialty Business Services,9880565760,USD,9880565760.0
AROC,Energy,Oil & Gas Equipment & Services,4498231296,USD,4498231296.0
AROW,Financial Services,Banks - Regional,484747616,USD,484747616.0
ARQ,Industrials,Pollution & Treatment Controls,281762176,USD,281762176.0
ARQT,Healthcare,Biotechnology,3032906752,USD,3032906752.0
ARR,Real Estate,REIT - Mortgage,1828417280,USD,1828417280.0
ARRY,Technology,Solar,1284415232,USD,1284415232.0
ARVN,Healthcare,Biotechnology,713619008,USD,713619008.0
ARW,Technology,Electronics & Computer Distribution,5740940288,USD,5740940288.0
ARWR,Healthcare,Biotechnology,5476381696,USD,5476381696.0
AS,Consumer Cyclical,Leisure,17452363776,USD,17452363776.0
ASAI3.SA,Consumer Defensive,Grocery Stores,11456171008,BRL,2128252526.5078478
ASAN,Technology,Software - Application,3314544384,USD,3314544384.0
ASB,Financial Services,Banks - Regional,4129809664,USD,4129809664.0
ASC,Industrials,Marine Shipping,507458432,USD,507458432.0
ASGN,Technology,Information Technology Services,1898014976,USD,1898014976.0
ASH,Basic Materials,Specialty Chemicals,2204398336,USD,2204398336.0
ASIANPAINT.NS,Basic Materials,Specialty Chemicals,2383696363520,INR,26881568419.86228
ASIC,Financial Services,Insurance - Property & Casualty,898846784,USD,898846784.0
ASIX,Basic Materials,Chemicals,502791616,USD,502791616.0
ASLE,Industrials,Airports & Air Services,349615040,USD,349615040.0
ASM.AS,Technology,Semiconductor Equipment & Materials,27174500352,EUR,31227878716.454704
ASML,Technology,Semiconductor Equipment & Materials,414083678208,USD,414083678208.0
ASML.AS,Technology,Semiconductor Equipment & Materials,355310403584,EUR,408308894224.0334
ASO,Consumer Cyclical,Specialty Retail,3141389312,USD,3141389312.0
ASPI,Basic Materials,Chemicals,1011752128,USD,1011752128.0
ASPN,Industrials,Building Products & Equipment,638293760,USD,638293760.0
ASRNL.AS,Financial Services,Insurance - Diversified,11864525824,EUR,13634251546.886246
ASTE,Industrials,Farm & Heavy Construction Machinery,1070765312,USD,1070765312.0
ASTH,Healthcare,Medical Care Facilities,1522698880,USD,1522698880.0
ASTS,Technology,Communication Equipment,26090192896,USD,26090192896.0
ASUR,Technology,Software - Application,234882400,USD,234882400.0
ASX.AX,Financial Services,Financial Data & Stock Exchanges,10954601472,AUD,7124480184.472043
AT1.DE,Real Estate,Real Estate Services,3347237632,EUR,3846515279.150515
ATEC,Healthcare,Medical Devices,2865533440,USD,2865533440.0
ATEN,Technology,Software - Infrastructure,1296582400,USD,1296582400.0
ATEX,Communication Services,Telecom Services,368611680,USD,368611680.0
ATGE,Consumer Defensive,Education & Training Services,3473008640,USD,3473008640.0
ATI,Industrials,Metal Fabrication,13397516288,USD,13397516288.0
ATKR,Industrials,Electrical Equipment & Parts,2355901952,USD,2355901952.0
ATLC,Financial Services,Credit Services,851865280,USD,851865280.0
ATLO,Financial Services,Banks - Regional,186735504,USD,186735504.0
ATM.NZ,Consumer Defensive,Packaged Foods,7985930752,NZD,4526145244.064205
ATMU,Consumer Cyclical,Auto Parts,3778991360,USD,3778991360.0
ATNI,Communication Services,Telecom Services,218180688,USD,218180688.0
ATO,Utilities,Utilities - Regulated Gas,27722420224,USD,27722420224.0
ATOM,Technology,Semiconductor Equipment & Materials,90924560,USD,90924560.0
ATR,Healthcare,Medical Instruments & Supplies,7422838784,USD,7422838784.0
ATRC,Healthcare,Medical Instruments & Supplies,1691869056,USD,1691869056.0
ATRO,Industrials,Aerospace & Defense,1736660992,USD,1736660992.0
ATUS,Communication Services,Telecom Services,1007586304,USD,1007586304.0
ATXS,Healthcare,Biotechnology,699228352,USD,699228352.0
ATYR,Healthcare,Biotechnology,86296824,USD,86296824.0
AU,Basic Materials,Gold,33838065664,USD,33838065664.0
AUB,Financial Services,Banks - Regional,4675741184,USD,4675741184.0
AUB.AX,Financial Services,Insurance Brokers,4247630080,AUD,2762506368.9699326
AUPH,Healthcare,Biotechnology,1733561088,USD,1733561088.0
AUR,Technology,Information Technology Services,9773624320,USD,9773624320.0
AURA,Healthcare,Biotechnology,375204032,USD,375204032.0
AUTO.L,Communication Services,Internet Content & Information,6700318720,GBp,8745439582.076927
AV.L,Financial Services,Insurance - Diversified,20089253888,GBp,26221044620.17413
AVA,Utilities,Utilities - Diversified,3093563904,USD,3093563904.0
AVAH,Healthcare,Medical Care Facilities,1965856000,USD,1965856000.0
AVAV,Industrials,Aerospace & Defense,18369060864,USD,18369060864.0
AVB,Real Estate,REIT - Residential,25017284608,USD,25017284608.0
AVBP,Healthcare,Biotechnology,714013440,USD,714013440.0
AVD,Basic Materials,Agricultural Inputs,132774064,USD,132774064.0
AVDL,Healthcare,Drug Manufacturers - Specialty & Generic,1842871552,USD,1842871552.0
AVGO,Technology,Semiconductors,1712093396992,USD,1712093396992.0
AVIR,Healthcare,Biotechnology,257912048,USD,257912048.0
AVNS,Healthcare,Medical Devices,519707776,USD,519707776.0
AVNT,Basic Materials,Specialty Chemicals,2936621568,USD,2936621568.0
AVNW,Technology,Communication Equipment,313014368,USD,313014368.0
AVO,Consumer Defensive,Food Distribution,826243328,USD,826243328.0
AVPT,Technology,Software - Infrastructure,2998237952,USD,2998237952.0
AVR,Healthcare,Medical Instruments & Supplies,156871296,USD,156871296.0
AVT,Technology,Electronics & Computer Distribution,3916013824,USD,3916013824.0
AVTR,Healthcare,Medical Instruments & Supplies,7963597824,USD,7963597824.0
AVXL,Healthcare,Biotechnology,664818240,USD,664818240.0
AVY,Consumer Cyclical,Packaging & Containers,13470268416,USD,13470268416.0
AWC.BK,Consumer Cyclical,Lodging,67227238400,THB,2064718576.177152
AWI,Industrials,Building Products & Equipment,8305597952,USD,8305597952.0
AWK,Utilities,Utilities - Regulated Water,24579717120,USD,24579717120.0
AWR,Utilities,Utilities - Regulated Water,2761097984,USD,2761097984.0
AX,Financial Services,Banks - Regional,4496400384,USD,4496400384.0
AXGN,Healthcare,Medical Devices,1072343168,USD,1072343168.0
AXISBANK.NS,Financial Services,Banks - Regional,3806378328064,INR,42925525676.69968
AXL,Consumer Cyclical,Auto Parts,755890624,USD,755890624.0
AXON,Industrials,Aerospace & Defense,56845062144,USD,56845062144.0
AXP,Financial Services,Credit Services,249102532608,USD,249102532608.0
AXS,Financial Services,Insurance - Specialty,7267740672,USD,7267740672.0
AXSM,Healthcare,Biotechnology,6829288448,USD,6829288448.0
AXTA,Basic Materials,Specialty Chemicals,5994859008,USD,5994859008.0
AYI,Industrials,Electrical Equipment & Parts,11192714240,USD,11192714240.0
AZJ.AX,Industrials,Railroads,5968808960,AUD,3881899425.4708734
AZM.MI,Financial Services,Asset Management,4753808384,EUR,5462891671.746662
AZN,Healthcare,Drug Manufacturers - General,254371659776,USD,254371659776.0
AZN.L,Healthcare,Drug Manufacturers - General,193661353984,GBp,252772105541.01596
AZO,Consumer Cyclical,Auto Parts,59480731648,USD,59480731648.0
AZTA,Healthcare,Medical Instruments & Supplies,1408654848,USD,1408654848.0
AZUL4.SA,Industrials,Airlines,1081350400,BRL,200886205.280384
AZZ,Industrials,Specialty Business Services,3046585856,USD,3046585856.0
B3SA3.SA,Financial Services,Financial Data & Stock Exchanges,65875169280,BRL,12237858125.231308
BA,Industrials,Aerospace & Defense,155477540864,USD,155477540864.0
BA.L,Industrials,Aerospace & Defense,54258184192,GBp,70819268681.64526
BAB.L,Industrials,Engineering & Construction,5995845632,GBp,7825942005.056716
BAC,Financial Services,Banks - Diversified,391121666048,USD,391121666048.0
BAH,Industrials,Consulting Services,10371252224,USD,10371252224.0
BAJAJ-AUTO.NS,Consumer Cyclical,Auto Manufacturers,2443474370560,INR,27555700667.090206
BAJAJFINSV.NS,Financial Services,Financial Conglomerates,3319831461888,INR,37438609191.55399
BAJFINANCE.NS,Financial Services,Credit Services,6569397321728,INR,74084814779.22495
BALL,Consumer Cyclical,Packaging & Containers,12820934656,USD,12820934656.0
BALY,Consumer Cyclical,Resorts & Casinos,872914048,USD,872914048.0
BAM,Financial Services,Asset Management,87959773184,USD,87959773184.0
BAMI.MI,Financial Services,Banks - Regional,18754572288,EUR,21552024920.507595
BANC,Financial Services,Banks - Regional,2632999168,USD,2632999168.0
BAND,Technology,Software - Infrastructure,487734848,USD,487734848.0
BANF,Financial Services,Banks - Regional,3607224576,USD,3607224576.0
BANPU.BK,Energy,Thermal Coal,49693757440,THB,1526221016.188723
BANR,Financial Services,Banks - Regional,2091362816,USD,2091362816.0
BAP.AX,Consumer Cyclical,Specialty Retail,858713664,AUD,558476590.7678822
BARC.L,Financial Services,Banks - Diversified,55879995392,GBp,72936101097.51213
BARK,Consumer Cyclical,Specialty Retail,144400656,USD,144400656.0
BATRA,Communication Services,Entertainment,2618052608,USD,2618052608.0
BATRK,Communication Services,Entertainment,2619197696,USD,2619197696.0
BATS.L,Consumer Defensive,Tobacco,87599136768,GBp,114336793525.94104
BAVA.CO,Healthcare,Biotechnology,18572015616,DKK,2858460153.333227
BAX,Healthcare,Medical Instruments & Supplies,9353038848,USD,9353038848.0
BBAI,Technology,Information Technology Services,2750069504,USD,2750069504.0
BBAS3.SA,Financial Services,Banks - Regional,126041260032,BRL,23415120978.90435
BBCP,Industrials,Engineering & Construction,337157632,USD,337157632.0
BBDC3.SA,Financial Services,Banks - Regional,179999670272,BRL,33439161545.28858
BBDC4.SA,Financial Services,Banks - Regional,179999670272,BRL,33439161545.28858
BBIO,Healthcare,Biotechnology,11944092672,USD,11944092672.0
BBL.BK,Financial Services,Banks - Regional,300642762752,THB,9233499870.303682
BBNX,Healthcare,Medical Devices,1219702400,USD,1219702400.0
BBSE3.SA,Financial Services,Insurance - Diversified,64525983744,BRL,11987215260.026634
BBSI,Industrials,Staffing & Employment Services,1043510080,USD,1043510080.0
BBT,Financial Services,Banks - Regional,2085974400,USD,2085974400.0
BBUC,Financial Services,Asset Management,2505875968,USD,2505875968.0
BBVA.MC,Financial Services,Banks - Diversified,101068423168,EUR,116143900343.00436
BBW,Consumer Cyclical,Specialty Retail,693848640,USD,693848640.0
BBWI,Consumer Cyclical,Specialty Retail,4995924992,USD,4995924992.0
BBY,Consumer Cyclical,Specialty Retail,17127454720,USD,17127454720.0
BC,Consumer Cyclical,Recreational Vehicles,4296967680,USD,4296967680.0
BC.MI,Consumer Cyclical,Luxury Goods,5929690624,EUR,6814169800.135526
BC8.DE,Technology,Information Technology Services,4549843456,EUR,5228503110.724761
BCAL,Financial Services,Banks - Regional,600520960,USD,600520960.0
BCAX,Healthcare,Biotechnology,872707328,USD,872707328.0
BCBP,Financial Services,Banks - Regional,134722960,USD,134722960.0
BCC,Basic Materials,Lumber & Wood Production,2551642624,USD,2551642624.0
BCML,Financial Services,Banks - Regional,297045888,USD,297045888.0
BCO,Industrials,Security & Protection Services,4607432192,USD,4607432192.0
BCP.BK,Energy,Oil & Gas Refining & Marketing,39586541568,THB,1215802845.503447
BCP.LS,Financial Services,Banks - Regional,11186153472,EUR,12854692428.652338
BCPC,Basic Materials,Specialty Chemicals,4939552768,USD,4939552768.0
BCRX,Healthcare,Drug Manufacturers - Specialty & Generic,1444232960,USD,1444232960.0
BDC,Technology,Communication Equipment,4656519168,USD,4656519168.0
BDMS.BK,Healthcare,Medical Care Facilities,297180430336,THB,9127162882.10731
BDN,Real Estate,REIT - Office,585361152,USD,585361152.0
BDX,Healthcare,Medical Instruments & Supplies,50819047424,USD,50819047424.0
BE,Industrials,Electrical Equipment & Parts,33672034304,USD,33672034304.0
BEAM,Healthcare,Biotechnology,2453179136,USD,2453179136.0
BEEF3.SA,Consumer Defensive,Farm Products,7270619136,BRL,1350688073.2369306
BEEP,Industrials,Infrastructure Operations,146034000,USD,146034000.0
BEL.NS,Industrials,Aerospace & Defense,3061961457664,INR,34530541591.978836
BELFA,Technology,Electronic Components,1963361664,USD,1963361664.0
BELFB,Technology,Electronic Components,1967812352,USD,1967812352.0
BEM.BK,Industrials,Railroads,80880533504,THB,2484045811.657605
BEN,Financial Services,Asset Management,11858424832,USD,11858424832.0
BEN.AX,Financial Services,Banks - Regional,7183664128,AUD,4671997686.328853
BEPC,Utilities,Utilities - Renewable,7927757312,USD,7927757312.0
BESI.AS,Technology,Semiconductor Equipment & Materials,11411591168,EUR,13113756659.369164
BETR,Financial Services,Mortgage Finance,1119681280,USD,1119681280.0
BEZ.L,Financial Services,Insurance - Specialty,5382169600,GBp,7024955233.36704
BF-B,Consumer Defensive,Beverages - Wineries & Distilleries,12962447360,USD,12962447360.0
BFAM,Consumer Cyclical,Personal Services,5893630464,USD,5893630464.0
BFC,Financial Services,Banks - Regional,1202118272,USD,1202118272.0
BFH,Financial Services,Credit Services,2900160000,USD,2900160000.0
BFIN,Financial Services,Banks - Regional,139185776,USD,139185776.0
BFIT.AS,Consumer Cyclical,Leisure,1664925696,EUR,1913267844.2336254
BFLY,Healthcare,Medical Devices,735072192,USD,735072192.0
BFS,Real Estate,REIT - Retail,1018985472,USD,1018985472.0
BFSA.DE,Industrials,Waste Management,1094400000,EUR,1257641907.84
BFST,Financial Services,Banks - Regional,731203520,USD,731203520.0
BG,Consumer Defensive,Farm Products,18809829376,USD,18809829376.0
BGA.AX,Consumer Defensive,Packaged Foods,1615446528,AUD,1050628524.2076365
BGC,Financial Services,Capital Markets,4434857472,USD,4434857472.0
BGS,Consumer Defensive,Packaged Foods,320015008,USD,320015008.0
BH,Consumer Cyclical,Restaurants,1092761216,USD,1092761216.0
BH.BK,Healthcare,Medical Care Facilities,137528819712,THB,4223858001.269391
BHARTIARTL.NS,Communication Services,Telecom Services,12558135197696,INR,141621380855.8396
BHB,Financial Services,Banks - Regional,493994400,USD,493994400.0
BHE,Technology,Electronic Components,1580070912,USD,1580070912.0
BHF,Financial Services,Insurance - Life,3061938432,USD,3061938432.0
BHP,Basic Materials,Other Industrial Metals & Mining,144152559616,USD,144152559616.0
BHP.AX,Basic Materials,Other Industrial Metals & Mining,220648308736,AUD,143501751966.5093
BHR,Real Estate,REIT - Hotel & Motel,194654000,USD,194654000.0
BHRB,Financial Services,Banks - Regional,890440064,USD,890440064.0
BHVN,Healthcare,Biotechnology,1570996352,USD,1570996352.0
BIIB,Healthcare,Drug Manufacturers - General,22216593408,USD,22216593408.0
BILL,Technology,Software - Application,4938639360,USD,4938639360.0
BIM.PA,Healthcare,Diagnostics & Research,12914912256,EUR,14841314774.50844
BIO,Healthcare,Medical Devices,8358806016,USD,8358806016.0
BIOA,Healthcare,Drug Manufacturers - Specialty & Generic,266007264,USD,266007264.0
BIPC,Utilities,Utilities - Regulated Gas,5472351232,USD,5472351232.0
BIRK,Consumer Cyclical,Footwear & Accessories,7238542336,USD,7238542336.0
BJ,Consumer Defensive,Discount Stores,11965841408,USD,11965841408.0
BJC.BK,Industrials,Conglomerates,71739564032,THB,2203303512.519721
BJRI,Consumer Cyclical,Restaurants,751337152,USD,751337152.0
BK,Financial Services,Banks - Diversified,75355545600,USD,75355545600.0
BKD,Healthcare,Medical Care Facilities,2177787392,USD,2177787392.0
BKE,Consumer Cyclical,Apparel Retail,2820776192,USD,2820776192.0
BKG.L,Consumer Cyclical,Residential Construction,3815008256,GBp,4979453306.957414
BKH,Utilities,Utilities - Regulated Gas,4653347840,USD,4653347840.0
BKKT,Technology,Software - Infrastructure,428309600,USD,428309600.0
BKNG,Consumer Cyclical,Travel Services,162153824256,USD,162153824256.0
BKR,Energy,Oil & Gas Equipment & Services,47996682240,USD,47996682240.0
BKSY,Industrials,Specialty Business Services,724185408,USD,724185408.0
BKT.MC,Financial Services,Banks - Regional,11633374208,EUR,13368621101.576908
BKTI,Technology,Communication Equipment,276291136,USD,276291136.0
BKU,Financial Services,Banks - Regional,3060130048,USD,3060130048.0
BKV,Energy,Oil & Gas E&P,2199526400,USD,2199526400.0
BKW.AX,Basic Materials,Building Materials,5068547584,AUD,3296401691.8881893
BL,Technology,Software - Application,3543696640,USD,3543696640.0
BLBD,Industrials,Farm & Heavy Construction Machinery,1637081216,USD,1637081216.0
BLD,Industrials,Engineering & Construction,11888656384,USD,11888656384.0
BLDR,Industrials,Building Products & Equipment,12492289024,USD,12492289024.0
BLFS,Healthcare,Medical Instruments & Supplies,1335119744,USD,1335119744.0
BLFY,Financial Services,Banks - Regional,171072480,USD,171072480.0
BLK,Financial Services,Asset Management,165775523840,USD,165775523840.0
BLKB,Technology,Software - Application,3069943296,USD,3069943296.0
BLMN,Consumer Cyclical,Restaurants,575062592,USD,575062592.0
BLND,Technology,Software - Application,842803392,USD,842803392.0
BLX,Financial Services,Banks - Regional,1588627584,USD,1588627584.0
BLZE,Technology,Software - Infrastructure,587777216,USD,587777216.0
BMBL,Communication Services,Internet Content & Information,824709056,USD,824709056.0
BMED.MI,Financial Services,Banks - Regional,12847385600,EUR,14763715768.22016
BMI,Technology,Scientific & Technical Instruments,5361437696,USD,5361437696.0
BMPS.MI,Financial Services,Banks - Regional,22918739968,EUR,26337324432.240845
BMRC,Financial Services,Banks - Regional,413311552,USD,413311552.0
BMRN,Healthcare,Biotechnology,10153242624,USD,10153242624.0
BMY,Healthcare,Drug Manufacturers - General,93685358592,USD,93685358592.0
BN4.SI,Industrials,Conglomerates,18188507136,SGD,13919633590.718668
BNED,Consumer Cyclical,Specialty Retail,302057632,USD,302057632.0
BNL,Real Estate,REIT - Diversified,3585188352,USD,3585188352.0
BNTC,Healthcare,Biotechnology,416332416,USD,416332416.0
BNZL.L,Consumer Defensive,Food Distribution,7467254272,GBp,9746464878.581451
BOC,Industrials,Conglomerates,402918496,USD,402918496.0
BOH,Financial Services,Banks - Regional,2593590272,USD,2593590272.0
BOKF,Financial Services,Banks - Regional,6641638400,USD,6641638400.0
BOOM,Industrials,Conglomerates,164855968,USD,164855968.0
BOOT,Consumer Cyclical,Apparel Retail,5827556352,USD,5827556352.0
BOQ.AX,Financial Services,Banks - Regional,4523516416,AUD,2941932954.1380506
BORR,Energy,Oil & Gas Drilling,915919552,USD,915919552.0
BOSS.DE,Consumer Cyclical,Apparel Manufacturing,2589938688,EUR,2976256791.6346364
BOW,Financial Services,Insurance - Property & Casualty,846931072,USD,846931072.0
BOX,Technology,Software - Infrastructure,4669669376,USD,4669669376.0
BP,Energy,Oil & Gas Integrated,89382166528,USD,89382166528.0
BP.L,Energy,Oil & Gas Integrated,68380512256,GBp,89252118222.56702
BPAC11.SA,Financial Services,Capital Markets,162091630592,BRL,30112323052.117687
BPAN4.SA,Financial Services,Banks - Regional,12930890752,BRL,2402216315.881042
BPE.MI,Financial Services,Banks - Regional,20391446528,EUR,23433057122.70766
BPOP,Financial Services,Banks - Regional,7519592960,USD,7519592960.0
BPRN,Financial Services,Banks - Regional,218090608,USD,218090608.0
BPSO.MI,Financial Services,Banks - Regional,6603365376,EUR,7588330619.186073
BPT.AX,Energy,Oil & Gas E&P,2840260608,AUD,1847203704.503009
BR,Technology,Information Technology Services,25816102912,USD,25816102912.0
BRAP4.SA,Financial Services,Asset Management,7225138688,BRL,1342239013.0496204
BRBR,Consumer Defensive,Packaged Foods,3828506880,USD,3828506880.0
BRBS,Financial Services,Banks - Regional,423360800,USD,423360800.0
BRBY.L,Consumer Cyclical,Luxury Goods,4338445824,GBp,5662658362.900377
BRCC,Consumer Defensive,Packaged Foods,161625520,USD,161625520.0
BRFS3.SA,Consumer Defensive,Packaged Foods,28579856384,BRL,5309378806.758769
BRG.AX,Consumer Cyclical,"Furnishings, Fixtures & Appliances",4207159552,AUD,2736185788.022456
BRK-B,Financial Services,Insurance - Diversified,1025495203840,USD,1025495203840.0
BRKM5.SA,Basic Materials,Chemicals,5572361216,BRL,1035196823.4661274
BRKR,Healthcare,Medical Devices,5873056256,USD,5873056256.0
BRN.AX,Technology,Semiconductors,428773152,AUD,278858690.83103234
BRO,Financial Services,Insurance Brokers,26569367552,USD,26569367552.0
BROS,Consumer Cyclical,Restaurants,8964617216,USD,8964617216.0
BRSL,Consumer Cyclical,Gambling,3136910336,USD,3136910336.0
BRSP,Real Estate,REIT - Mortgage,670719232,USD,670719232.0
BRT,Real Estate,REIT - Residential,265564192,USD,265564192.0
BRX,Real Estate,REIT - Retail,8016759296,USD,8016759296.0
BRY,Energy,Oil & Gas E&P,260742176,USD,260742176.0
BRZE,Technology,Software - Application,3136623360,USD,3136623360.0
BS6.SI,Industrials,Aerospace & Defense,13499070464,SGD,10330815677.67941
BSET,Consumer Cyclical,"Furnishings, Fixtures & Appliances",128114224,USD,128114224.0
BSL.AX,Basic Materials,Steel,9654788096,AUD,6279128150.033039
BSRR,Financial Services,Banks - Regional,383710752,USD,383710752.0
BSVN,Financial Services,Banks - Regional,393296864,USD,393296864.0
BSX,Healthcare,Medical Devices,146153947136,USD,146153947136.0
BSY,Technology,Software - Application,15269600256,USD,15269600256.0
BT-A.L,Communication Services,Telecom Services,17899212800,GBp,23362542984.99072
BTBT,Financial Services,Capital Markets,1099299968,USD,1099299968.0
BTDR,Technology,Software - Application,4887224832,USD,4887224832.0
BTMD,Healthcare,Medical Care Facilities,135419184,USD,135419184.0
BTRW.L,Consumer Cyclical,Residential Construction,5393024000,GBp,7039122693.657599
BTS.BK,Industrials,Railroads,46672031744,THB,1433416175.0985522
BTSG,Healthcare,Health Information Services,6039998976,USD,6039998976.0
BTU,Energy,Thermal Coal,3640704000,USD,3640704000.0
BUOU.SI,Real Estate,REIT - Industrial,3551500800,SGD,2717957524.68864
BUR,Financial Services,Asset Management,2153105920,USD,2153105920.0
BURL,Consumer Cyclical,Apparel Retail,17411532800,USD,17411532800.0
BUSE,Financial Services,Banks - Regional,2015511296,USD,2015511296.0
BV,Industrials,Specialty Business Services,1160626944,USD,1160626944.0
BVFL,Financial Services,Banks - Regional,158489888,USD,158489888.0
BVI.PA,Industrials,Consulting Services,12686809088,EUR,14579187487.056076
BVN,Basic Materials,Other Precious Metals & Mining,5628353024,USD,5628353024.0
BVS,Healthcare,Medical Devices,438813504,USD,438813504.0
BWA,Consumer Cyclical,Auto Parts,9376470016,USD,9376470016.0
BWB,Financial Services,Banks - Regional,460940832,USD,460940832.0
BWFG,Financial Services,Banks - Regional,339045152,USD,339045152.0
BWIN,Financial Services,Insurance Brokers,1598168576,USD,1598168576.0
BWMN,Industrials,Engineering & Construction,741954112,USD,741954112.0
BWP.AX,Real Estate,REIT - Industrial,2781613824,AUD,1809061938.0901477
BWXT,Industrials,Aerospace & Defense,19729332224,USD,19729332224.0
BX,Financial Services,Asset Management,177680384000,USD,177680384000.0
BXB.AX,Industrials,Specialty Business Services,32094826496,AUD,20873324874.416782
BXC,Industrials,Industrial Distribution,511823168,USD,511823168.0
BXMT,Real Estate,REIT - Mortgage,3111275008,USD,3111275008.0
BXP,Real Estate,REIT - Office,12485843968,USD,12485843968.0
BY,Financial Services,Banks - Regional,1233633280,USD,1233633280.0
BYD,Consumer Cyclical,Resorts & Casinos,6206827520,USD,6206827520.0
BYND,Consumer Defensive,Packaged Foods,555015424,USD,555015424.0
BYRN,Industrials,Aerospace & Defense,453601280,USD,453601280.0
BZAI,Technology,Software - Application,410970752,USD,410970752.0
BZH,Consumer Cyclical,Residential Construction,658424832,USD,658424832.0
BZU.MI,Basic Materials,Building Materials,9187012608,EUR,10557357514.323149
C,Financial Services,Banks - Diversified,181810774016,USD,181810774016.0
C09.SI,Real Estate,Real Estate - Development,6325284352,SGD,4840729361.602201
C38U.SI,Real Estate,REIT - Retail,17551900672,SGD,13432439746.050457
C6L.SI,Industrials,Airlines,19634237440,SGD,15026048534.628351
CABK.MC,Financial Services,Banks - Regional,64037564416,EUR,73589477965.61142
CABO,Communication Services,Telecom Services,823127168,USD,823127168.0
CAC,Financial Services,Banks - Regional,651336448,USD,651336448.0
CACC,Financial Services,Credit Services,5041305088,USD,5041305088.0
CACI,Technology,Information Technology Services,12456047616,USD,12456047616.0
CADE,Financial Services,Banks - Regional,7001417728,USD,7001417728.0
CADL,Healthcare,Biotechnology,286552416,USD,286552416.0
CAG,Consumer Defensive,Packaged Foods,8270700544,USD,8270700544.0
CAH,Healthcare,Medical Distribution,45195329536,USD,45195329536.0
CAI,Healthcare,Biotechnology,8421156352,USD,8421156352.0
CAKE,Consumer Cyclical,Restaurants,2364999168,USD,2364999168.0
CAL,Consumer Cyclical,Apparel Retail,372610208,USD,372610208.0
CALM,Consumer Defensive,Farm Products,4290275328,USD,4290275328.0
CALX,Technology,Software - Infrastructure,4456430080,USD,4456430080.0
CAPR,Healthcare,Biotechnology,277502048,USD,277502048.0
CAR,Industrials,Rental & Leasing Services,4655506432,USD,4655506432.0
CAR.AX,Communication Services,Internet Content & Information,13254351872,AUD,8620155421.577707
CARE,Financial Services,Banks - Regional,381132960,USD,381132960.0
CARG,Consumer Cyclical,Auto & Truck Dealerships,3483040256,USD,3483040256.0
CARL,Healthcare,Health Information Services,324821472,USD,324821472.0
CARR,Industrials,Building Products & Equipment,48730259456,USD,48730259456.0
CARS,Communication Services,Internet Content & Information,666069184,USD,666069184.0
CART,Consumer Cyclical,Internet Retail,9863128064,USD,9863128064.0
CASH,Financial Services,Banks - Regional,1536920704,USD,1536920704.0
CASH3.SA,Communication Services,Internet Content & Information,489214304,BRL,90883033.93557183
CASS,Industrials,Specialty Business Services,513115264,USD,513115264.0
CASY,Consumer Cyclical,Specialty Retail,19098157056,USD,19098157056.0
CAT,Industrials,Farm & Heavy Construction Machinery,267309400064,USD,267309400064.0
CATX,Healthcare,Medical Devices,193083776,USD,193083776.0
CATY,Financial Services,Banks - Regional,3113185792,USD,3113185792.0
CAVA,Consumer Cyclical,Restaurants,6100355072,USD,6100355072.0
CB,Financial Services,Insurance - Property & Casualty,109505519616,USD,109505519616.0
CBA.AX,Financial Services,Banks - Diversified,291084435456,AUD,189310884354.41565
CBAN,Financial Services,Banks - Regional,280602816,USD,280602816.0
CBFV,Financial Services,Banks - Regional,159948256,USD,159948256.0
CBG.BK,Consumer Defensive,Beverages - Non-Alcoholic,43249999872,THB,1328316918.5687962
CBL,Real Estate,REIT - Retail,922427328,USD,922427328.0
CBLL,Healthcare,Medical Devices,415769408,USD,415769408.0
CBNA,Financial Services,Banks - Regional,195082816,USD,195082816.0
CBNK,Financial Services,Banks - Regional,458858400,USD,458858400.0
CBOE,Financial Services,Financial Data & Stock Exchanges,25838823424,USD,25838823424.0
CBRE,Real Estate,Real Estate Services,44820480000,USD,44820480000.0
CBRL,Consumer Cyclical,Restaurants,717942720,USD,717942720.0
CBSH,Financial Services,Banks - Regional,6966316544,USD,6966316544.0
CBT,Basic Materials,Specialty Chemicals,3506118912,USD,3506118912.0
CBU,Financial Services,Banks - Regional,2946438912,USD,2946438912.0
CBZ,Industrials,Specialty Business Services,2996974336,USD,2996974336.0
CC,Basic Materials,Specialty Chemicals,1898174592,USD,1898174592.0
CCB,Financial Services,Banks - Regional,1628015872,USD,1628015872.0
CCBG,Financial Services,Banks - Regional,672340992,USD,672340992.0
CCCS,Technology,Software - Application,5617671680,USD,5617671680.0
CCEP,Consumer Defensive,Beverages - Non-Alcoholic,40436178944,USD,40436178944.0
CCEP.L,Consumer Defensive,Beverages - Non-Alcoholic,30773680128,GBp,40166650501.90111
CCET.BK,Technology,Computer Hardware,62700019712,THB,1925676236.4053912
CCH.L,Consumer Defensive,Beverages - Non-Alcoholic,12453781504,GBp,16255016852.634008
CCI,Real Estate,REIT - Specialty,38983278592,USD,38983278592.0
CCK,Consumer Cyclical,Packaging & Containers,11214123008,USD,11214123008.0
CCL,Consumer Cyclical,Travel Services,37700497408,USD,37700497408.0
CCNE,Financial Services,Banks - Regional,722786560,USD,722786560.0
CCOI,Communication Services,Telecom Services,2005179008,USD,2005179008.0
CCP.AX,Financial Services,Credit Services,957702656,AUD,622855483.3992089
CCRN,Healthcare,Medical Care Facilities,403275008,USD,403275008.0
CCS,Real Estate,Real Estate - Development,1716630016,USD,1716630016.0
CCSI,Technology,Software - Infrastructure,559252736,USD,559252736.0
CCX.AX,Consumer Cyclical,Apparel Retail,34778676,AUD,22618804.40265216
CDE,Basic Materials,Gold,9730715648,USD,9730715648.0
CDNA,Healthcare,Diagnostics & Research,786162048,USD,786162048.0
CDNS,Technology,Software - Application,91298938880,USD,91298938880.0
CDP,Real Estate,REIT - Office,3270115840,USD,3270115840.0
CDRE,Industrials,Aerospace & Defense,1726586752,USD,1726586752.0
CDTX,Healthcare,Biotechnology,2605032704,USD,2605032704.0
CDW,Technology,Information Technology Services,20292134912,USD,20292134912.0
CDXS,Healthcare,Biotechnology,204004464,USD,204004464.0
CDZI,Utilities,Utilities - Regulated Water,441630048,USD,441630048.0
CE,Basic Materials,Chemicals,4058208256,USD,4058208256.0
CECO,Industrials,Pollution & Treatment Controls,1853333632,USD,1853333632.0
CEG,Utilities,Utilities - Independent Power Producers,117998706688,USD,117998706688.0
CELC,Healthcare,Biotechnology,3190064640,USD,3190064640.0
CELH,Consumer Defensive,Beverages - Non-Alcoholic,15273664512,USD,15273664512.0
CEN.NZ,Utilities,Utilities - Renewable,9389671424,NZD,5321736185.656218
CENT,Consumer Defensive,Packaged Foods,1797873792,USD,1797873792.0
CENTA,Consumer Defensive,Packaged Foods,1799154560,USD,1799154560.0
CENX,Basic Materials,Aluminum,2868311040,USD,2868311040.0
CERS,Healthcare,Medical Devices,291382176,USD,291382176.0
CERT,Healthcare,Health Information Services,1879295872,USD,1879295872.0
CEVA,Technology,Semiconductors,662732288,USD,662732288.0
CF,Basic Materials,Agricultural Inputs,13672137728,USD,13672137728.0
CFBK,Financial Services,Banks - Regional,150462144,USD,150462144.0
CFFI,Financial Services,Banks - Regional,221467408,USD,221467408.0
CFFN,Financial Services,Banks - Regional,799384640,USD,799384640.0
CFG,Financial Services,Banks - Regional,22008424448,USD,22008424448.0
CFLT,Technology,Software - Infrastructure,8199841792,USD,8199841792.0
CFR,Financial Services,Banks - Regional,7795059712,USD,7795059712.0
CG,Financial Services,Asset Management,18739931136,USD,18739931136.0
CGEM,Healthcare,Biotechnology,461371008,USD,461371008.0
CGF.AX,Financial Services,Insurance - Life,6362957312,AUD,4138239387.334738
CGNX,Technology,Scientific & Technical Instruments,6988838912,USD,6988838912.0
CGON,Healthcare,Biotechnology,3194773760,USD,3194773760.0
CHC.AX,Real Estate,REIT - Diversified,10471585792,AUD,6810344097.482015
CHCO,Financial Services,Banks - Regional,1724739968,USD,1724739968.0
CHCT,Real Estate,REIT - Healthcare Facilities,416252224,USD,416252224.0
CHD,Consumer Defensive,Household & Personal Products,20718422016,USD,20718422016.0
CHDN,Consumer Cyclical,Gambling,6875951616,USD,6875951616.0
CHE,Healthcare,Medical Care Facilities,6217516544,USD,6217516544.0
CHEF,Consumer Defensive,Food Distribution,2470426624,USD,2470426624.0
CHH,Consumer Cyclical,Lodging,4273809920,USD,4273809920.0
CHI.NZ,Energy,Oil & Gas Refining & Marketing,1108813312,NZD,628436465.8943489
CHMG,Financial Services,Banks - Regional,245315760,USD,245315760.0
CHN.AX,Basic Materials,Other Industrial Metals & Mining,763652416,AUD,496652162.0638105
CHRD,Energy,Oil & Gas E&P,5205906432,USD,5205906432.0
CHRS,Healthcare,Biotechnology,185963632,USD,185963632.0
CHRW,Industrials,Integrated Freight & Logistics,17974571008,USD,17974571008.0
CHTR,Communication Services,Telecom Services,28754761728,USD,28754761728.0
CHWY,Consumer Cyclical,Internet Retail,13655872512,USD,13655872512.0
CI,Healthcare,Healthcare Plans,69084078080,USD,69084078080.0
CIA,Financial Services,Insurance - Life,290920672,USD,290920672.0
CIA.AX,Basic Materials,Steel,2948878080,AUD,1917844615.4416127
CIEN,Technology,Communication Equipment,26792888320,USD,26792888320.0
CIFR,Financial Services,Capital Markets,8992295936,USD,8992295936.0
CIM,Real Estate,REIT - Mortgage,1054343232,USD,1054343232.0
CINF,Financial Services,Insurance - Property & Casualty,23973806080,USD,23973806080.0
CIO,Real Estate,REIT - Office,278509120,USD,278509120.0
CIP.AX,Real Estate,REIT - Industrial,2222849792,AUD,1445661837.7802546
CIPLA.NS,Healthcare,Drug Manufacturers - Specialty & Generic,1214322442240,INR,13694232333.620346
CIVB,Financial Services,Banks - Regional,416961760,USD,416961760.0
CIVI,Energy,Oil & Gas E&P,2613012224,USD,2613012224.0
CIX,Industrials,Security & Protection Services,271230496,USD,271230496.0
CKF.AX,Consumer Cyclical,Restaurants,1260409728,AUD,819725314.0065484
CL,Consumer Defensive,Household & Personal Products,60438753280,USD,60438753280.0
CLAR,Consumer Cyclical,Leisure,128646104,USD,128646104.0
CLB,Energy,Oil & Gas Equipment & Services,751998720,USD,751998720.0
CLBK,Financial Services,Banks - Regional,1570101632,USD,1570101632.0
CLDT,Real Estate,REIT - Hotel & Motel,332093760,USD,332093760.0
CLDX,Healthcare,Biotechnology,1643561984,USD,1643561984.0
CLF,Basic Materials,Steel,6762427392,USD,6762427392.0
CLFD,Technology,Communication Equipment,479898240,USD,479898240.0
CLH,Industrials,Waste Management,11151759360,USD,11151759360.0
CLMB,Technology,Electronics & Computer Distribution,539634816,USD,539634816.0
CLMT,Basic Materials,Specialty Chemicals,1742852352,USD,1742852352.0
CLNE,Energy,Oil & Gas Refining & Marketing,633745856,USD,633745856.0
CLNX.MC,Real Estate,Real Estate Services,18286673920,EUR,21014334317.248512
CLOV,Healthcare,Healthcare Plans,1886046208,USD,1886046208.0
CLPR,Real Estate,REIT - Residential,158815152,USD,158815152.0
CLPT,Healthcare,Medical Devices,540120896,USD,540120896.0
CLSK,Financial Services,Capital Markets,5190041088,USD,5190041088.0
CLVT,Technology,Information Technology Services,2341480192,USD,2341480192.0
CLW,Basic Materials,Paper & Paper Products,290454304,USD,290454304.0
CLW.AX,Real Estate,REIT - Diversified,3007156736,AUD,1955746964.5969818
CLX,Consumer Defensive,Household & Personal Products,13290368000,USD,13290368000.0
CMA,Financial Services,Banks - Regional,9728879616,USD,9728879616.0
CMC,Basic Materials,Steel,6481645568,USD,6481645568.0
CMCL,Basic Materials,Gold,545746240,USD,545746240.0
CMCO,Industrials,Farm & Heavy Construction Machinery,459939456,USD,459939456.0
CMCSA,Communication Services,Telecom Services,98312273920,USD,98312273920.0
CMDB,Industrials,Marine Shipping,311981440,USD,311981440.0
CME,Financial Services,Financial Data & Stock Exchanges,95256035328,USD,95256035328.0
CMG,Consumer Cyclical,Restaurants,41664978944,USD,41664978944.0
CMI,Industrials,Specialty Industrial Machinery,60310323200,USD,60310323200.0
CMIG4.SA,Utilities,Utilities - Diversified,35691483136,BRL,6630530314.70637
CMP,Basic Materials,Other Industrial Metals & Mining,719129344,USD,719129344.0
CMPO,Industrials,Metal Fabrication,2102857344,USD,2102857344.0
CMPR,Industrials,Specialty Business Services,1680642048,USD,1680642048.0
CMPX,Healthcare,Biotechnology,641681152,USD,641681152.0
CMRC,Technology,Software - Application,373803424,USD,373803424.0
CMRE,Industrials,Marine Shipping,1494947840,USD,1494947840.0
CMS,Utilities,Utilities - Regulated Electric,22060140544,USD,22060140544.0
CMT,Basic Materials,Specialty Chemicals,157015216,USD,157015216.0
CMTG,Real Estate,REIT - Mortgage,433448192,USD,433448192.0
CMW.AX,Real Estate,REIT - Office,1231009664,AUD,800604566.0792422
CNA,Financial Services,Insurance - Property & Casualty,11922863104,USD,11922863104.0
CNA.L,Utilities,Utilities - Independent Power Producers,8263067136,GBp,10785181633.946726
CNC,Healthcare,Healthcare Plans,16957371392,USD,16957371392.0
CNDT,Technology,Information Technology Services,372818656,USD,372818656.0
CNH,Industrials,Farm & Heavy Construction Machinery,13021036544,USD,13021036544.0
CNI.AX,Real Estate,REIT - Diversified,1959016832,AUD,1274074336.3695412
CNK,Communication Services,Entertainment,3075665920,USD,3075665920.0
CNM,Industrials,Industrial Distribution,10279921664,USD,10279921664.0
CNMD,Healthcare,Medical Devices,1388639744,USD,1388639744.0
CNNE,Consumer Cyclical,Restaurants,908676032,USD,908676032.0
CNO,Financial Services,Insurance - Life,3837535488,USD,3837535488.0
CNOB,Financial Services,Banks - Regional,1217111424,USD,1217111424.0
CNP,Utilities,Utilities - Regulated Electric,25083197440,USD,25083197440.0
CNR,Energy,Thermal Coal,4203164416,USD,4203164416.0
CNS,Financial Services,Asset Management,3457291008,USD,3457291008.0
CNU.AX,Communication Services,Telecom Services,3570892288,AUD,2322380363.335598
CNU.NZ,Communication Services,Telecom Services,4108912896,NZD,2328787606.6101503
CNX,Energy,Oil & Gas E&P,4653074944,USD,4653074944.0
CNXC,Technology,Information Technology Services,2465394432,USD,2465394432.0
CNXN,Technology,Electronics & Computer Distribution,1506635008,USD,1506635008.0
COALINDIA.NS,Energy,Thermal Coal,2327336976384,INR,26245988844.97018
COCO,Consumer Defensive,Beverages - Non-Alcoholic,2324627712,USD,2324627712.0
CODI,Industrials,Conglomerates,464958272,USD,464958272.0
COF,Financial Services,Credit Services,140934676480,USD,140934676480.0
COFS,Financial Services,Banks - Regional,433864288,USD,433864288.0
COGN3.SA,Consumer Defensive,Education & Training Services,6748716032,BRL,1253732327.8221107
COGT,Healthcare,Biotechnology,2165362432,USD,2165362432.0
COH.AX,Healthcare,Medical Devices,18356039680,AUD,11938110327.409868
COHR,Technology,Scientific & Technical Instruments,20715460608,USD,20715460608.0
COHU,Technology,Semiconductor Equipment & Materials,1130428160,USD,1130428160.0
COIN,Financial Services,Financial Data & Stock Exchanges,89095708672,USD,89095708672.0
COKE,Consumer Defensive,Beverages - Non-Alcoholic,11191313408,USD,11191313408.0
COL.AX,Consumer Defensive,Grocery Stores,29258618880,AUD,19028757090.65134
COL.MC,Real Estate,REIT - Office,3362853120,EUR,3864459990.517632
COLB,Financial Services,Banks - Regional,8053037568,USD,8053037568.0
COLD,Real Estate,REIT - Industrial,3680240128,USD,3680240128.0
COLL,Healthcare,Drug Manufacturers - Specialty & Generic,1137226752,USD,1137226752.0
COLM,Consumer Cyclical,Apparel Manufacturing,2759315968,USD,2759315968.0
COM7.BK,Consumer Cyclical,Specialty Retail,57226457088,THB,1757569280.1089125
COMM,Technology,Communication Equipment,3573580288,USD,3573580288.0
COMP,Real Estate,Real Estate Services,4337672192,USD,4337672192.0
CON,Healthcare,Medical Care Facilities,2522404352,USD,2522404352.0
COO,Healthcare,Medical Instruments & Supplies,13880839168,USD,13880839168.0
COOK,Consumer Cyclical,"Furnishings, Fixtures & Appliances",123656480,USD,123656480.0
COOP,Financial Services,Mortgage Finance,13489140736,USD,13489140736.0
COP,Energy,Oil & Gas E&P,110618820608,USD,110618820608.0
COR,Healthcare,Medical Distribution,66098786304,USD,66098786304.0
COR.LS,Basic Materials,Lumber & Wood Production,907060032,EUR,1042358104.1391551
CORT,Healthcare,Biotechnology,7815420928,USD,7815420928.0
CORZ,Technology,Software - Infrastructure,7100403712,USD,7100403712.0
COSO,Financial Services,Banks - Regional,257906176,USD,257906176.0
COST,Consumer Defensive,Discount Stores,411287977984,USD,411287977984.0
COTY,Consumer Defensive,Household & Personal Products,3408044288,USD,3408044288.0
COUR,Consumer Defensive,Education & Training Services,1374464000,USD,1374464000.0
CPALL.BK,Consumer Defensive,Grocery Stores,407884267520,THB,12527157802.736025
CPAY,Technology,Software - Infrastructure,18597003264,USD,18597003264.0
CPB,Consumer Defensive,Packaged Foods,8904297472,USD,8904297472.0
CPF,Financial Services,Banks - Regional,777668800,USD,777668800.0
CPF.BK,Consumer Defensive,Farm Products,163920396288,THB,5034410088.607088
CPFE3.SA,Utilities,Utilities - Regulated Electric,49201266688,BRL,9140289549.0125
CPG.L,Consumer Cyclical,Restaurants,42801799168,GBp,55866081043.370804
CPK,Utilities,Utilities - Regulated Gas,3049951744,USD,3049951744.0
CPLE6.SA,Utilities,Utilities - Regulated Electric,40997076992,BRL,7616168842.690232
CPN.BK,Real Estate,Real Estate - Diversified,232253997056,THB,7133107852.2023115
CPNG,Consumer Cyclical,Internet Retail,58301624320,USD,58301624320.0
CPR.MI,Consumer Defensive,Beverages - Wineries & Distilleries,7345684480,EUR,8441374857.289727
CPRI,Consumer Cyclical,Luxury Goods,2466675712,USD,2466675712.0
CPRT,Industrials,Specialty Business Services,41616879616,USD,41616879616.0
CPRX,Healthcare,Biotechnology,2624063232,USD,2624063232.0
CPS,Consumer Cyclical,Auto Parts,523995488,USD,523995488.0
CPSS,Financial Services,Credit Services,186500336,USD,186500336.0
CPT,Real Estate,REIT - Residential,10684204032,USD,10684204032.0
CPU.AX,Financial Services,Capital Markets,21030154240,AUD,13677258596.968039
CQR.AX,Real Estate,REIT - Retail,2394665984,AUD,1557404931.1647334
CR,Industrials,Specialty Industrial Machinery,11095464960,USD,11095464960.0
CRAI,Industrials,Consulting Services,1256148224,USD,1256148224.0
CRBN.AS,Basic Materials,Specialty Chemicals,1024885440,EUR,1177758479.604384
CRC,Energy,Oil & Gas E&P,3946830592,USD,3946830592.0
CRC.BK,Consumer Cyclical,Department Stores,121826205696,THB,3741590997.2245708
CRCT,Technology,Computer Hardware,1136695168,USD,1136695168.0
CRDA.L,Basic Materials,Specialty Chemicals,3985716736,GBp,5202266692.465766
CRDF,Healthcare,Biotechnology,153674720,USD,153674720.0
CRDO,Technology,Semiconductors,31249924096,USD,31249924096.0
CRGY,Energy,Oil & Gas E&P,2174548992,USD,2174548992.0
CRH,Basic Materials,Building Materials,79340535808,USD,79340535808.0
CRI,Consumer Cyclical,Apparel Retail,1106921728,USD,1106921728.0
CRK,Energy,Oil & Gas E&P,5635674624,USD,5635674624.0
CRL,Healthcare,Diagnostics & Research,8802447360,USD,8802447360.0
CRM,Technology,Software - Application,248795676672,USD,248795676672.0
CRMD,Healthcare,Biotechnology,904148096,USD,904148096.0
CRML,Basic Materials,Other Industrial Metals & Mining,1287097600,USD,1287097600.0
CRMT,Consumer Cyclical,Auto & Truck Dealerships,181623584,USD,181623584.0
CRN.AX,Basic Materials,Coking Coal,524220544,AUD,340934253.75330305
CRNC,Technology,Software - Application,478682176,USD,478682176.0
CRNX,Healthcare,Biotechnology,4035441152,USD,4035441152.0
CROX,Consumer Cyclical,Footwear & Accessories,4213474816,USD,4213474816.0
CRS,Industrials,Metal Fabrication,15480203264,USD,15480203264.0
CRSP,Healthcare,Biotechnology,5636197888,USD,5636197888.0
CRSR,Technology,Computer Hardware,859959808,USD,859959808.0
CRUS,Technology,Semiconductors,6736835072,USD,6736835072.0
CRVL,Financial Services,Insurance Brokers,3751988224,USD,3751988224.0
CRVS,Healthcare,Biotechnology,572267840,USD,572267840.0
CRWD,Technology,Software - Infrastructure,138507157504,USD,138507157504.0
CSAN3.SA,Energy,Oil & Gas Refining & Marketing,11322661888,BRL,2103450075.3438926
CSCO,Technology,Communication Equipment,293386977280,USD,293386977280.0
CSGP,Real Estate,Real Estate Services,29404823552,USD,29404823552.0
CSGS,Technology,Software - Infrastructure,2147926528,USD,2147926528.0
CSL,Industrials,Building Products & Equipment,13604195328,USD,13604195328.0
CSL.AX,Healthcare,Biotechnology,85866946560,AUD,55844784571.259285
CSNA3.SA,Basic Materials,Steel,12659963904,BRL,2351885297.921188
CSPI,Technology,Information Technology Services,125929152,USD,125929152.0
CSR,Real Estate,REIT - Residential,1045756608,USD,1045756608.0
CSTL,Healthcare,Diagnostics & Research,753925184,USD,753925184.0
CSTM,Basic Materials,Aluminum,2235144704,USD,2235144704.0
CSV,Consumer Cyclical,Personal Services,692146304,USD,692146304.0
CSW,Industrials,Specialty Industrial Machinery,4157493248,USD,4157493248.0
CSX,Industrials,Railroads,66720370688,USD,66720370688.0
CTAS,Industrials,Specialty Business Services,73155805184,USD,73155805184.0
CTBI,Financial Services,Banks - Regional,935924800,USD,935924800.0
CTD.AX,Consumer Cyclical,Travel Services,2351454720,AUD,1529301873.7508352
CTEC.L,Healthcare,Medical Instruments & Supplies,4883003392,GBp,6373429821.531341
CTEV,Healthcare,Health Information Services,1072511744,USD,1072511744.0
CTGO,Basic Materials,Gold,316903840,USD,316903840.0
CTKB,Healthcare,Medical Devices,501261696,USD,501261696.0
CTLP,Technology,Software - Infrastructure,775017024,USD,775017024.0
CTO,Real Estate,REIT - Diversified,547091712,USD,547091712.0
CTOS,Industrials,Rental & Leasing Services,1316311168,USD,1316311168.0
CTRA,Energy,Oil & Gas E&P,18612983808,USD,18612983808.0
CTRE,Real Estate,REIT - Healthcare Facilities,7865173504,USD,7865173504.0
CTRI,Utilities,Utilities - Regulated Gas,1789826432,USD,1789826432.0
CTRN,Consumer Cyclical,Apparel Retail,303996352,USD,303996352.0
CTS,Technology,Electronic Components,1209742976,USD,1209742976.0
CTSH,Technology,Information Technology Services,35102879744,USD,35102879744.0
CTT.LS,Industrials,Integrated Freight & Logistics,994295936,EUR,1142606211.5392895
CTVA,Basic Materials,Agricultural Inputs,42144948224,USD,42144948224.0
CUBE,Real Estate,REIT - Industrial,8481533440,USD,8481533440.0
CUBI,Financial Services,Banks - Regional,2323118336,USD,2323118336.0
CURB,Real Estate,REIT - Retail,2459291904,USD,2459291904.0
CURI,Communication Services,Broadcasting,243304864,USD,243304864.0
CURV,Consumer Cyclical,Apparel Retail,120982464,USD,120982464.0
CUV.AX,Healthcare,Biotechnology,562248256,AUD,365666114.72490495
CUZ,Real Estate,REIT - Office,4325755392,USD,4325755392.0
CVBF,Financial Services,Banks - Regional,2538427904,USD,2538427904.0
CVCB3.SA,Consumer Cyclical,Travel Services,969496896,BRL,180106792.82918015
CVCO,Consumer Cyclical,Residential Construction,4178972672,USD,4178972672.0
CVGW,Consumer Defensive,Food Distribution,396165280,USD,396165280.0
CVI,Energy,Oil & Gas Refining & Marketing,3700531456,USD,3700531456.0
CVLG,Industrials,Trucking,505646496,USD,505646496.0
CVLT,Technology,Software - Application,6189524992,USD,6189524992.0
CVNA,Consumer Cyclical,Auto & Truck Dealerships,38864994304,USD,38864994304.0
CVRX,Healthcare,Medical Devices,270931840,USD,270931840.0
CVS,Healthcare,Healthcare Plans,99574284288,USD,99574284288.0
CVX,Energy,Oil & Gas Integrated,307925942272,USD,307925942272.0
CW,Industrials,Aerospace & Defense,22673932288,USD,22673932288.0
CWAN,Technology,Software - Application,5910524928,USD,5910524928.0
CWBC,Financial Services,Banks - Regional,405548544,USD,405548544.0
CWCO,Utilities,Utilities - Regulated Water,549315392,USD,549315392.0
CWEN,Utilities,Utilities - Renewable,6428153856,USD,6428153856.0
CWH,Consumer Cyclical,Auto & Truck Dealerships,810372224,USD,810372224.0
CWK,Real Estate,Real Estate Services,3608398848,USD,3608398848.0
CWST,Industrials,Waste Management,5633126912,USD,5633126912.0
CWT,Utilities,Utilities - Regulated Water,2679822592,USD,2679822592.0
CWY.AX,Industrials,Waste Management,5710701568,AUD,3714035628.283003
CXDO,Communication Services,Telecom Services,214299616,USD,214299616.0
CXM,Technology,Software - Application,1884584448,USD,1884584448.0
CXO.AX,Basic Materials,Other Industrial Metals & Mining,359169664,AUD,233591076.8248422
CXT,Industrials,Specialty Industrial Machinery,3682803712,USD,3682803712.0
CXW,Industrials,Security & Protection Services,2018080128,USD,2018080128.0
CYH,Healthcare,Medical Care Facilities,533300512,USD,533300512.0
CYRE3.SA,Consumer Cyclical,Residential Construction,11212778496,BRL,2083036657.4155161
CYRX,Industrials,Integrated Freight & Logistics,452605376,USD,452605376.0
CYTK,Healthcare,Biotechnology,7183018496,USD,7183018496.0
CZFS,Financial Services,Banks - Regional,260796784,USD,260796784.0
CZNC,Financial Services,Banks - Regional,339357568,USD,339357568.0
CZR,Consumer Cyclical,Resorts & Casinos,4174007552,USD,4174007552.0
CZWI,Financial Services,Banks - Regional,158595024,USD,158595024.0
D,Utilities,Utilities - Regulated Electric,49945391104,USD,49945391104.0
D01.SI,Consumer Defensive,Grocery Stores,4683631616,USD,4683631616.0
D05.SI,Financial Services,Banks - Regional,151826923520,SGD,116192886464.08601
DAKT,Technology,Electronic Components,937118912,USD,937118912.0
DAL,Industrials,Airlines,38198321152,USD,38198321152.0
DAN,Consumer Cyclical,Auto Parts,2406849792,USD,2406849792.0
DANSKE.CO,Financial Services,Banks - Regional,237920010240,DKK,36618796958.46113
DAR,Consumer Defensive,Packaged Foods,5186915840,USD,5186915840.0
DASH,Consumer Cyclical,Internet Retail,103402504192,USD,103402504192.0
DAVE,Technology,Software - Application,3241178880,USD,3241178880.0
DAWN,Healthcare,Biotechnology,748777472,USD,748777472.0
DAY,Technology,Software - Application,10992801792,USD,10992801792.0
DBD,Technology,Software - Application,2155884032,USD,2155884032.0
DBI,Consumer Cyclical,Footwear & Accessories,184797184,USD,184797184.0
DBRG,Financial Services,Asset Management,2431130368,USD,2431130368.0
DBX,Technology,Software - Infrastructure,8014874624,USD,8014874624.0
DC,Basic Materials,Gold,456116096,USD,456116096.0
DCC.L,Energy,Oil & Gas Refining & Marketing,4830959616,GBp,6305500859.096678
DCGO,Healthcare,Medical Care Facilities,100742376,USD,100742376.0
DCI,Industrials,Specialty Industrial Machinery,9785443328,USD,9785443328.0
DCO,Industrials,Aerospace & Defense,1393728384,USD,1393728384.0
DCOM,Financial Services,Banks - Regional,1160480640,USD,1160480640.0
DCTH,Healthcare,Medical Devices,333021536,USD,333021536.0
DD,Basic Materials,Specialty Chemicals,14525281280,USD,14525281280.0
DDD,Technology,Computer Hardware,353977056,USD,353977056.0
DDOG,Technology,Software - Application,56524611584,USD,56524611584.0
DDS,Consumer Cyclical,Department Stores,9401348096,USD,9401348096.0
DE,Industrials,Farm & Heavy Construction Machinery,124875964416,USD,124875964416.0
DEA,Real Estate,REIT - Office,1105616896,USD,1105616896.0
DEC,Energy,Oil & Gas Integrated,963318592,USD,963318592.0
DECK,Consumer Cyclical,Footwear & Accessories,11822821376,USD,11822821376.0
DEI,Real Estate,REIT - Office,2630184704,USD,2630184704.0
DELL,Technology,Computer Hardware,107305754624,USD,107305754624.0
DELTA.BK,Industrials,Electrical Equipment & Parts,2769187241984,THB,85048746245.05086
DEMANT.CO,Healthcare,Medical Devices,45627666432,DKK,7022655433.968598
DENN,Consumer Cyclical,Restaurants,211660864,USD,211660864.0
DERM,Healthcare,Drug Manufacturers - Specialty & Generic,224159888,USD,224159888.0
DFH,Consumer Cyclical,Residential Construction,1779035520,USD,1779035520.0
DFIN,Technology,Software - Application,1231320704,USD,1231320704.0
DG,Consumer Defensive,Discount Stores,21827915776,USD,21827915776.0
DGE.L,Consumer Defensive,Beverages - Wineries & Distilleries,39554330624,GBp,51627396119.1039
DGICA,Financial Services,Insurance - Property & Casualty,657734656,USD,657734656.0
DGII,Technology,Communication Equipment,1341966976,USD,1341966976.0
DGX,Healthcare,Diagnostics & Research,19894583296,USD,19894583296.0
DH,Healthcare,Health Information Services,297686528,USD,297686528.0
DHC,Real Estate,REIT - Healthcare Facilities,1067051456,USD,1067051456.0
DHER.DE,Consumer Cyclical,Internet Retail,6306179584,EUR,7246816267.546982
DHI,Consumer Cyclical,Residential Construction,42716565504,USD,42716565504.0
DHIL,Financial Services,Asset Management,348902016,USD,348902016.0
DHR,Healthcare,Diagnostics & Research,151201185792,USD,151201185792.0
DHT,Energy,Oil & Gas Midstream,2096824320,USD,2096824320.0
DIA.MI,Healthcare,Diagnostics & Research,4095143168,EUR,4705979227.596365
DIM.PA,Healthcare,Medical Instruments & Supplies,19884644352,EUR,22850659776.653107
DIN,Consumer Cyclical,Restaurants,371718240,USD,371718240.0
DINO,Energy,Oil & Gas Refining & Marketing,9820996608,USD,9820996608.0
DIOD,Technology,Semiconductors,2473540096,USD,2473540096.0
DIS,Communication Services,Entertainment,201584345088,USD,201584345088.0
DJCO,Technology,Software - Application,562361728,USD,562361728.0
DJT,Communication Services,Internet Content & Information,4063645440,USD,4063645440.0
DK,Energy,Oil & Gas Refining & Marketing,2339327232,USD,2339327232.0
DKNG,Consumer Cyclical,Gambling,15177090048,USD,15177090048.0
DKS,Consumer Cyclical,Specialty Retail,19531503616,USD,19531503616.0
DLB,Industrials,Specialty Business Services,6361178624,USD,6361178624.0
DLR,Real Estate,REIT - Specialty,60135194624,USD,60135194624.0
DLTR,Consumer Defensive,Discount Stores,20570157056,USD,20570157056.0
DLX,Industrials,Conglomerates,811974080,USD,811974080.0
DMAC,Healthcare,Biotechnology,351484608,USD,351484608.0
DMP.AX,Consumer Cyclical,Restaurants,1809738752,AUD,1176989223.2639282
DMRC,Technology,Software - Application,216163344,USD,216163344.0
DNA,Healthcare,Biotechnology,757164800,USD,757164800.0
DNLI,Healthcare,Biotechnology,2245820416,USD,2245820416.0
DNOW,Industrials,Industrial Distribution,1543675904,USD,1543675904.0
DNTH,Healthcare,Biotechnology,1354946048,USD,1354946048.0
DNUT,Consumer Defensive,Grocery Stores,630016000,USD,630016000.0
DOC,Real Estate,REIT - Healthcare Facilities,12293662720,USD,12293662720.0
DOCN,Technology,Software - Infrastructure,3771683584,USD,3771683584.0
DOCS,Healthcare,Health Information Services,12539698176,USD,12539698176.0
DOCU,Technology,Software - Application,14688644096,USD,14688644096.0
DOLE,Consumer Defensive,Farm Products,1210468992,USD,1210468992.0
DOMO,Technology,Software - Application,574350976,USD,574350976.0
DORM,Consumer Cyclical,Auto Parts,4082557952,USD,4082557952.0
DOUG,Real Estate,Real Estate Services,218221936,USD,218221936.0
DOV,Industrials,Specialty Industrial Machinery,24435218432,USD,24435218432.0
DOW,Basic Materials,Chemicals,16511125504,USD,16511125504.0
DOW.AX,Industrials,Engineering & Construction,5123272192,AUD,3331992615.6014385
DOX,Technology,Software - Infrastructure,9253626880,USD,9253626880.0
DPLM.L,Industrials,Industrial Distribution,7391597056,GBp,9647715007.250534
DPZ,Consumer Cyclical,Restaurants,13637130240,USD,13637130240.0
DRH,Real Estate,REIT - Hotel & Motel,1644593280,USD,1644593280.0
DRI,Consumer Cyclical,Restaurants,20653834240,USD,20653834240.0
DRR.AX,Basic Materials,Other Industrial Metals & Mining,2100076160,AUD,1365814267.7344255
DRREDDY.NS,Healthcare,Drug Manufacturers - Specialty & Generic,1000480178176,INR,11282677095.097433
DRS,Industrials,Aerospace & Defense,9741897728,USD,9741897728.0
DRUG,Healthcare,Biotechnology,391817664,USD,391817664.0
DRVN,Consumer Cyclical,Auto & Truck Dealerships,2340989440,USD,2340989440.0
DSFIR.AS,Basic Materials,Specialty Chemicals,18052939776,EUR,20745736131.221912
DSGN,Healthcare,Biotechnology,373010240,USD,373010240.0
DSGR,Industrials,Industrial Distribution,1248612480,USD,1248612480.0
DSP,Technology,Software - Application,555228992,USD,555228992.0
DSV.CO,Industrials,Integrated Freight & Logistics,324300570624,DKK,49913820772.00662
DT,Technology,Software - Application,15220034560,USD,15220034560.0
DTE,Utilities,Utilities - Regulated Electric,27802523648,USD,27802523648.0
DTM,Energy,Oil & Gas Midstream,11415948288,USD,11415948288.0
DUK,Utilities,Utilities - Regulated Electric,96168812544,USD,96168812544.0
DUOL,Technology,Software - Application,12139597824,USD,12139597824.0
DV,Technology,Software - Application,1835910528,USD,1835910528.0
DVA,Healthcare,Medical Care Facilities,8404930048,USD,8404930048.0
DVAX,Healthcare,Drug Manufacturers - Specialty & Generic,1194955520,USD,1194955520.0
DVN,Energy,Oil & Gas E&P,20834136064,USD,20834136064.0
DX,Real Estate,REIT - Mortgage,1949792768,USD,1949792768.0
DXC,Technology,Information Technology Services,2310757632,USD,2310757632.0
DXCM,Healthcare,Medical Devices,23568683008,USD,23568683008.0
DXCO3.SA,Basic Materials,Lumber & Wood Production,4254625536,BRL,790396506.8270745
DXPE,Industrials,Industrial Distribution,1895688448,USD,1895688448.0
DXS.AX,Real Estate,REIT - Office,7775814656,AUD,5057111167.065128
DY,Industrials,Engineering & Construction,8286373888,USD,8286373888.0
DYN,Healthcare,Biotechnology,3429978880,USD,3429978880.0
EA,Communication Services,Electronic Gaming & Multimedia,49853476864,USD,49853476864.0
EAT,Consumer Cyclical,Restaurants,4667499520,USD,4667499520.0
EB,Communication Services,Internet Content & Information,230635200,USD,230635200.0
EBAY,Consumer Cyclical,Internet Retail,37412036608,USD,37412036608.0
EBC,Financial Services,Banks - Regional,3433417216,USD,3433417216.0
EBF,Industrials,Business Equipment & Supplies,435449472,USD,435449472.0
EBMT,Financial Services,Banks - Regional,130256656,USD,130256656.0
EBO.NZ,Healthcare,Medical Distribution,5920789504,NZD,3355695671.1556096
EBS,Healthcare,Drug Manufacturers - Specialty & Generic,550934400,USD,550934400.0
ECBK,Financial Services,Banks - Regional,143507952,USD,143507952.0
ECG,Industrials,Engineering & Construction,4602323456,USD,4602323456.0
ECL,Basic Materials,Specialty Chemicals,72919023616,USD,72919023616.0
ECMPA.AS,Real Estate,REIT - Retail,1401302528,EUR,1610322354.5092607
ECOR3.SA,Industrials,Infrastructure Operations,5544101376,BRL,1029946895.210281
ECPG,Financial Services,Credit Services,995259136,USD,995259136.0
ECVT,Basic Materials,Specialty Chemicals,946236672,USD,946236672.0
ED,Utilities,Utilities - Regulated Electric,34853380096,USD,34853380096.0
EDIT,Healthcare,Biotechnology,275155680,USD,275155680.0
EDP.LS,Utilities,Utilities - Diversified,18004746240,EUR,20690353994.37926
EDPR.LS,Utilities,Utilities - Renewable,13600367616,EUR,15629013410.006937
EDV.AX,Consumer Defensive,Beverages - Wineries & Distilleries,6535944192,AUD,4250743854.2369585
EDV.L,Basic Materials,Gold,7294521856,GBp,9521009796.350054
EE,Energy,Oil & Gas Midstream,2914413824,USD,2914413824.0
EEFT,Technology,Software - Infrastructure,3127072000,USD,3127072000.0
EEX,Communication Services,Advertising Agencies,838703168,USD,838703168.0
EFC,Real Estate,REIT - Mortgage,1346569728,USD,1346569728.0
EFSC,Financial Services,Banks - Regional,1939001472,USD,1939001472.0
EFSI,Financial Services,Banks - Regional,191989312,USD,191989312.0
EFX,Industrials,Consulting Services,25683165184,USD,25683165184.0
EG,Financial Services,Insurance - Reinsurance,13158022144,USD,13158022144.0
EGAN,Technology,Software - Application,417718944,USD,417718944.0
EGBN,Financial Services,Banks - Regional,510461792,USD,510461792.0
EGCO.BK,Utilities,Utilities - Independent Power Producers,63439032320,THB,1948373183.2989695
EGHT,Technology,Software - Application,253646064,USD,253646064.0
EGIE3.SA,Utilities,Utilities - Renewable,32881887232,BRL,6108581962.418463
EGL.LS,Industrials,Engineering & Construction,1786013696,EUR,2052417463.5104256
EGO,Basic Materials,Gold,5196501504,USD,5196501504.0
EGP,Real Estate,REIT - Industrial,9385626624,USD,9385626624.0
EGY,Energy,Oil & Gas E&P,405564640,USD,405564640.0
EHAB,Healthcare,Medical Care Facilities,421237120,USD,421237120.0
EHC,Healthcare,Medical Care Facilities,11678496768,USD,11678496768.0
EHTH,Financial Services,Insurance Brokers,158286192,USD,158286192.0
EICHERMOT.NS,Consumer Cyclical,Auto Manufacturers,1900746375168,INR,21435214868.319828
EIG,Financial Services,Insurance - Specialty,810819840,USD,810819840.0
EIX,Utilities,Utilities - Regulated Electric,20928569344,USD,20928569344.0
EL,Consumer Defensive,Household & Personal Products,33603594240,USD,33603594240.0
ELA,Consumer Cyclical,Luxury Goods,244333248,USD,244333248.0
ELAN,Healthcare,Drug Manufacturers - Specialty & Generic,11352193024,USD,11352193024.0
ELD.AX,Consumer Defensive,Farm Products,1324477312,AUD,861392574.4579378
ELDN,Healthcare,Biotechnology,261084544,USD,261084544.0
ELE.MC,Utilities,Utilities - Regulated Electric,32808472576,EUR,37702220434.75599
ELET3.SA,Utilities,Utilities - Renewable,127311757312,BRL,23651145654.53054
ELET6.SA,Utilities,Utilities - Renewable,127311749120,BRL,23651144132.674355
ELF,Consumer Defensive,Household & Personal Products,6861519360,USD,6861519360.0
ELMD,Healthcare,Medical Devices,201446336,USD,201446336.0
ELME,Real Estate,REIT - Residential,1445842944,USD,1445842944.0
ELS,Real Estate,REIT - Residential,12096984064,USD,12096984064.0
ELV,Healthcare,Healthcare Plans,69602959360,USD,69602959360.0
ELVN,Healthcare,Biotechnology,1184710912,USD,1184710912.0
EMBC,Healthcare,Medical Instruments & Supplies,784870336,USD,784870336.0
EMBR3.SA,Industrials,Aerospace & Defense,63812919296,BRL,11854746810.318684
EME,Industrials,Engineering & Construction,30150705152,USD,30150705152.0
EML,Industrials,Tools & Accessories,129707928,USD,129707928.0
EML.AX,Technology,Software - Infrastructure,376113664,AUD,244610847.15188223
EMN,Basic Materials,Specialty Chemicals,6647648256,USD,6647648256.0
EMR,Industrials,Specialty Industrial Machinery,78808883200,USD,78808883200.0
ENEL.MI,Utilities,Utilities - Diversified,89375834112,EUR,102707231841.56343
ENEV3.SA,Utilities,Utilities - Diversified,35997515776,BRL,6687383057.112105
ENG.MC,Utilities,Utilities - Regulated Gas,3608113408,EUR,4146303572.8620286
ENGI11.SA,Utilities,Utilities - Regulated Electric,23921637376,BRL,4444005344.204841
ENI.MI,Energy,Oil & Gas Integrated,47019765760,EUR,54033285742.50394
ENOV,Healthcare,Medical Devices,1793674624,USD,1793674624.0
ENPH,Technology,Solar,3861670144,USD,3861670144.0
ENR,Industrials,Electrical Equipment & Parts,1587243520,USD,1587243520.0
ENS,Industrials,Electrical Equipment & Parts,4706595840,USD,4706595840.0
ENSG,Healthcare,Medical Care Facilities,10609904640,USD,10609904640.0
ENT.L,Consumer Cyclical,Gambling,4969280512,GBp,6486041082.548429
ENTA,Healthcare,Biotechnology,312188640,USD,312188640.0
ENTG,Technology,Semiconductor Equipment & Materials,13853207552,USD,13853207552.0
ENVA,Financial Services,Credit Services,3036457472,USD,3036457472.0
ENVX,Industrials,Electrical Equipment & Parts,2657658624,USD,2657658624.0
ENX.PA,Financial Services,Financial Data & Stock Exchanges,12581118976,EUR,14457732521.691032
EOG,Energy,Oil & Gas E&P,57678741504,USD,57678741504.0
EOLS,Healthcare,Drug Manufacturers - Specialty & Generic,413339840,USD,413339840.0
EOSE,Industrials,Electrical Equipment & Parts,4361359872,USD,4361359872.0
EP,Energy,Oil & Gas E&P,103179008,USD,103179008.0
EPAC,Industrials,Specialty Industrial Machinery,2177541376,USD,2177541376.0
EPAM,Technology,Information Technology Services,9006747648,USD,9006747648.0
EPC,Consumer Defensive,Household & Personal Products,892113536,USD,892113536.0
EPM,Energy,Oil & Gas E&P,153381648,USD,153381648.0
EPR,Real Estate,REIT - Specialty,3823006720,USD,3823006720.0
EPRT,Real Estate,REIT - Retail,5978834944,USD,5978834944.0
EPSN,Energy,Oil & Gas E&P,107425256,USD,107425256.0
EQBK,Financial Services,Banks - Regional,777438912,USD,777438912.0
EQH,Financial Services,Asset Management,14614384640,USD,14614384640.0
EQIX,Real Estate,REIT - Specialty,81773297664,USD,81773297664.0
EQR,Real Estate,REIT - Residential,23167547392,USD,23167547392.0
EQT,Energy,Oil & Gas E&P,34860384256,USD,34860384256.0
EQTL3.SA,Utilities,Utilities - Regulated Electric,47121854464,BRL,8753989945.393726
ERAS,Healthcare,Biotechnology,675134976,USD,675134976.0
ERIE,Financial Services,Insurance Brokers,14920913920,USD,14920913920.0
ERII,Industrials,Pollution & Treatment Controls,894264832,USD,894264832.0
ES,Utilities,Utilities - Regulated Electric,27596124160,USD,27596124160.0
ESAB,Industrials,Metal Fabrication,6984797184,USD,6984797184.0
ESCA,Consumer Cyclical,Leisure,161503808,USD,161503808.0
ESE,Technology,Scientific & Technical Instruments,5735663616,USD,5735663616.0
ESI,Basic Materials,Specialty Chemicals,6563038208,USD,6563038208.0
ESNT,Financial Services,Insurance - Specialty,6000706048,USD,6000706048.0
ESOA,Industrials,Engineering & Construction,187485056,USD,187485056.0
ESPR,Healthcare,Drug Manufacturers - Specialty & Generic,683287360,USD,683287360.0
ESQ,Financial Services,Banks - Regional,810895040,USD,810895040.0
ESRT,Real Estate,REIT - Diversified,2189893120,USD,2189893120.0
ESS,Real Estate,REIT - Residential,17565495296,USD,17565495296.0
ESTC,Technology,Software - Application,9642098688,USD,9642098688.0
ETD,Consumer Cyclical,"Furnishings, Fixtures & Appliances",608422016,USD,608422016.0
ETERNAL.NS,Consumer Cyclical,Internet Retail,2852494770176,INR,32168330876.904537
ETN,Industrials,Specialty Industrial Machinery,150491709440,USD,150491709440.0
ETON,Healthcare,Drug Manufacturers - Specialty & Generic,481642912,USD,481642912.0
ETR,Utilities,Utilities - Regulated Electric,43261841408,USD,43261841408.0
ETSY,Consumer Cyclical,Internet Retail,6028963328,USD,6028963328.0
EU,Energy,Uranium,537090432,USD,537090432.0
EVC,Communication Services,Advertising Agencies,181042816,USD,181042816.0
EVCM,Technology,Software - Infrastructure,2070203392,USD,2070203392.0
EVD.DE,Communication Services,Entertainment,7396129792,EUR,8499344647.51749
EVER,Communication Services,Internet Content & Information,818253120,USD,818253120.0
EVEX,Industrials,Aerospace & Defense,1242642304,USD,1242642304.0
EVGO,Consumer Cyclical,Specialty Retail,1202289536,USD,1202289536.0
EVH,Healthcare,Health Information Services,779326016,USD,779326016.0
EVI,Industrials,Industrial Distribution,329747552,USD,329747552.0
EVK.DE,Basic Materials,Specialty Chemicals,6719719936,EUR,7722040753.345689
EVLV,Industrials,Security & Protection Services,1306375168,USD,1306375168.0
EVN.AX,Basic Materials,Gold,21614227456,AUD,14057118883.470377
EVR,Financial Services,Capital Markets,11587488768,USD,11587488768.0
EVRG,Utilities,Utilities - Regulated Electric,17784100864,USD,17784100864.0
EVT.AX,Communication Services,Entertainment,2356574976,AUD,1532631904.7432601
EVT.DE,Healthcare,Drug Manufacturers - Specialty & Generic,1248135040,EUR,1434308235.5149438
EVTC,Technology,Software - Infrastructure,1812610176,USD,1812610176.0
EW,Healthcare,Medical Devices,48770400256,USD,48770400256.0
EWBC,Financial Services,Banks - Regional,13814578176,USD,13814578176.0
EWCZ,Consumer Defensive,Household & Personal Products,209840800,USD,209840800.0
EWTX,Healthcare,Biotechnology,1893062400,USD,1893062400.0
EXAS,Healthcare,Diagnostics & Research,12680594432,USD,12680594432.0
EXC,Utilities,Utilities - Regulated Electric,46661410816,USD,46661410816.0
EXE,Energy,Oil & Gas E&P,26217719808,USD,26217719808.0
EXEL,Healthcare,Biotechnology,10245849088,USD,10245849088.0
EXFY,Technology,Software - Application,149167424,USD,149167424.0
EXLS,Technology,Information Technology Services,6214726656,USD,6214726656.0
EXO.AS,Industrials,Farm & Heavy Construction Machinery,24744695808,EUR,28435641853.886665
EXP,Basic Materials,Building Materials,6598745600,USD,6598745600.0
EXPD,Industrials,Integrated Freight & Logistics,16620090368,USD,16620090368.0
EXPE,Consumer Cyclical,Travel Services,26674317312,USD,26674317312.0
EXPI,Real Estate,Real Estate Services,1573895552,USD,1573895552.0
EXPN.L,Industrials,Consulting Services,32547508224,GBp,42481899535.69013
EXPO,Industrials,Engineering & Construction,3639616768,USD,3639616768.0
EXR,Real Estate,REIT - Industrial,29073319936,USD,29073319936.0
EXTR,Technology,Communication Equipment,2511233024,USD,2511233024.0
EYE,Consumer Cyclical,Specialty Retail,2089200512,USD,2089200512.0
EYPT,Healthcare,Biotechnology,1005378240,USD,1005378240.0
EZJ.L,Industrials,Airlines,3632918016,GBp,4741784136.436838
EZTC3.SA,Real Estate,Real Estate - Development,4083312896,BRL,758571164.9525402
F,Consumer Cyclical,Auto Manufacturers,51838328832,USD,51838328832.0
F34.SI,Consumer Defensive,Packaged Foods,20226455552,SGD,15479272048.97116
FA,Industrials,Specialty Business Services,2147043584,USD,2147043584.0
FAF,Financial Services,Insurance - Specialty,6332065792,USD,6332065792.0
FANG,Energy,Oil & Gas E&P,40895705088,USD,40895705088.0
FAST,Industrials,Industrial Distribution,47115386880,USD,47115386880.0
FATE,Healthcare,Biotechnology,145315408,USD,145315408.0
FBIN,Industrials,Building Products & Equipment,6081403904,USD,6081403904.0
FBIZ,Financial Services,Banks - Regional,423038784,USD,423038784.0
FBK,Financial Services,Banks - Regional,2895205120,USD,2895205120.0
FBK.MI,Financial Services,Banks - Regional,12226816000,EUR,14050581324.0576
FBLA,Financial Services,Banks - Regional,241819120,USD,241819120.0
FBNC,Financial Services,Banks - Regional,2057514880,USD,2057514880.0
FBP,Financial Services,Banks - Regional,3131774720,USD,3131774720.0
FBRT,Real Estate,REIT - Mortgage,839201536,USD,839201536.0
FBU.AX,Basic Materials,Building Materials,3117202688,AUD,2027316907.730862
FBU.NZ,Basic Materials,Building Materials,3590157312,NZD,2034775149.9199488
FC,Consumer Defensive,Education & Training Services,207199456,USD,207199456.0
FCAP,Financial Services,Banks - Regional,144001664,USD,144001664.0
FCBC,Financial Services,Banks - Regional,596150080,USD,596150080.0
FCCO,Financial Services,Banks - Regional,205545520,USD,205545520.0
FCF,Financial Services,Banks - Regional,1612374400,USD,1612374400.0
FCFS,Financial Services,Credit Services,7009893376,USD,7009893376.0
FCIT.L,Financial Services,Asset Management,5885297152,GBp,7681651099.932364
FCN,Industrials,Consulting Services,5096713216,USD,5096713216.0
FCNCA,Financial Services,Banks - Regional,23336089600,USD,23336089600.0
FCPT,Real Estate,REIT - Retail,2557637376,USD,2557637376.0
FCX,Basic Materials,Copper,59125178368,USD,59125178368.0
FDBC,Financial Services,Banks - Regional,251972800,USD,251972800.0
FDMT,Healthcare,Biotechnology,524001696,USD,524001696.0
FDP,Consumer Defensive,Farm Products,1717025408,USD,1717025408.0
FDR.MC,Industrials,Specialty Industrial Machinery,4669430272,EUR,5365927627.744819
FDS,Financial Services,Financial Data & Stock Exchanges,9900192768,USD,9900192768.0
FDX,Industrials,Integrated Freight & Logistics,59694370816,USD,59694370816.0
FE,Utilities,Utilities - Regulated Electric,26595721216,USD,26595721216.0
FEIM,Technology,Communication Equipment,348048992,USD,348048992.0
FELE,Industrials,Specialty Industrial Machinery,4146141952,USD,4146141952.0
FENC,Healthcare,Biotechnology,226636672,USD,226636672.0
FER.MC,Industrials,Engineering & Construction,38640205824,EUR,44403821428.93424
FERG,Industrials,Industrial Distribution,48516210688,USD,48516210688.0
FET,Energy,Oil & Gas Equipment & Services,328367872,USD,328367872.0
FF,Basic Materials,Specialty Chemicals,169518544,USD,169518544.0
FFAI,Consumer Cyclical,Auto Manufacturers,192846160,USD,192846160.0
FFBC,Financial Services,Banks - Regional,2266535936,USD,2266535936.0
FFIC,Financial Services,Banks - Regional,481004992,USD,481004992.0
FFIN,Financial Services,Banks - Regional,4398625792,USD,4398625792.0
FFIV,Technology,Software - Infrastructure,14365623296,USD,14365623296.0
FFWM,Financial Services,Banks - Regional,436800800,USD,436800800.0
FG,Financial Services,Insurance - Life,3914240512,USD,3914240512.0
FGR.PA,Industrials,Engineering & Construction,10318195712,EUR,11857269134.417202
FHB,Financial Services,Banks - Regional,3047213312,USD,3047213312.0
FHN,Financial Services,Banks - Regional,10729999360,USD,10729999360.0
FHTX,Healthcare,Biotechnology,237991168,USD,237991168.0
FI,Technology,Information Technology Services,35035672576,USD,35035672576.0
FIBK,Financial Services,Banks - Regional,3270232064,USD,3270232064.0
FICO,Technology,Software - Application,39618273280,USD,39618273280.0
FIGS,Consumer Cyclical,Apparel Manufacturing,1249040000,USD,1249040000.0
FIHL,Financial Services,Insurance - Diversified,1874929280,USD,1874929280.0
FINW,Financial Services,Banks - Regional,262600592,USD,262600592.0
FIP,Industrials,Conglomerates,659389632,USD,659389632.0
FIS,Technology,Information Technology Services,32491948032,USD,32491948032.0
FISI,Financial Services,Banks - Regional,584363200,USD,584363200.0
FITB,Financial Services,Banks - Regional,27450208256,USD,27450208256.0
FIVE,Consumer Cyclical,Specialty Retail,8737247232,USD,8737247232.0
FIVN,Technology,Software - Infrastructure,1879801216,USD,1879801216.0
FIX,Industrials,Engineering & Construction,34484330496,USD,34484330496.0
FIZZ,Consumer Defensive,Beverages - Non-Alcoholic,3115681792,USD,3115681792.0
FLEX,Technology,Electronic Components,23629602816,USD,23629602816.0
FLG,Financial Services,Banks - Regional,4691685888,USD,4691685888.0
FLGT,Healthcare,Diagnostics & Research,707375040,USD,707375040.0
FLNC,Utilities,Utilities - Renewable,3797953536,USD,3797953536.0
FLNG,Energy,Oil & Gas Midstream,1401954944,USD,1401954944.0
FLO,Consumer Defensive,Packaged Foods,2508797440,USD,2508797440.0
FLOC,Energy,Oil & Gas Equipment & Services,1468887808,USD,1468887808.0
FLOW.AS,Financial Services,Capital Markets,1026757696,EUR,1179910003.3688254
FLR,Industrials,Engineering & Construction,7767972864,USD,7767972864.0
FLRY3.SA,Healthcare,Diagnostics & Research,7919074816,BRL,1471153928.5671833
FLS,Industrials,Specialty Industrial Machinery,9396704256,USD,9396704256.0
FLT.AX,Consumer Cyclical,Travel Services,2635138560,AUD,1713799676.0580096
FLUT,Consumer Cyclical,Gambling,40491966464,USD,40491966464.0
FLWS,Consumer Cyclical,Specialty Retail,225380880,USD,225380880.0
FLXS,Consumer Cyclical,"Furnishings, Fixtures & Appliances",184459008,USD,184459008.0
FLYW,Technology,Software - Infrastructure,1642627840,USD,1642627840.0
FMAO,Financial Services,Banks - Regional,327386144,USD,327386144.0
FMBH,Financial Services,Banks - Regional,862446080,USD,862446080.0
FMC,Basic Materials,Agricultural Inputs,1772615680,USD,1772615680.0
FMG.AX,Basic Materials,Other Industrial Metals & Mining,63776985088,AUD,41478265334.089645
FMNB,Financial Services,Banks - Regional,491374048,USD,491374048.0
FN,Technology,Electronic Components,15871057920,USD,15871057920.0
FNB,Financial Services,Banks - Regional,5637347840,USD,5637347840.0
FND,Consumer Cyclical,Home Improvement Retail,6426575360,USD,6426575360.0
FNF,Financial Services,Insurance - Specialty,15045277696,USD,15045277696.0
FNKO,Consumer Cyclical,Leisure,169624480,USD,169624480.0
FNLC,Financial Services,Banks - Regional,278454912,USD,278454912.0
FNTN.DE,Communication Services,Telecom Services,3175909632,EUR,3649631806.209715
FNWD,Financial Services,Banks - Regional,148952928,USD,148952928.0
FOA,Financial Services,Credit Services,246070576,USD,246070576.0
FOLD,Healthcare,Biotechnology,2731000576,USD,2731000576.0
FOR,Real Estate,Real Estate - Development,1302854144,USD,1302854144.0
FORM,Technology,Semiconductor Equipment & Materials,4349241856,USD,4349241856.0
FORR,Industrials,Consulting Services,146557440,USD,146557440.0
FOUR,Technology,Software - Infrastructure,6046919680,USD,6046919680.0
FOX,Communication Services,Entertainment,26759475200,USD,26759475200.0
FOXA,Communication Services,Entertainment,26759475200,USD,26759475200.0
FOXF,Consumer Cyclical,Auto Parts,944692608,USD,944692608.0
FPE3.DE,Basic Materials,Specialty Chemicals,4460891136,EUR,5126282564.82601
FPH.AX,Healthcare,Medical Instruments & Supplies,19110160384,AUD,12428563405.605436
FPH.NZ,Healthcare,Medical Instruments & Supplies,21935665152,NZD,12432365066.306765
FPI,Real Estate,REIT - Specialty,443727264,USD,443727264.0
FR,Real Estate,REIT - Industrial,7543254016,USD,7543254016.0
FR.PA,Consumer Cyclical,Auto Parts,2933648640,EUR,3371234898.155904
FRA.DE,Industrials,Airports & Air Services,6920111104,EUR,7952322488.394854
FRAF,Financial Services,Banks - Regional,203345984,USD,203345984.0
FRBA,Financial Services,Banks - Regional,389097056,USD,389097056.0
FRD,Basic Materials,Steel,157919680,USD,157919680.0
FRE.DE,Healthcare,Medical Care Facilities,27226888192,EUR,31288080784.29573
FRES.L,Basic Materials,Other Precious Metals & Mining,16195476480,GBp,21138779657.751553
FRGE,Financial Services,Capital Markets,316950560,USD,316950560.0
FRHC,Financial Services,Financial Conglomerates,9142235136,USD,9142235136.0
FRME,Financial Services,Banks - Regional,2067244416,USD,2067244416.0
FRPH,Real Estate,Real Estate Services,445245152,USD,445245152.0
FRPT,Consumer Defensive,Packaged Foods,2743867904,USD,2743867904.0
FRSH,Technology,Software - Application,3258172672,USD,3258172672.0
FRST,Financial Services,Banks - Regional,264434224,USD,264434224.0
FRT,Real Estate,REIT - Retail,8304951296,USD,8304951296.0
FRW.NZ,Industrials,Integrated Freight & Logistics,2569417472,NZD,1456255636.5763328
FSBC,Financial Services,Banks - Regional,749781632,USD,749781632.0
FSBW,Financial Services,Banks - Regional,288452416,USD,288452416.0
FSF.NZ,Consumer Defensive,Packaged Foods,896881728,NZD,508321082.8817472
FSFG,Financial Services,Banks - Regional,208202864,USD,208202864.0
FSLR,Technology,Solar,28512309248,USD,28512309248.0
FSLY,Technology,Software - Application,1224894080,USD,1224894080.0
FSP,Real Estate,REIT - Office,127539112,USD,127539112.0
FSS,Industrials,Pollution & Treatment Controls,7011836928,USD,7011836928.0
FSTR,Industrials,Railroads,285501600,USD,285501600.0
FSUN,Financial Services,Banks - Regional,932389312,USD,932389312.0
FTAI,Industrials,Rental & Leasing Services,17715372032,USD,17715372032.0
FTDR,Consumer Cyclical,Personal Services,4769450496,USD,4769450496.0
FTI,Energy,Oil & Gas Equipment & Services,17030295552,USD,17030295552.0
FTK,Energy,Oil & Gas Equipment & Services,518034304,USD,518034304.0
FTLF,Consumer Defensive,Packaged Foods,181341600,USD,181341600.0
FTNT,Technology,Software - Infrastructure,67063603200,USD,67063603200.0
FTRE,Healthcare,Biotechnology,918896000,USD,918896000.0
FTV,Technology,Scientific & Technical Instruments,15912343552,USD,15912343552.0
FUBO,Communication Services,Broadcasting,4465390080,USD,4465390080.0
FUL,Basic Materials,Specialty Chemicals,3103620352,USD,3103620352.0
FULC,Healthcare,Biotechnology,488148352,USD,488148352.0
FULT,Financial Services,Banks - Regional,3172372224,USD,3172372224.0
FUN,Consumer Cyclical,Leisure,2299041536,USD,2299041536.0
FUNC,Financial Services,Banks - Regional,226742096,USD,226742096.0
FUR.AS,Energy,Oil & Gas Equipment & Services,984154560,EUR,1130952136.739616
FVCB,Financial Services,Banks - Regional,218880112,USD,218880112.0
FVR,Real Estate,REIT - Diversified,272104480,USD,272104480.0
FWONA,Communication Services,Entertainment,24681779200,USD,24681779200.0
FWONK,Communication Services,Entertainment,24681779200,USD,24681779200.0
FWRD,Industrials,Integrated Freight & Logistics,554562112,USD,554562112.0
FWRG,Consumer Cyclical,Restaurants,967229952,USD,967229952.0
FXNC,Financial Services,Banks - Regional,202527008,USD,202527008.0
FYBR,Communication Services,Telecom Services,9435238400,USD,9435238400.0
G,Technology,Information Technology Services,6643175424,USD,6643175424.0
G.MI,Financial Services,Insurance - Diversified,49322266624,EUR,56679230168.12912
G13.SI,Consumer Cyclical,Resorts & Casinos,8820528128,SGD,6750335181.460583
G1A.DE,Industrials,Specialty Industrial Machinery,9979001856,EUR,11467480749.743
G24.DE,Communication Services,Internet Content & Information,7163775488,EUR,8232332119.943116
GABC,Financial Services,Banks - Regional,1460740224,USD,1460740224.0
GAIA,Communication Services,Entertainment,126802088,USD,126802088.0
GALP.LS,Energy,Oil & Gas Integrated,12609006592,EUR,14489779885.16997
GAMB,Consumer Cyclical,Gambling,249274304,USD,249274304.0
GAP,Consumer Cyclical,Apparel Retail,8463587328,USD,8463587328.0
GATX,Industrials,Rental & Leasing Services,5537707520,USD,5537707520.0
GAW.L,Consumer Cyclical,Leisure,5394718208,GBp,7041334020.360498
GBCI,Financial Services,Banks - Regional,5283415552,USD,5283415552.0
GBF.DE,Industrials,Engineering & Construction,3475329280,EUR,3993713218.267008
GBFH,Financial Services,Banks - Regional,510796000,USD,510796000.0
GBTG,Consumer Cyclical,Travel Services,4060297472,USD,4060297472.0
GBX,Industrials,Railroads,1295431040,USD,1295431040.0
GCBC,Financial Services,Banks - Regional,379017184,USD,379017184.0
GCI,Communication Services,Publishing,775263104,USD,775263104.0
GCMG,Financial Services,Asset Management,2149120000,USD,2149120000.0
GCO,Consumer Cyclical,Apparel Retail,320084352,USD,320084352.0
GCT,Technology,Software - Infrastructure,1056156480,USD,1056156480.0
GD,Industrials,Aerospace & Defense,92346073088,USD,92346073088.0
GDDY,Technology,Software - Infrastructure,18246819840,USD,18246819840.0
GDEN,Consumer Cyclical,Resorts & Casinos,529704224,USD,529704224.0
GDOT,Financial Services,Credit Services,640893568,USD,640893568.0
GDYN,Technology,Information Technology Services,758683008,USD,758683008.0
GE,Industrials,Aerospace & Defense,325536645120,USD,325536645120.0
GEF,Consumer Cyclical,Packaging & Containers,2741121024,USD,2741121024.0
GEHC,Healthcare,Health Information Services,33922693120,USD,33922693120.0
GEN,Technology,Software - Infrastructure,16185040896,USD,16185040896.0
GENC,Industrials,Farm & Heavy Construction Machinery,199198176,USD,199198176.0
GENI,Communication Services,Internet Content & Information,2639544064,USD,2639544064.0
GEO,Industrials,Security & Protection Services,2379196672,USD,2379196672.0
GERN,Healthcare,Biotechnology,765620544,USD,765620544.0
GET.PA,Industrials,Railroads,8685000704,EUR,9980464962.509415
GETY,Communication Services,Internet Content & Information,813030144,USD,813030144.0
GEV,Industrials,Specialty Industrial Machinery,157707730944,USD,157707730944.0
GEVO,Basic Materials,Specialty Chemicals,548974720,USD,548974720.0
GFC.PA,Real Estate,REIT - Office,5958875648,EUR,6847708094.418893
GFF,Industrials,Building Products & Equipment,3495623424,USD,3495623424.0
GFI,Basic Materials,Gold,34129944576,USD,34129944576.0
GFS,Technology,Semiconductors,19790288896,USD,19790288896.0
GGBR4.SA,Basic Materials,Steel,35127566336,BRL,6525769539.618242
GGG,Industrials,Specialty Industrial Machinery,13505588224,USD,13505588224.0
GH,Healthcare,Diagnostics & Research,12467984384,USD,12467984384.0
GHC,Consumer Defensive,Education & Training Services,4521738752,USD,4521738752.0
GHM,Industrials,Specialty Industrial Machinery,683577408,USD,683577408.0
GIC,Industrials,Industrial Distribution,1083990400,USD,1083990400.0
GIII,Consumer Cyclical,Apparel Manufacturing,1135174016,USD,1135174016.0
GILD,Healthcare,Drug Manufacturers - General,151586111488,USD,151586111488.0
GIS,Consumer Defensive,Packaged Foods,24766523392,USD,24766523392.0
GKOS,Healthcare,Medical Devices,5019222016,USD,5019222016.0
GL,Financial Services,Insurance - Life,10582301696,USD,10582301696.0
GLDD,Industrials,Engineering & Construction,773786560,USD,773786560.0
GLEN.L,Basic Materials,Other Industrial Metals & Mining,41928704000,GBp,54726493307.2896
GLIBA,Communication Services,Telecom Services,1040892736,USD,1040892736.0
GLIBK,Communication Services,Telecom Services,1040326976,USD,1040326976.0
GLNG,Energy,Oil & Gas Midstream,4216806144,USD,4216806144.0
GLOB,Technology,Information Technology Services,2677143808,USD,2677143808.0
GLPG.AS,Healthcare,Biotechnology,1773183616,EUR,2037673634.6645374
GLPI,Real Estate,REIT - Specialty,12868389888,USD,12868389888.0
GLRE,Financial Services,Insurance - Reinsurance,416875456,USD,416875456.0
GLSI,Healthcare,Biotechnology,114903072,USD,114903072.0
GLUE,Healthcare,Biotechnology,745435328,USD,745435328.0
GLW,Technology,Electronic Components,75019034624,USD,75019034624.0
GM,Consumer Cyclical,Auto Manufacturers,63639801856,USD,63639801856.0
GMAB.CO,Healthcare,Biotechnology,113168179200,DKK,17417965694.029823
GME,Consumer Cyclical,Specialty Retail,9903261696,USD,9903261696.0
GMED,Healthcare,Medical Devices,8265503744,USD,8265503744.0
GMG.AX,Real Estate,REIT - Diversified,66268672000,AUD,43098769199.59552
GMGI,Communication Services,Electronic Gaming & Multimedia,144062624,USD,144062624.0
GMRE,Real Estate,REIT - Healthcare Facilities,829460352,USD,829460352.0
GMT.NZ,Real Estate,REIT - Industrial,3308352512,NZD,1875058080.628429
GN.CO,Healthcare,Medical Devices,16189796352,DKK,2491807497.884221
GNC.AX,Consumer Defensive,Farm Products,1958438656,AUD,1273698311.420969
GNE,Utilities,Utilities - Regulated Electric,392860864,USD,392860864.0
GNE.NZ,Utilities,Utilities - Independent Power Producers,2784974848,NZD,1578425991.2292352
GNK,Industrials,Marine Shipping,719571008,USD,719571008.0
GNL,Real Estate,REIT - Diversified,1688197504,USD,1688197504.0
GNRC,Industrials,Specialty Industrial Machinery,9611922432,USD,9611922432.0
GNTX,Consumer Cyclical,Auto Parts,5111907328,USD,5111907328.0
GNW,Financial Services,Insurance - Life,3468166656,USD,3468166656.0
GO,Consumer Defensive,Grocery Stores,1396990976,USD,1396990976.0
GOAU4.SA,Basic Materials,Steel,10824693760,BRL,2010940813.2356095
GOCO,Financial Services,Insurance Brokers,109287288,USD,109287288.0
GOGO,Communication Services,Telecom Services,1177766912,USD,1177766912.0
GOLF,Consumer Cyclical,Leisure,4480224768,USD,4480224768.0
GOOD,Real Estate,REIT - Diversified,535636736,USD,535636736.0
GOOG,Communication Services,Internet Content & Information,3425811824640,USD,3425811824640.0
GOOGL,Communication Services,Internet Content & Information,3425812086784,USD,3425812086784.0
GOR.AX,Basic Materials,Gold,3803078144,AUD,2473385722.536919
GOSS,Healthcare,Biotechnology,547024704,USD,547024704.0
GOZ.AX,Real Estate,REIT - Office,1931015168,AUD,1255863057.6835787
GPC,Consumer Cyclical,Auto Parts,17195448320,USD,17195448320.0
GPI,Consumer Cyclical,Auto & Truck Dealerships,4971789824,USD,4971789824.0
GPK,Consumer Cyclical,Packaging & Containers,4639254528,USD,4639254528.0
GPN,Industrials,Specialty Business Services,18705006592,USD,18705006592.0
GPOR,Energy,Oil & Gas E&P,3423833856,USD,3423833856.0
GPRE,Basic Materials,Chemicals,654853056,USD,654853056.0
GPSC.BK,Utilities,Utilities - Regulated Electric,112084246528,THB,3442390784.0185957
GPT.AX,Real Estate,REIT - Diversified,10267495424,AUD,6677611036.7336035
GRAL,Healthcare,Diagnostics & Research,3237452800,USD,3237452800.0
GRASIM.NS,Basic Materials,Building Materials,1955590045696,INR,22053701309.905766
GRBK,Consumer Cyclical,Residential Construction,2727610624,USD,2727610624.0
GRC,Industrials,Specialty Industrial Machinery,1199076224,USD,1199076224.0
GRDN,Healthcare,Medical Care Facilities,1790074240,USD,1790074240.0
GRF.MC,Healthcare,Drug Manufacturers - General,6765497344,EUR,7774646369.878118
GRMN,Technology,Scientific & Technical Instruments,40494166016,USD,40494166016.0
GRND,Technology,Software - Application,2630093824,USD,2630093824.0
GRNT,Energy,Oil & Gas E&P,696925824,USD,696925824.0
GRPN,Communication Services,Internet Content & Information,871179904,USD,871179904.0
GS,Financial Services,Capital Markets,235599855616,USD,235599855616.0
GSAT,Communication Services,Telecom Services,6381772800,USD,6381772800.0
GSBC,Financial Services,Banks - Regional,630779840,USD,630779840.0
GSHD,Financial Services,Insurance Brokers,2488830720,USD,2488830720.0
GSK,Healthcare,Drug Manufacturers - General,94170480640,USD,94170480640.0
GSK.L,Healthcare,Drug Manufacturers - General,72111030272,GBp,94121292553.24385
GSM,Basic Materials,Other Industrial Metals & Mining,888339200,USD,888339200.0
GT,Consumer Cyclical,Auto Parts,1970860160,USD,1970860160.0
GTES,Industrials,Specialty Industrial Machinery,5715744768,USD,5715744768.0
GTK.NZ,Technology,Software - Infrastructure,985700928,NZD,558660687.8878272
GTLB,Technology,Software - Infrastructure,8512247296,USD,8512247296.0
GTLS,Industrials,Specialty Industrial Machinery,8961820672,USD,8961820672.0
GTM,Technology,Software - Application,3759843328,USD,3759843328.0
GTN,Communication Services,Broadcasting,514367136,USD,514367136.0
GTX,Consumer Cyclical,Auto Parts,3366492160,USD,3366492160.0
GTY,Real Estate,REIT - Retail,1579280256,USD,1579280256.0
GULF.BK,Utilities,Utilities - Independent Power Producers,638678073344,THB,19615419487.9198
GVA,Industrials,Engineering & Construction,4488956416,USD,4488956416.0
GWRE,Technology,Software - Application,19383457792,USD,19383457792.0
GWRS,Utilities,Utilities - Regulated Water,275831680,USD,275831680.0
GWW,Industrials,Industrial Distribution,45947875328,USD,45947875328.0
GXI.DE,Healthcare,Medical Instruments & Supplies,925412864,EUR,1063448464.7483903
GXO,Industrials,Integrated Freight & Logistics,6337241088,USD,6337241088.0
GYRE,Healthcare,Biotechnology,668485056,USD,668485056.0
H,Consumer Cyclical,Lodging,13048979456,USD,13048979456.0
H78.SI,Real Estate,Real Estate - Development,13225708544,USD,13225708544.0
HAE,Healthcare,Medical Devices,2421870592,USD,2421870592.0
HAFC,Financial Services,Banks - Regional,804838720,USD,804838720.0
HAG.DE,Industrials,Aerospace & Defense,10574025728,EUR,12151259037.01678
HAIN,Consumer Defensive,Packaged Foods,100224960,USD,100224960.0
HAL,Energy,Oil & Gas Equipment & Services,22875412480,USD,22875412480.0
HALO,Healthcare,Biotechnology,7743149056,USD,7743149056.0
HAPV3.SA,Financial Services,Insurance - Life,15051693056,BRL,2796205097.8710938
HAS,Consumer Cyclical,Leisure,10636638208,USD,10636638208.0
HASI,Financial Services,Asset Management,3497873152,USD,3497873152.0
HAYW,Industrials,Electrical Equipment & Parts,3589086208,USD,3589086208.0
HBAN,Financial Services,Banks - Regional,24058181632,USD,24058181632.0
HBB,Consumer Cyclical,"Furnishings, Fixtures & Appliances",185433888,USD,185433888.0
HBCP,Financial Services,Banks - Regional,415717536,USD,415717536.0
HBI,Consumer Cyclical,Apparel Manufacturing,2320942080,USD,2320942080.0
HBNC,Financial Services,Banks - Regional,801766400,USD,801766400.0
HBT,Financial Services,Banks - Regional,739593216,USD,739593216.0
HCA,Healthcare,Medical Care Facilities,105325174784,USD,105325174784.0
HCAT,Healthcare,Health Information Services,220973184,USD,220973184.0
HCC,Basic Materials,Coking Coal,3653043712,USD,3653043712.0
HCI,Financial Services,Insurance - Property & Casualty,2620210944,USD,2620210944.0
HCKT,Technology,Information Technology Services,495192384,USD,495192384.0
HCLTECH.NS,Technology,Information Technology Services,4136995913728,INR,46653986812.040054
HCSG,Healthcare,Medical Care Facilities,1259744512,USD,1259744512.0
HD,Consumer Cyclical,Home Improvement Retail,376604524544,USD,376604524544.0
HDFCBANK.NS,Financial Services,Banks - Regional,15149849116672,INR,170848817749.1787
HDFCLIFE.NS,Financial Services,Insurance - Life,1600385581056,INR,18047967498.590748
HDN.AX,Real Estate,REIT - Retail,2806770688,AUD,1825423060.813742
HDSN,Basic Materials,Specialty Chemicals,395635424,USD,395635424.0
HE,Utilities,Utilities - Regulated Electric,1997119104,USD,1997119104.0
HEI,Industrials,Aerospace & Defense,38027698176,USD,38027698176.0
HEIA.AS,Consumer Defensive,Beverages - Brewers,37597261824,EUR,43205310754.655846
HELE,Consumer Defensive,Household & Personal Products,441462496,USD,441462496.0
HER.MI,Utilities,Utilities - Diversified,5774294528,EUR,6635594651.52046
HFFG,Consumer Defensive,Food Distribution,114044240,USD,114044240.0
HFG.DE,Consumer Cyclical,Restaurants,1100208000,EUR,1264316235.5088
HFWA,Financial Services,Banks - Regional,766403520,USD,766403520.0
HG,Financial Services,Insurance - Reinsurance,2310764544,USD,2310764544.0
HGH.NZ,Financial Services,Mortgage Finance,1052912000,NZD,596753564.3888
HGV,Consumer Cyclical,Resorts & Casinos,3579978496,USD,3579978496.0
HHH,Real Estate,Real Estate - Development,4656875008,USD,4656875008.0
HI,Industrials,Specialty Industrial Machinery,2229575424,USD,2229575424.0
HIFS,Financial Services,Banks - Regional,643970432,USD,643970432.0
HIG,Financial Services,Insurance - Property & Casualty,34745892864,USD,34745892864.0
HII,Industrials,Aerospace & Defense,12460724224,USD,12460724224.0
HIK.L,Healthcare,Drug Manufacturers - Specialty & Generic,3976335616,GBp,5190022197.599078
HIMS,Healthcare,Drug Manufacturers - Specialty & Generic,10033009664,USD,10033009664.0
HINDALCO.NS,Basic Materials,Aluminum,1859710877696,INR,20972446812.02775
HINDUNILVR.NS,Consumer Defensive,Household & Personal Products,5761929314304,INR,64978786502.88655
HIPO,Financial Services,Insurance - Property & Casualty,917027904,USD,917027904.0
HIW,Real Estate,REIT - Office,3193591040,USD,3193591040.0
HL,Basic Materials,Other Precious Metals & Mining,8548990976,USD,8548990976.0
HLE.DE,Consumer Cyclical,Auto Parts,8766666752,EUR,10074312408.061747
HLF,Consumer Defensive,Packaged Foods,832062784,USD,832062784.0
HLG.NZ,Consumer Cyclical,Apparel Retail,600665984,NZD,340436396.3551616
HLI,Financial Services,Capital Markets,12489513984,USD,12489513984.0
HLIO,Industrials,Specialty Industrial Machinery,1875844224,USD,1875844224.0
HLIT,Technology,Communication Equipment,1213814144,USD,1213814144.0
HLLY,Consumer Cyclical,Auto Parts,348244032,USD,348244032.0
HLMA.L,Industrials,Conglomerates,13393301504,GBp,17481304099.48201
HLMN,Industrials,Tools & Accessories,1834092032,USD,1834092032.0
HLN.L,Healthcare,Drug Manufacturers - Specialty & Generic,31687096320,GBp,41358866343.30317
HLNE,Financial Services,Asset Management,6442697216,USD,6442697216.0
HLS.AX,Healthcare,Diagnostics & Research,638955840,AUD,415553978.1586944
HLT,Consumer Cyclical,Lodging,60221628416,USD,60221628416.0
HLX,Energy,Oil & Gas Equipment & Services,1017799936,USD,1017799936.0
HMC.AX,Real Estate,REIT - Diversified,1336875008,AUD,869455591.6029133
HMN,Financial Services,Insurance - Property & Casualty,1800785920,USD,1800785920.0
HMPRO.BK,Consumer Cyclical,Home Improvement Retail,80420184064,THB,2469907315.6711216
HNI,Consumer Cyclical,"Furnishings, Fixtures & Appliances",1843697664,USD,1843697664.0
HNRG,Energy,Thermal Coal,944504640,USD,944504640.0
HNST,Consumer Defensive,Household & Personal Products,373865472,USD,373865472.0
HNVR,Financial Services,Banks - Regional,159652784,USD,159652784.0
HOG,Consumer Cyclical,Recreational Vehicles,3295297536,USD,3295297536.0
HOLX,Healthcare,Medical Instruments & Supplies,16483275776,USD,16483275776.0
HOMB,Financial Services,Banks - Regional,5323878400,USD,5323878400.0
HON,Industrials,Conglomerates,125561651200,USD,125561651200.0
HONE,Financial Services,Banks - Regional,522219040,USD,522219040.0
HOOD,Financial Services,Capital Markets,130706333696,USD,130706333696.0
HOPE,Financial Services,Banks - Regional,1353636480,USD,1353636480.0
HOT.DE,Industrials,Engineering & Construction,19472527360,EUR,22377070960.797695
HOUS,Real Estate,Real Estate Services,1141522688,USD,1141522688.0
HOV,Consumer Cyclical,Residential Construction,627766592,USD,627766592.0
HP,Energy,Oil & Gas Drilling,2674931456,USD,2674931456.0
HPE,Technology,Communication Equipment,32326526976,USD,32326526976.0
HPK,Energy,Oil & Gas E&P,793372096,USD,793372096.0
HPP,Real Estate,REIT - Office,1850347776,USD,1850347776.0
HPQ,Technology,Computer Hardware,25246296064,USD,25246296064.0
HQI,Industrials,Staffing & Employment Services,114914992,USD,114914992.0
HQY,Healthcare,Health Information Services,8168481792,USD,8168481792.0
HR,Real Estate,REIT - Healthcare Facilities,6274211328,USD,6274211328.0
HRB,Consumer Cyclical,Personal Services,6320511488,USD,6320511488.0
HRI,Industrials,Rental & Leasing Services,4536325632,USD,4536325632.0
HRL,Consumer Defensive,Packaged Foods,11813966848,USD,11813966848.0
HRMY,Healthcare,Biotechnology,1687431168,USD,1687431168.0
HROW,Healthcare,Drug Manufacturers - Specialty & Generic,1330596736,USD,1330596736.0
HRTG,Financial Services,Insurance - Property & Casualty,720538112,USD,720538112.0
HRTX,Healthcare,Biotechnology,216311008,USD,216311008.0
HSBA.L,Financial Services,Banks - Diversified,183101882368,GBp,238989593858.29047
HSHP,Industrials,Marine Shipping,352461440,USD,352461440.0
HSIC,Healthcare,Medical Distribution,7838789120,USD,7838789120.0
HSII,Industrials,Staffing & Employment Services,1221652352,USD,1221652352.0
HST,Real Estate,REIT - Hotel & Motel,11233413120,USD,11233413120.0
HSTM,Healthcare,Health Information Services,750515392,USD,750515392.0
HSX.L,Financial Services,Insurance - Property & Casualty,4499482624,GBp,5872848006.668697
HSY,Consumer Defensive,Confectioners,32914053120,USD,32914053120.0
HTB,Financial Services,Banks - Regional,695911232,USD,695911232.0
HTBK,Financial Services,Banks - Regional,648929152,USD,648929152.0
HTH,Financial Services,Financial Conglomerates,2007896320,USD,2007896320.0
HTLD,Industrials,Trucking,596817472,USD,596817472.0
HTO,Utilities,Utilities - Regulated Water,1654195072,USD,1654195072.0
HTZ,Industrials,Rental & Leasing Services,1535283712,USD,1535283712.0
HUB.AX,Financial Services,Capital Markets,9360570368,AUD,6087779484.505211
HUBB,Industrials,Electrical Equipment & Parts,24851017728,USD,24851017728.0
HUBG,Industrials,Integrated Freight & Logistics,2171971584,USD,2171971584.0
HUBS,Technology,Software - Application,26060957696,USD,26060957696.0
HUM,Healthcare,Healthcare Plans,33666488320,USD,33666488320.0
HUMA,Healthcare,Biotechnology,297761408,USD,297761408.0
HUN,Basic Materials,Chemicals,1391754624,USD,1391754624.0
HURA,Healthcare,Biotechnology,129802976,USD,129802976.0
HURN,Industrials,Consulting Services,2856911104,USD,2856911104.0
HUT,Financial Services,Capital Markets,5804036096,USD,5804036096.0
HVN.AX,Consumer Cyclical,Specialty Retail,9083388928,AUD,5907510610.1120205
HVT,Consumer Cyclical,Home Improvement Retail,366756032,USD,366756032.0
HWBK,Financial Services,Banks - Regional,212841936,USD,212841936.0
HWC,Financial Services,Banks - Regional,4891213312,USD,4891213312.0
HWDN.L,Consumer Cyclical,"Furnishings, Fixtures & Appliances",4668725248,GBp,6093748116.7613945
HWKN,Basic Materials,Specialty Chemicals,2723669504,USD,2723669504.0
HWM,Industrials,Aerospace & Defense,83212853248,USD,83212853248.0
HXL,Industrials,Aerospace & Defense,5741971456,USD,5741971456.0
HY,Industrials,Farm & Heavy Construction Machinery,631385984,USD,631385984.0
HYLN,Consumer Cyclical,Auto Parts,385960608,USD,385960608.0
HYPE3.SA,Healthcare,Drug Manufacturers - Specialty & Generic,16266584064,BRL,3021899603.9501414
HZO,Consumer Cyclical,Specialty Retail,528862208,USD,528862208.0
IAC,Communication Services,Internet Content & Information,2609920768,USD,2609920768.0
IAG,Basic Materials,Gold,6658486784,USD,6658486784.0
IAG.AX,Financial Services,Insurance - Property & Casualty,18472110080,AUD,12013598355.606731
IAG.L,Industrials,Airlines,19456278528,GBp,25394867836.777267
IAG.MC,Industrials,Airlines,22130884608,EUR,25431951700.10235
IART,Healthcare,Medical Devices,894980352,USD,894980352.0
IAS,Communication Services,Advertising Agencies,1705347072,USD,1705347072.0
IBCP,Financial Services,Banks - Regional,630680064,USD,630680064.0
IBE.MC,Utilities,Utilities - Diversified,118058483712,EUR,135668217006.814
IBEX,Technology,Information Technology Services,511483296,USD,511483296.0
IBKR,Financial Services,Capital Markets,124222906368,USD,124222906368.0
IBM,Technology,Information Technology Services,284841869312,USD,284841869312.0
IBOC,Financial Services,Banks - Regional,4230364416,USD,4230364416.0
IBP,Consumer Cyclical,Residential Construction,6512776192,USD,6512776192.0
IBRX,Healthcare,Biotechnology,2226021376,USD,2226021376.0
IBS.LS,Consumer Cyclical,Restaurants,410753248,EUR,472021654.3002528
IBTA,Technology,Software - Application,795480256,USD,795480256.0
ICE,Financial Services,Financial Data & Stock Exchanges,83012296704,USD,83012296704.0
ICFI,Industrials,Consulting Services,1455701120,USD,1455701120.0
ICG.L,Financial Services,Asset Management,5559904256,GBp,7256939376.307814
ICHR,Technology,Semiconductor Equipment & Materials,786782976,USD,786782976.0
ICICIBANK.NS,Financial Services,Banks - Regional,9552056549376,INR,107721044346.12909
ICUI,Healthcare,Medical Instruments & Supplies,3032886784,USD,3032886784.0
IDA,Utilities,Utilities - Regulated Electric,7005341696,USD,7005341696.0
IDCC,Technology,Software - Application,10208744448,USD,10208744448.0
IDR,Basic Materials,Gold,486036000,USD,486036000.0
IDR.MC,Technology,Information Technology Services,8850593792,EUR,10170758097.66789
IDT,Communication Services,Telecom Services,1281710848,USD,1281710848.0
IDXX,Healthcare,Diagnostics & Research,57838596096,USD,57838596096.0
IDYA,Healthcare,Biotechnology,2748506112,USD,2748506112.0
IE,Basic Materials,Copper,1943337600,USD,1943337600.0
IEL.AX,Consumer Defensive,Education & Training Services,1558611584,AUD,1013665113.5944294
IESC,Industrials,Engineering & Construction,7854028800,USD,7854028800.0
IEX,Industrials,Specialty Industrial Machinery,12593418240,USD,12593418240.0
IFF,Basic Materials,Specialty Chemicals,15910302720,USD,15910302720.0
IFL.AX,Financial Services,Asset Management,3044056576,AUD,1979745298.042716
IFT.NZ,Industrials,Conglomerates,12305318912,NZD,6974222842.627789
IG.MI,Utilities,Utilities - Regulated Gas,9451858944,EUR,10861708621.131878
IGO.AX,Basic Materials,Other Industrial Metals & Mining,4043157248,AUD,2629524567.3434315
IHG.L,Consumer Cyclical,Lodging,14060616704,GBp,18352302182.95849
IHRT,Communication Services,Broadcasting,397331232,USD,397331232.0
III,Technology,Information Technology Services,292546496,USD,292546496.0
III.L,Financial Services,Asset Management,43009437696,GBp,56137096539.41206
IIIN,Industrials,Metal Fabrication,605793600,USD,605793600.0
IIIV,Technology,Software - Infrastructure,989896448,USD,989896448.0
IIPR,Real Estate,REIT - Industrial,1386843520,USD,1386843520.0
IKT,Healthcare,Biotechnology,119226616,USD,119226616.0
ILLR,Technology,Software - Application,85981408,USD,85981408.0
ILMN,Healthcare,Diagnostics & Research,18334472192,USD,18334472192.0
ILPT,Real Estate,REIT - Industrial,357293504,USD,357293504.0
ILU.AX,Basic Materials,Other Industrial Metals & Mining,2897306112,AUD,1884304055.7937458
IMAX,Communication Services,Entertainment,1755459328,USD,1755459328.0
IMB.L,Consumer Defensive,Tobacco,24514394112,GBp,31996858889.381065
IMCD.AS,Basic Materials,Specialty Chemicals,5263419904,EUR,6048517406.642534
IMI.L,Industrials,Specialty Industrial Machinery,5761134592,GBp,7519590724.56622
IMKTA,Consumer Defensive,Grocery Stores,1359617408,USD,1359617408.0
IMMR,Technology,Software - Application,215436272,USD,215436272.0
IMNM,Healthcare,Biotechnology,1479765120,USD,1479765120.0
IMU.AX,Healthcare,Biotechnology,109779352,AUD,71396556.04882431
IMVT,Healthcare,Biotechnology,4145254656,USD,4145254656.0
IMXI,Technology,Software - Infrastructure,443182944,USD,443182944.0
INA.AX,Real Estate,REIT - Residential,2266162944,AUD,1473831159.4976869
INBK,Financial Services,Banks - Regional,160146656,USD,160146656.0
INBX,Healthcare,Biotechnology,1179692672,USD,1179692672.0
INCY,Healthcare,Biotechnology,19940497408,USD,19940497408.0
INDB,Financial Services,Banks - Regional,3373089792,USD,3373089792.0
INDI,Technology,Semiconductor Equipment & Materials,1020557568,USD,1020557568.0
INDIGO.NS,Industrials,Airlines,2179201630208,INR,24575427734.68273
INDV,Healthcare,Drug Manufacturers - Specialty & Generic,3895441664,USD,3895441664.0
INF.L,Communication Services,Publishing,12480661504,GBp,16290101365.14601
INFA,Technology,Software - Infrastructure,7572437504,USD,7572437504.0
INFY.NS,Technology,Information Technology Services,6084900683776,INR,68621019254.9211
ING.AX,Consumer Defensive,Farm Products,899464640,AUD,584979565.0433024
INGA.AS,Financial Services,Banks - Diversified,63703117824,EUR,73205144952.05745
INGM,Technology,Information Technology Services,5340850688,USD,5340850688.0
INGN,Healthcare,Medical Devices,222001600,USD,222001600.0
INGR,Consumer Defensive,Packaged Foods,7324964352,USD,7324964352.0
INMB,Healthcare,Biotechnology,47853464,USD,47853464.0
INN,Real Estate,REIT - Hotel & Motel,567981824,USD,567981824.0
INNV,Healthcare,Medical Care Facilities,643129920,USD,643129920.0
INOD,Technology,Information Technology Services,2307533824,USD,2307533824.0
INPST.AS,Industrials,Specialty Business Services,5377181696,EUR,6179248032.675225
INR,Energy,Oil & Gas E&P,180412000,USD,180412000.0
INSE,Consumer Cyclical,Gambling,202980608,USD,202980608.0
INSG,Technology,Communication Equipment,248116224,USD,248116224.0
INSM,Healthcare,Biotechnology,39717916672,USD,39717916672.0
INSP,Healthcare,Medical Devices,2179922688,USD,2179922688.0
INSW,Energy,Oil & Gas Midstream,2489047552,USD,2489047552.0
INTA,Technology,Software - Application,3107910912,USD,3107910912.0
INTC,Technology,Semiconductors,188257009664,USD,188257009664.0
INTU,Technology,Software - Application,188525150208,USD,188525150208.0
INVA,Healthcare,Biotechnology,1141310592,USD,1141310592.0
INVH,Real Estate,REIT - Residential,17385265152,USD,17385265152.0
INVX,Energy,Oil & Gas Equipment & Services,1404470272,USD,1404470272.0
INW.MI,Real Estate,Real Estate Services,8571927040,EUR,9850525106.406143
IONQ,Technology,Computer Hardware,20289800192,USD,20289800192.0
IONS,Healthcare,Biotechnology,11929414656,USD,11929414656.0
IOSP,Basic Materials,Specialty Chemicals,1828962304,USD,1828962304.0
IOT,Technology,Software - Infrastructure,23226466304,USD,23226466304.0
IOVA,Healthcare,Biotechnology,705615104,USD,705615104.0
IP,Consumer Cyclical,Packaging & Containers,19498379264,USD,19498379264.0
IP.MI,Industrials,Specialty Industrial Machinery,4707440128,EUR,5409607075.6766205
IPAR,Consumer Defensive,Household & Personal Products,2909212160,USD,2909212160.0
IPG,Communication Services,Advertising Agencies,9160323072,USD,9160323072.0
IPGP,Technology,Semiconductor Equipment & Materials,3626691072,USD,3626691072.0
IPH.AX,Industrials,Specialty Business Services,996241280,AUD,647919623.2245247
IPI,Basic Materials,Agricultural Inputs,349945824,USD,349945824.0
IPL.NZ,Real Estate,REIT - Retail,485246016,NZD,275020409.7336384
IQV,Healthcare,Diagnostics & Research,36423766016,USD,36423766016.0
IR,Industrials,Specialty Industrial Machinery,30028390400,USD,30028390400.0
IRBR3.SA,Financial Services,Insurance - Reinsurance,4085596928,BRL,758995477.4799309
IRDM,Communication Services,Telecom Services,1916845824,USD,1916845824.0
IRE.AX,Technology,Software - Application,1682973184,AUD,1094545441.1146853
IRM,Real Estate,REIT - Specialty,30618748928,USD,30618748928.0
IRMD,Healthcare,Medical Devices,1069879360,USD,1069879360.0
IRON,Healthcare,Biotechnology,3166104576,USD,3166104576.0
IRT,Real Estate,REIT - Residential,3920873984,USD,3920873984.0
IRTC,Healthcare,Medical Devices,5960541696,USD,5960541696.0
IRWD,Healthcare,Drug Manufacturers - Specialty & Generic,302127488,USD,302127488.0
ISP.MI,Financial Services,Banks - Regional,96738828288,EUR,111168498328.14919
ISPR,Consumer Defensive,Tobacco,97945160,USD,97945160.0
ISRG,Healthcare,Medical Instruments & Supplies,192920305664,USD,192920305664.0
ISS.CO,Industrials,Specialty Business Services,33850769408,DKK,5210047068.2933655
ISTR,Financial Services,Banks - Regional,231399536,USD,231399536.0
IT,Technology,Information Technology Services,18624946176,USD,18624946176.0
ITC.NS,Consumer Defensive,Tobacco,5201832443904,INR,58662427350.00571
ITGR,Healthcare,Medical Devices,2345121792,USD,2345121792.0
ITIC,Financial Services,Insurance - Specialty,493902624,USD,493902624.0
ITRI,Technology,Scientific & Technical Instruments,4892044288,USD,4892044288.0
ITRK.L,Industrials,Specialty Business Services,7854106112,GBp,10251394499.889868
ITSA4.SA,Industrials,Conglomerates,129442283520,BRL,24046940879.81138
ITT,Industrials,Specialty Industrial Machinery,14472119296,USD,14472119296.0
ITUB4.SA,Financial Services,Banks - Regional,406191898624,BRL,75459674431.34972
ITW,Industrials,Specialty Industrial Machinery,70532014080,USD,70532014080.0
ITX.MC,Consumer Cyclical,Apparel Retail,147701678080,EUR,169733022854.25867
IVG.MI,Industrials,Farm & Heavy Construction Machinery,4916761600,EUR,5650151168.69376
IVL.BK,Basic Materials,Chemicals,101061935104,THB,3103867713.739653
IVR,Real Estate,REIT - Mortgage,534929568,USD,534929568.0
IVT,Real Estate,REIT - Retail,2139966208,USD,2139966208.0
IVZ,Financial Services,Asset Management,10495458304,USD,10495458304.0
J,Industrials,Engineering & Construction,18438500352,USD,18438500352.0
J36.SI,Industrials,Conglomerates,18374066176,USD,18374066176.0
J69U.SI,Real Estate,REIT - Retail,4639692800,SGD,3550749012.36224
JACK,Consumer Cyclical,Restaurants,301931424,USD,301931424.0
JAKK,Consumer Cyclical,Leisure,188877312,USD,188877312.0
JAMF,Technology,Software - Application,1713240704,USD,1713240704.0
JANX,Healthcare,Biotechnology,1644770944,USD,1644770944.0
JAZZ,Healthcare,Biotechnology,8393966080,USD,8393966080.0
JBGS,Real Estate,REIT - Office,1167506048,USD,1167506048.0
JBH.AX,Consumer Cyclical,Specialty Retail,11231464448,AUD,7304541941.293384
JBHT,Industrials,Integrated Freight & Logistics,16163313664,USD,16163313664.0
JBI,Industrials,Building Products & Equipment,1336138240,USD,1336138240.0
JBIO,Healthcare,Biotechnology,435571680,USD,435571680.0
JBL,Technology,Electronic Components,23537332224,USD,23537332224.0
JBLU,Industrials,Airlines,1520310784,USD,1520310784.0
JBSS,Consumer Defensive,Packaged Foods,746164160,USD,746164160.0
JBTM,Industrials,Specialty Industrial Machinery,6476550656,USD,6476550656.0
JCAP,Financial Services,Credit Services,1118130432,USD,1118130432.0
JCI,Industrials,Building Products & Equipment,74063339520,USD,74063339520.0
JD.L,Consumer Cyclical,Apparel Retail,4533042688,GBp,5916651521.747251
JDEP.AS,Consumer Defensive,Packaged Foods,15333962752,EUR,17621193503.447346
JEF,Financial Services,Capital Markets,10914289664,USD,10914289664.0
JELD,Industrials,Building Products & Equipment,358693376,USD,358693376.0
JEN.DE,Technology,Electronic Components,1106186880,EUR,1271186931.8263679
JHG,Financial Services,Asset Management,6708910592,USD,6708910592.0
JHSF3.SA,Real Estate,Real Estate - Development,4412524032,BRL,819729856.7577907
JHX,Basic Materials,Building Materials,11845709824,USD,11845709824.0
JHX.AX,Basic Materials,Building Materials,17778122752,AUD,11562253869.981367
JILL,Consumer Cyclical,Apparel Retail,232984128,USD,232984128.0
JIOFIN.NS,Financial Services,Asset Management,1918013407232,INR,21629939712.867958
JJSF,Consumer Defensive,Packaged Foods,1654950528,USD,1654950528.0
JKHY,Technology,Information Technology Services,10945559552,USD,10945559552.0
JLL,Real Estate,Real Estate Services,14217211904,USD,14217211904.0
JMSB,Financial Services,Banks - Regional,270261024,USD,270261024.0
JMT.LS,Consumer Defensive,Food Distribution,13761715200,EUR,15814427777.11872
JNJ,Healthcare,Drug Manufacturers - General,448755302400,USD,448755302400.0
JOBY,Industrials,Airports & Air Services,14542042112,USD,14542042112.0
JOE,Real Estate,Real Estate - Diversified,3391336192,USD,3391336192.0
JOUT,Consumer Cyclical,Leisure,416757536,USD,416757536.0
JPM,Financial Services,Banks - Diversified,842112630784,USD,842112630784.0
JRVR,Financial Services,Insurance - Specialty,237419376,USD,237419376.0
JSWSTEEL.NS,Basic Materials,Steel,2912308428800,INR,32842865176.385944
JUN3.DE,Industrials,Specialty Industrial Machinery,3062930432,EUR,3519800504.460595
JXN,Financial Services,Insurance - Life,6939374592,USD,6939374592.0
JYNT,Healthcare,Medical Care Facilities,119457240,USD,119457240.0
JYSK.CO,Financial Services,Banks - Regional,45073891328,DKK,6937422678.331227
K,Consumer Defensive,Packaged Foods,28899284992,USD,28899284992.0
KAI,Industrials,Specialty Industrial Machinery,3260120576,USD,3260120576.0
KALU,Basic Materials,Aluminum,1512205568,USD,1512205568.0
KALV,Healthcare,Biotechnology,545651328,USD,545651328.0
KAR,Consumer Cyclical,Auto & Truck Dealerships,2826613760,USD,2826613760.0
KBANK.BK,Financial Services,Banks - Regional,438325608448,THB,13462088399.227453
KBH,Consumer Cyclical,Residential Construction,3953883904,USD,3953883904.0
KBR,Industrials,Engineering & Construction,5289118208,USD,5289118208.0
KBX.DE,Consumer Cyclical,Auto Parts,12855700480,EUR,14773270904.867327
KCE.BK,Technology,Electronic Components,30143258624,THB,925775734.7873586
KD,Technology,Information Technology Services,6645389312,USD,6645389312.0
KDP,Consumer Defensive,Beverages - Non-Alcoholic,36192653312,USD,36192653312.0
KE,Industrials,Electrical Equipment & Parts,709425664,USD,709425664.0
KELYA,Industrials,Staffing & Employment Services,396308320,USD,396308320.0
KEX,Industrials,Marine Shipping,5822729728,USD,5822729728.0
KEY,Financial Services,Banks - Regional,19521179648,USD,19521179648.0
KEYS,Technology,Scientific & Technical Instruments,31996196864,USD,31996196864.0
KFRC,Industrials,Staffing & Employment Services,456419488,USD,456419488.0
KFS,Consumer Cyclical,Auto & Truck Dealerships,408270112,USD,408270112.0
KFY,Industrials,Staffing & Employment Services,3367692288,USD,3367692288.0
KG,Financial Services,Insurance Brokers,175819520,USD,175819520.0
KGC,Basic Materials,Gold,28607053824,USD,28607053824.0
KGEI,Energy,Oil & Gas E&P,150423712,USD,150423712.0
KGF.L,Consumer Cyclical,Home Improvement Retail,5312089600,GBp,6933484897.175039
KGS,Energy,Oil & Gas Equipment & Services,3184764928,USD,3184764928.0
KGX.DE,Industrials,Farm & Heavy Construction Machinery,8221522944,EUR,9447854350.002277
KHC,Consumer Defensive,Packaged Foods,28798339072,USD,28798339072.0
KIDS,Healthcare,Medical Devices,411518976,USD,411518976.0
KIM,Real Estate,REIT - Retail,13794465792,USD,13794465792.0
KINS,Financial Services,Insurance - Property & Casualty,210836400,USD,210836400.0
KKP.BK,Financial Services,Banks - Regional,53442400256,THB,1641351321.1344075
KKR,Financial Services,Asset Management,108868599808,USD,108868599808.0
KLAC,Technology,Semiconductor Equipment & Materials,160185647104,USD,160185647104.0
KLBN11.SA,Basic Materials,Paper & Paper Products,127766978560,BRL,23735713680.837017
KLC,Consumer Defensive,Education & Training Services,712282304,USD,712282304.0
KLIC,Technology,Semiconductor Equipment & Materials,2097293184,USD,2097293184.0
KLS.AX,Industrials,Railroads,1322667264,AUD,860215384.1108582
KLTR,Technology,Software - Application,234827056,USD,234827056.0
KMB,Consumer Defensive,Household & Personal Products,33939161088,USD,33939161088.0
KMD.NZ,Consumer Cyclical,Apparel Manufacturing,199266896,NZD,112937482.3847504
KMI,Energy,Oil & Gas Midstream,58021748736,USD,58021748736.0
KMPR,Financial Services,Insurance - Property & Casualty,2735585024,USD,2735585024.0
KMT,Industrials,Tools & Accessories,1690981888,USD,1690981888.0
KMTS,Healthcare,Medical Instruments & Supplies,1350280448,USD,1350280448.0
KMX,Consumer Cyclical,Auto & Truck Dealerships,6070574080,USD,6070574080.0
KN,Technology,Electronic Components,2014693632,USD,2014693632.0
KNF,Basic Materials,Building Materials,3462747136,USD,3462747136.0
KNSL,Financial Services,Insurance - Property & Casualty,9036678144,USD,9036678144.0
KNTK,Energy,Oil & Gas Midstream,2336646144,USD,2336646144.0
KNX,Industrials,Trucking,7123436032,USD,7123436032.0
KO,Consumer Defensive,Beverages - Non-Alcoholic,292380377088,USD,292380377088.0
KOD,Healthcare,Biotechnology,980370496,USD,980370496.0
KODK,Industrials,Specialty Business Services,491944448,USD,491944448.0
KOP,Basic Materials,Specialty Chemicals,555386432,USD,555386432.0
KOPN,Technology,Electronic Components,596290432,USD,596290432.0
KOS,Energy,Oil & Gas E&P,707815936,USD,707815936.0
KOTAKBANK.NS,Financial Services,Banks - Regional,4169283141632,INR,47018098340.36717
KPG.NZ,Real Estate,REIT - Diversified,1797101568,NZD,1018534090.4773632
KPN.AS,Communication Services,Telecom Services,15378427904,EUR,17672291126.43133
KR,Consumer Defensive,Grocery Stores,42040303616,USD,42040303616.0
KRC,Real Estate,REIT - Office,5048221696,USD,5048221696.0
KREF,Real Estate,REIT - Mortgage,527838784,USD,527838784.0
KRG,Real Estate,REIT - Retail,4885317120,USD,4885317120.0
KRMD,Healthcare,Medical Instruments & Supplies,177542224,USD,177542224.0
KRMN,Industrials,Aerospace & Defense,11517344768,USD,11517344768.0
KRN.DE,Industrials,Specialty Industrial Machinery,3897110528,EUR,4478407821.178061
KRNY,Financial Services,Banks - Regional,414976992,USD,414976992.0
KRO,Basic Materials,Specialty Chemicals,543050688,USD,543050688.0
KROS,Healthcare,Biotechnology,463693568,USD,463693568.0
KRRO,Healthcare,Biotechnology,345773056,USD,345773056.0
KRT,Consumer Cyclical,Packaging & Containers,481221536,USD,481221536.0
KRUS,Consumer Cyclical,Restaurants,653556480,USD,653556480.0
KRYS,Healthcare,Biotechnology,5726368768,USD,5726368768.0
KSS,Consumer Cyclical,Department Stores,1838024704,USD,1838024704.0
KTB,Consumer Cyclical,Apparel Manufacturing,4081927168,USD,4081927168.0
KTB.BK,Financial Services,Banks - Regional,387835691008,THB,11911415295.153929
KTC.BK,Financial Services,Credit Services,73482518528,THB,2256834054.7667556
KTOS,Industrials,Aerospace & Defense,15377178624,USD,15377178624.0
KULR,Technology,Electronic Components,149819088,USD,149819088.0
KURA,Healthcare,Biotechnology,848008512,USD,848008512.0
KVUE,Consumer Defensive,Household & Personal Products,30921043968,USD,30921043968.0
KW,Real Estate,Real Estate Services,1023216448,USD,1023216448.0
KWR,Basic Materials,Specialty Chemicals,2307958784,USD,2307958784.0
KYMR,Healthcare,Biotechnology,4269836800,USD,4269836800.0
L,Financial Services,Insurance - Property & Casualty,20622331904,USD,20622331904.0
LAB,Healthcare,Medical Devices,473673920,USD,473673920.0
LAD,Consumer Cyclical,Auto & Truck Dealerships,7473859584,USD,7473859584.0
LADR,Real Estate,REIT - Mortgage,1348333568,USD,1348333568.0
LAKE,Consumer Cyclical,Apparel Manufacturing,155331120,USD,155331120.0
LAMR,Real Estate,REIT - Specialty,12097656832,USD,12097656832.0
LAND,Real Estate,REIT - Specialty,331451456,USD,331451456.0
LAND.L,Real Estate,REIT - Diversified,4705348608,GBp,6141549929.713459
LARK,Financial Services,Banks - Regional,147505216,USD,147505216.0
LASR,Technology,Semiconductors,1616243456,USD,1616243456.0
LAUR,Consumer Defensive,Education & Training Services,4314969088,USD,4314969088.0
LAW,Technology,Software - Application,380329760,USD,380329760.0
LAZ,Financial Services,Capital Markets,4585444864,USD,4585444864.0
LAZR,Consumer Cyclical,Auto Parts,93519664,USD,93519664.0
LBRDA,Communication Services,Telecom Services,7363901952,USD,7363901952.0
LBRDK,Communication Services,Telecom Services,7363900928,USD,7363900928.0
LBRT,Energy,Oil & Gas Equipment & Services,2975332864,USD,2975332864.0
LBTYA,Communication Services,Telecom Services,3686874368,USD,3686874368.0
LBTYK,Communication Services,Telecom Services,3686874112,USD,3686874112.0
LC,Financial Services,Banks - Regional,2026999296,USD,2026999296.0
LCID,Consumer Cyclical,Auto Manufacturers,5113472000,USD,5113472000.0
LCII,Consumer Cyclical,Recreational Vehicles,2587251200,USD,2587251200.0
LCNB,Financial Services,Banks - Regional,221021056,USD,221021056.0
LDI,Financial Services,Mortgage Finance,976231552,USD,976231552.0
LDO.MI,Industrials,Aerospace & Defense,29520377856,EUR,33923669889.4166
LDOS,Technology,Information Technology Services,24767799296,USD,24767799296.0
LE,Consumer Cyclical,Apparel Retail,467516864,USD,467516864.0
LEA,Consumer Cyclical,Auto Parts,5612352512,USD,5612352512.0
LECO,Industrials,Tools & Accessories,12756168704,USD,12756168704.0
LEG,Consumer Cyclical,"Furnishings, Fixtures & Appliances",1217572224,USD,1217572224.0
LEG.DE,Real Estate,Real Estate Services,5239215616,EUR,6020702780.419737
LEGH,Consumer Cyclical,Residential Construction,529647072,USD,529647072.0
LEN,Consumer Cyclical,Residential Construction,30571243520,USD,30571243520.0
LENZ,Healthcare,Biotechnology,845461504,USD,845461504.0
LEU,Energy,Uranium,6245107712,USD,6245107712.0
LFCR,Healthcare,Drug Manufacturers - Specialty & Generic,266385760,USD,266385760.0
LFMD,Healthcare,Health Information Services,272175808,USD,272175808.0
LFST,Healthcare,Medical Care Facilities,1913566976,USD,1913566976.0
LFT,Real Estate,REIT - Mortgage,80605208,USD,80605208.0
LFUS,Technology,Electronic Components,6207990784,USD,6207990784.0
LFVN,Consumer Defensive,Packaged Foods,93152008,USD,93152008.0
LGEN.L,Financial Services,Asset Management,13439517696,GBp,17541626739.60407
LGIH,Consumer Cyclical,Residential Construction,939096768,USD,939096768.0
LGND,Healthcare,Biotechnology,3728133376,USD,3728133376.0
LH,Healthcare,Diagnostics & Research,21374935040,USD,21374935040.0
LH.BK,Real Estate,Real Estate - Development,45169917952,THB,1387282460.1983385
LHA.DE,Industrials,Airlines,9399411712,EUR,10801438302.314802
LHX,Industrials,Aerospace & Defense,53981581312,USD,53981581312.0
LI.PA,Real Estate,REIT - Retail,9494060032,EUR,10910204469.839155
LIC.AX,Real Estate,Real Estate - Diversified,635483072,AUD,413295414.3154995
LIF,Technology,Software - Application,7702131712,USD,7702131712.0
LII,Industrials,Building Products & Equipment,17321746432,USD,17321746432.0
LILA,Communication Services,Telecom Services,1578969600,USD,1578969600.0
LILAK,Communication Services,Telecom Services,1579970688,USD,1579970688.0
LIN,Basic Materials,Specialty Chemicals,192467009536,USD,192467009536.0
LINC,Consumer Defensive,Education & Training Services,586205248,USD,586205248.0
LIND,Consumer Cyclical,Travel Services,668427648,USD,668427648.0
LINE,Real Estate,REIT - Industrial,9824525312,USD,9824525312.0
LITE,Technology,Communication Equipment,14152735744,USD,14152735744.0
LIVN,Healthcare,Medical Devices,2870924544,USD,2870924544.0
LKE.AX,Basic Materials,Other Industrial Metals & Mining,78996960,AUD,51376791.5329536
LKFN,Financial Services,Banks - Regional,1470199680,USD,1470199680.0
LKQ,Consumer Cyclical,Auto Parts,7787765248,USD,7787765248.0
LLC.AX,Real Estate,Real Estate - Diversified,3847085056,AUD,2502006240.893993
LLOY.L,Financial Services,Banks - Regional,51978027008,GBp,67843145048.78162
LLY,Healthcare,Drug Manufacturers - General,802411184128,USD,802411184128.0
LLYVA,Communication Services,Entertainment,8270740480,USD,8270740480.0
LLYVK,Communication Services,Entertainment,8281951232,USD,8281951232.0
LMAT,Healthcare,Medical Instruments & Supplies,1967653376,USD,1967653376.0
LMB,Industrials,Building Products & Equipment,1086525696,USD,1086525696.0
LMND,Financial Services,Insurance - Property & Casualty,4546970112,USD,4546970112.0
LMNR,Consumer Defensive,Farm Products,251051760,USD,251051760.0
LMP.L,Real Estate,REIT - Industrial,4483994624,GBp,5852632644.697497
LMT,Industrials,Aerospace & Defense,112908238848,USD,112908238848.0
LNC,Financial Services,Insurance - Life,7711525376,USD,7711525376.0
LNG,Energy,Oil & Gas Midstream,45115363328,USD,45115363328.0
LNKB,Financial Services,Banks - Regional,262129168,USD,262129168.0
LNN,Industrials,Farm & Heavy Construction Machinery,1211909376,USD,1211909376.0
LNSR,Healthcare,Medical Devices,149184800,USD,149184800.0
LNT,Utilities,Utilities - Regulated Electric,17086352384,USD,17086352384.0
LNTH,Healthcare,Drug Manufacturers - Specialty & Generic,3863427584,USD,3863427584.0
LNW,Consumer Cyclical,Gambling,6180148224,USD,6180148224.0
LOAR,Industrials,Aerospace & Defense,7291317760,USD,7291317760.0
LOB,Financial Services,Banks - Regional,1448582784,USD,1448582784.0
LOCO,Consumer Cyclical,Restaurants,308535840,USD,308535840.0
LOG.MC,Industrials,Integrated Freight & Logistics,3812274432,EUR,4380917479.778995
LOPE,Consumer Defensive,Education & Training Services,5147261952,USD,5147261952.0
LOVE,Consumer Cyclical,"Furnishings, Fixtures & Appliances",204252112,USD,204252112.0
LOW,Consumer Cyclical,Home Improvement Retail,132152778752,USD,132152778752.0
LPG,Energy,Oil & Gas Midstream,1258960768,USD,1258960768.0
LPLA,Financial Services,Capital Markets,30329399296,USD,30329399296.0
LPRO,Financial Services,Credit Services,213892176,USD,213892176.0
LPX,Industrials,Building Products & Equipment,5993997312,USD,5993997312.0
LQDA,Healthcare,Biotechnology,2194025984,USD,2194025984.0
LQDT,Consumer Cyclical,Internet Retail,737191808,USD,737191808.0
LRCX,Technology,Semiconductor Equipment & Materials,202522279936,USD,202522279936.0
LREN3.SA,Consumer Cyclical,Department Stores,14569558016,BRL,2706637203.3030553
LRMR,Healthcare,Biotechnology,332090720,USD,332090720.0
LRN,Consumer Defensive,Education & Training Services,3143786496,USD,3143786496.0
LSCC,Technology,Semiconductors,9968735232,USD,9968735232.0
LSEG.L,Financial Services,Financial Data & Stock Exchanges,49454809088,GBp,64549771883.426605
LSTR,Industrials,Integrated Freight & Logistics,4321250816,USD,4321250816.0
LT.NS,Industrials,Engineering & Construction,5466681769984,INR,61649202590.7333
LTBR,Industrials,Electrical Equipment & Parts,739440512,USD,739440512.0
LTC,Real Estate,REIT - Healthcare Facilities,1630250624,USD,1630250624.0
LTH,Consumer Cyclical,Leisure,5471303168,USD,5471303168.0
LTR.AX,Basic Materials,Other Industrial Metals & Mining,3335340544,AUD,2169185951.212503
LUCD,Healthcare,Medical Devices,158078352,USD,158078352.0
LULU,Consumer Cyclical,Apparel Retail,19622948864,USD,19622948864.0
LUMN,Communication Services,Telecom Services,12133364736,USD,12133364736.0
LUNG,Healthcare,Medical Devices,74566200,USD,74566200.0
LUNR,Industrials,Aerospace & Defense,1364350080,USD,1364350080.0
LUV,Industrials,Airlines,15737028608,USD,15737028608.0
LVS,Consumer Cyclical,Resorts & Casinos,41737781248,USD,41737781248.0
LVWR,Consumer Cyclical,Auto Manufacturers,1049248064,USD,1049248064.0
LW,Consumer Defensive,Packaged Foods,8745761792,USD,8745761792.0
LWAY,Consumer Defensive,Packaged Foods,367470048,USD,367470048.0
LWSA3.SA,Technology,Software - Infrastructure,2115790080,BRL,393057643.7952768
LXEO,Healthcare,Biotechnology,650608512,USD,650608512.0
LXFR,Industrials,Specialty Industrial Machinery,332148384,USD,332148384.0
LXP,Real Estate,REIT - Industrial,2821876992,USD,2821876992.0
LXS.DE,Basic Materials,Specialty Chemicals,1745543040,EUR,2005910159.943744
LXU,Basic Materials,Chemicals,607211520,USD,607211520.0
LYB,Basic Materials,Specialty Chemicals,14893062144,USD,14893062144.0
LYC.AX,Basic Materials,Other Industrial Metals & Mining,15163047936,AUD,9861502933.936373
LYFT,Technology,Software - Application,8514949632,USD,8514949632.0
LYTS,Technology,Electronic Components,713462272,USD,713462272.0
LYV,Communication Services,Entertainment,34755403776,USD,34755403776.0
LZ,Industrials,Specialty Business Services,1818716288,USD,1818716288.0
LZB,Consumer Cyclical,"Furnishings, Fixtures & Appliances",1295967616,USD,1295967616.0
LZM,Basic Materials,Other Industrial Metals & Mining,368724960,USD,368724960.0
M,Consumer Cyclical,Department Stores,5354004992,USD,5354004992.0
M&M.NS,Consumer Cyclical,Auto Manufacturers,4297605775360,INR,48465226301.44786
M44U.SI,Real Estate,REIT - Industrial,6723988480,SGD,5145856952.963584
MA,Financial Services,Credit Services,488572616704,USD,488572616704.0
MAA,Real Estate,REIT - Residential,15313808384,USD,15313808384.0
MAC,Real Estate,REIT - Retail,4590921216,USD,4590921216.0
MAGN,Basic Materials,Paper & Paper Products,313992000,USD,313992000.0
MAMA,Consumer Defensive,Packaged Foods,435765248,USD,435765248.0
MAN,Industrials,Staffing & Employment Services,1393082112,USD,1393082112.0
MANH,Technology,Software - Application,10940487680,USD,10940487680.0
MAP.MC,Financial Services,Insurance - Diversified,11902520320,EUR,13677913343.70355
MAPS,Technology,Software - Application,176151008,USD,176151008.0
MAR,Consumer Cyclical,Lodging,71635009536,USD,71635009536.0
MARA,Financial Services,Capital Markets,6597854720,USD,6597854720.0
MARUTI.NS,Consumer Cyclical,Auto Manufacturers,4998853296128,INR,56373378319.99904
MAS,Industrials,Building Products & Equipment,13230211072,USD,13230211072.0
MASI,Healthcare,Medical Devices,7874925056,USD,7874925056.0
MASS,Healthcare,Medical Devices,286159552,USD,286159552.0
MAT,Consumer Cyclical,Leisure,5731152384,USD,5731152384.0
MATV,Basic Materials,Specialty Chemicals,571327808,USD,571327808.0
MATW,Industrials,Conglomerates,721430912,USD,721430912.0
MATX,Industrials,Marine Shipping,3177630208,USD,3177630208.0
MAX,Communication Services,Internet Content & Information,870054912,USD,870054912.0
MAXHEALTH.NS,Healthcare,Medical Care Facilities,1108580892672,INR,12501757174.856024
MAZE,Healthcare,Biotechnology,1598075648,USD,1598075648.0
MB.MI,Financial Services,Banks - Regional,13333823488,EUR,15322711266.675917
MBC,Consumer Cyclical,"Furnishings, Fixtures & Appliances",1577899392,USD,1577899392.0
MBCN,Financial Services,Banks - Regional,265896816,USD,265896816.0
MBI,Financial Services,Insurance - Specialty,341808768,USD,341808768.0
MBIN,Financial Services,Banks - Regional,1439315968,USD,1439315968.0
MBUU,Consumer Cyclical,Recreational Vehicles,524693504,USD,524693504.0
MBWM,Financial Services,Banks - Regional,720682112,USD,720682112.0
MBX,Healthcare,Biotechnology,921586368,USD,921586368.0
MC,Financial Services,Capital Markets,4691518976,USD,4691518976.0
MCB,Financial Services,Banks - Regional,693324480,USD,693324480.0
MCBS,Financial Services,Banks - Regional,657852352,USD,657852352.0
MCD,Consumer Cyclical,Restaurants,211490930688,USD,211490930688.0
MCFT,Consumer Cyclical,Recreational Vehicles,324571648,USD,324571648.0
MCHB,Financial Services,Banks - Regional,3040716032,USD,3040716032.0
MCHP,Technology,Semiconductors,33681408000,USD,33681408000.0
MCK,Healthcare,Medical Distribution,102031269888,USD,102031269888.0
MCO,Financial Services,Financial Data & Stock Exchanges,86693478400,USD,86693478400.0
MCRI,Consumer Cyclical,Resorts & Casinos,1645628800,USD,1645628800.0
MCS,Communication Services,Entertainment,447806560,USD,447806560.0
MCW,Consumer Cyclical,Auto & Truck Dealerships,1778696320,USD,1778696320.0
MCY,Financial Services,Insurance - Property & Casualty,4222275328,USD,4222275328.0
MCY.NZ,Utilities,Utilities - Renewable,9297575936,NZD,5269539695.609447
MD,Healthcare,Medical Care Facilities,1810295296,USD,1810295296.0
MDB,Technology,Software - Infrastructure,30024761344,USD,30024761344.0
MDGL,Healthcare,Biotechnology,9190875136,USD,9190875136.0
MDLZ,Consumer Defensive,Confectioners,73098813440,USD,73098813440.0
MDT,Healthcare,Medical Devices,115691962368,USD,115691962368.0
MDU,Utilities,Utilities - Regulated Gas,3964024576,USD,3964024576.0
MDV,Real Estate,REIT - Industrial,146990656,USD,146990656.0
MDWD,Healthcare,Biotechnology,234888656,USD,234888656.0
MDXG,Healthcare,Biotechnology,1113728256,USD,1113728256.0
ME8U.SI,Real Estate,REIT - Industrial,5990407168,SGD,4584448421.978214
MEC,Industrials,Metal Fabrication,358812768,USD,358812768.0
MED,Consumer Cyclical,Personal Services,130573840,USD,130573840.0
MEDP,Healthcare,Diagnostics & Research,16732488704,USD,16732488704.0
MEG,Industrials,Waste Management,885690944,USD,885690944.0
MEI,Technology,Electronic Components,238420064,USD,238420064.0
MEL.NZ,Utilities,Utilities - Renewable,15861233664,NZD,8989590511.453594
MELI,Consumer Cyclical,Internet Retail,117434949632,USD,117434949632.0
MET,Financial Services,Insurance - Life,52676714496,USD,52676714496.0
META,Communication Services,Internet Content & Information,1607365689344,USD,1607365689344.0
METC,Basic Materials,Coking Coal,1696369536,USD,1696369536.0
MFA,Real Estate,REIT - Mortgage,928125056,USD,928125056.0
MFG.AX,Financial Services,Asset Management,1636427136,AUD,1064273559.7058457
MFH,Technology,Information Technology Services,717710464,USD,717710464.0
MFIN,Financial Services,Credit Services,230233632,USD,230233632.0
MFT.NZ,Industrials,Integrated Freight & Logistics,6041912832,NZD,3424344122.037197
MG,Industrials,Security & Protection Services,302449920,USD,302449920.0
MGEE,Utilities,Utilities - Regulated Electric,3031511552,USD,3031511552.0
MGLU3.SA,Consumer Cyclical,Specialty Retail,6152377344,BRL,1142948426.4204903
MGM,Consumer Cyclical,Resorts & Casinos,8787762176,USD,8787762176.0
MGNI,Communication Services,Advertising Agencies,2526163712,USD,2526163712.0
MGPI,Consumer Defensive,Beverages - Wineries & Distilleries,514044768,USD,514044768.0
MGR.AX,Real Estate,REIT - Diversified,8995868672,AUD,5850590572.335595
MGRC,Industrials,Rental & Leasing Services,2686116096,USD,2686116096.0
MGTX,Healthcare,Biotechnology,702306432,USD,702306432.0
MGY,Energy,Oil & Gas E&P,4252757504,USD,4252757504.0
MH,Consumer Defensive,Education & Training Services,2081916544,USD,2081916544.0
MHK,Consumer Cyclical,"Furnishings, Fixtures & Appliances",6874534912,USD,6874534912.0
MHO,Consumer Cyclical,Residential Construction,3295496448,USD,3295496448.0
MIDD,Industrials,Specialty Industrial Machinery,6204030976,USD,6204030976.0
MIN.AX,Basic Materials,Other Industrial Metals & Mining,9342078976,AUD,6075753345.8799
MINT.BK,Consumer Cyclical,Lodging,125873496064,THB,3865893524.070482
MIR,Industrials,Specialty Industrial Machinery,7365590016,USD,7365590016.0
MIRM,Healthcare,Biotechnology,3559337216,USD,3559337216.0
MITK,Technology,Software - Application,417214048,USD,417214048.0
MITT,Real Estate,REIT - Mortgage,226886896,USD,226886896.0
MKC,Consumer Defensive,Packaged Foods,17125685248,USD,17125685248.0
MKL,Financial Services,Insurance - Property & Casualty,24654426112,USD,24654426112.0
MKS.L,Consumer Cyclical,Department Stores,7982321664,GBp,10418744951.466393
MKSI,Technology,Scientific & Technical Instruments,9769619456,USD,9769619456.0
MKTW,Financial Services,Financial Data & Stock Exchanges,45771628,USD,45771628.0
MKTX,Financial Services,Capital Markets,5946818048,USD,5946818048.0
MLAB,Technology,Scientific & Technical Instruments,404631968,USD,404631968.0
MLI,Industrials,Metal Fabrication,11989472256,USD,11989472256.0
MLKN,Consumer Cyclical,"Furnishings, Fixtures & Appliances",1044850304,USD,1044850304.0
MLM,Basic Materials,Building Materials,37347508224,USD,37347508224.0
MLP,Real Estate,Real Estate Services,306013088,USD,306013088.0
MLR,Consumer Cyclical,Auto Parts,456835360,USD,456835360.0
MLYS,Healthcare,Biotechnology,3038404864,USD,3038404864.0
MMC,Financial Services,Insurance Brokers,86777708544,USD,86777708544.0
MMI,Real Estate,Real Estate Services,1144561280,USD,1144561280.0
MMM,Industrials,Conglomerates,86159392768,USD,86159392768.0
MMS,Industrials,Specialty Business Services,4702376448,USD,4702376448.0
MMSI,Healthcare,Medical Instruments & Supplies,5178409984,USD,5178409984.0
MNDI.L,Basic Materials,Paper & Paper Products,3722263552,GBp,4858400378.091724
MNG.L,Financial Services,Asset Management,6392427520,GBp,8343571551.618048
MNKD,Healthcare,Biotechnology,1681419136,USD,1681419136.0
MNMD,Healthcare,Biotechnology,1194823808,USD,1194823808.0
MNPR,Healthcare,Biotechnology,518276736,USD,518276736.0
MNRO,Consumer Cyclical,Auto Parts,451795904,USD,451795904.0
MNSB,Financial Services,Banks - Regional,145179152,USD,145179152.0
MNST,Consumer Defensive,Beverages - Non-Alcoholic,64942239744,USD,64942239744.0
MNTK,Basic Materials,Specialty Chemicals,288780928,USD,288780928.0
MO,Consumer Defensive,Tobacco,95130320896,USD,95130320896.0
MOD,Consumer Cyclical,Auto Parts,8051545088,USD,8051545088.0
MODG,Consumer Cyclical,Leisure,1645597184,USD,1645597184.0
MOFG,Financial Services,Banks - Regional,783838592,USD,783838592.0
MOH,Healthcare,Healthcare Plans,7557341696,USD,7557341696.0
MONC.MI,Consumer Cyclical,Apparel Manufacturing,14101383168,EUR,16204760992.860363
MORN,Financial Services,Financial Data & Stock Exchanges,8772858880,USD,8772858880.0
MOS,Basic Materials,Agricultural Inputs,8651734016,USD,8651734016.0
MOV,Consumer Cyclical,Luxury Goods,401577824,USD,401577824.0
MP,Basic Materials,Other Industrial Metals & Mining,10211488768,USD,10211488768.0
MP1.AX,Technology,Software - Infrastructure,2898833408,AUD,1885297354.3738573
MPAA,Consumer Cyclical,Auto Parts,334404928,USD,334404928.0
MPB,Financial Services,Banks - Regional,659152192,USD,659152192.0
MPC,Energy,Oil & Gas Refining & Marketing,59524136960,USD,59524136960.0
MPL.AX,Financial Services,Insurance - Specialty,13329376256,AUD,8668948592.057384
MPTI,Technology,Electronic Components,163124656,USD,163124656.0
MPW,Real Estate,REIT - Healthcare Facilities,3059782400,USD,3059782400.0
MPWR,Technology,Semiconductors,48093265920,USD,48093265920.0
MPX,Consumer Cyclical,Recreational Vehicles,302741600,USD,302741600.0
MQ,Technology,Software - Infrastructure,2014806272,USD,2014806272.0
MQG.AX,Financial Services,Capital Markets,83661914112,AUD,54410710495.44302
MRBK,Financial Services,Banks - Regional,171718464,USD,171718464.0
MRC,Energy,Oil & Gas Equipment & Services,1185226496,USD,1185226496.0
MRCY,Industrials,Aerospace & Defense,4668408320,USD,4668408320.0
MRFG3.SA,Consumer Defensive,Packaged Foods,30363052032,BRL,5640649232.1446705
MRK,Healthcare,Drug Manufacturers - General,206042136576,USD,206042136576.0
MRL.MC,Real Estate,REIT - Office,7626228224,EUR,8763764814.742886
MRNA,Healthcare,Biotechnology,9729367040,USD,9729367040.0
MRO.L,Industrials,Specialty Industrial Machinery,7847993856,GBp,10243416615.882854
MRP,Real Estate,REIT - Residential,5235750912,USD,5235750912.0
MRTN,Industrials,Trucking,823356288,USD,823356288.0
MRVE3.SA,Real Estate,Real Estate - Development,4271844352,BRL,793595305.8524979
MRVI,Healthcare,Biotechnology,1076174976,USD,1076174976.0
MRVL,Technology,Semiconductors,77907976192,USD,77907976192.0
MRX,Financial Services,Capital Markets,2259871488,USD,2259871488.0
MS,Financial Services,Capital Markets,260367155200,USD,260367155200.0
MSA,Industrials,Security & Protection Services,6106938368,USD,6106938368.0
MSBI,Financial Services,Banks - Regional,343404288,USD,343404288.0
MSCI,Financial Services,Financial Data & Stock Exchanges,43663581184,USD,43663581184.0
MSEX,Utilities,Utilities - Regulated Water,915423936,USD,915423936.0
MSFT,Technology,Software - Infrastructure,3842762604544,USD,3842762604544.0
MSGE,Consumer Cyclical,Leisure,2088586240,USD,2088586240.0
MSGS,Communication Services,Entertainment,5219207168,USD,5219207168.0
MSI,Technology,Communication Equipment,65206280192,USD,65206280192.0
MSM,Industrials,Industrial Distribution,4730446848,USD,4730446848.0
MSTR,Technology,Software - Application,75989057536,USD,75989057536.0
MT.AS,Basic Materials,Steel,24561037312,EUR,28224588654.59896
MTB,Financial Services,Banks - Regional,28083916800,USD,28083916800.0
MTC.BK,Financial Services,Credit Services,85330001920,THB,2620700243.8680573
MTCH,Communication Services,Internet Content & Information,7820219904,USD,7820219904.0
MTD,Healthcare,Diagnostics & Research,28980377600,USD,28980377600.0
MTDR,Energy,Oil & Gas E&P,4878866432,USD,4878866432.0
MTG,Financial Services,Insurance - Specialty,6193150464,USD,6193150464.0
MTH,Consumer Cyclical,Residential Construction,4630648832,USD,4630648832.0
MTLN.L,Utilities,Utilities - Diversified,6415380480,EUR,7372305689.315328
MTN,Consumer Cyclical,Resorts & Casinos,5369611776,USD,5369611776.0
MTRN,Basic Materials,Other Industrial Metals & Mining,2373276672,USD,2373276672.0
MTRX,Industrials,Engineering & Construction,424957632,USD,424957632.0
MTS.AX,Consumer Defensive,Food Distribution,4209128448,AUD,2737466287.4156237
MTS.MC,Basic Materials,Steel,24530905088,EUR,28189961874.921677
MTSI,Technology,Semiconductors,11184841728,USD,11184841728.0
MTSR,Healthcare,Biotechnology,6390988800,USD,6390988800.0
MTUS,Basic Materials,Steel,743256256,USD,743256256.0
MTW,Industrials,Farm & Heavy Construction Machinery,362037504,USD,362037504.0
MTX,Basic Materials,Specialty Chemicals,1745389312,USD,1745389312.0
MTZ,Industrials,Engineering & Construction,15907216384,USD,15907216384.0
MU,Technology,Semiconductors,263442776064,USD,263442776064.0
MULT3.SA,Real Estate,Real Estate Services,13607578624,BRL,2527926963.202519
MUR,Energy,Oil & Gas E&P,3949389568,USD,3949389568.0
MUSA,Consumer Cyclical,Specialty Retail,6895026176,USD,6895026176.0
MVBF,Financial Services,Banks - Regional,326694304,USD,326694304.0
MVIS,Technology,Scientific & Technical Instruments,346109632,USD,346109632.0
MVST,Consumer Cyclical,Auto Parts,1747799808,USD,1747799808.0
MWA,Industrials,Specialty Industrial Machinery,4018306304,USD,4018306304.0
MXCT,Healthcare,Medical Devices,171636704,USD,171636704.0
MXL,Technology,Semiconductors,1364763648,USD,1364763648.0
MYE,Consumer Cyclical,Packaging & Containers,676709184,USD,676709184.0
MYFW,Financial Services,Banks - Regional,224798400,USD,224798400.0
MYGN,Healthcare,Diagnostics & Research,761105024,USD,761105024.0
MYO,Healthcare,Medical Devices,32803770,USD,32803770.0
MYPS,Communication Services,Electronic Gaming & Multimedia,114378056,USD,114378056.0
MYRG,Industrials,Engineering & Construction,3530823936,USD,3530823936.0
MZTI,Consumer Defensive,Packaged Foods,4359157248,USD,4359157248.0
N2IU.SI,Real Estate,REIT - Office,7758642176,SGD,5937675667.601101
NAB.AX,Financial Services,Banks - Diversified,133773778944,AUD,87001671372.94025
NABL,Technology,Information Technology Services,1463091456,USD,1463091456.0
NAGE,Healthcare,Biotechnology,576613888,USD,576613888.0
NAN.AX,Healthcare,Medical Instruments & Supplies,1370548608,AUD,891355694.1810893
NAT,Energy,Oil & Gas Midstream,768654912,USD,768654912.0
NATH,Consumer Cyclical,Restaurants,443466464,USD,443466464.0
NATL,Technology,Software - Application,2663812864,USD,2663812864.0
NATR,Consumer Defensive,Packaged Foods,242665200,USD,242665200.0
NAVI,Financial Services,Credit Services,1189581824,USD,1189581824.0
NB,Basic Materials,Other Industrial Metals & Mining,732311232,USD,732311232.0
NBA.LS,Technology,Information Technology Services,331921152,EUR,381430876.1455872
NBBK,Financial Services,Banks - Regional,706521152,USD,706521152.0
NBHC,Financial Services,Banks - Regional,1356600192,USD,1356600192.0
NBIX,Healthcare,Drug Manufacturers - Specialty & Generic,14154221568,USD,14154221568.0
NBN,Financial Services,Banks - Regional,751142848,USD,751142848.0
NBR,Energy,Oil & Gas Drilling,784847168,USD,784847168.0
NBTB,Financial Services,Banks - Regional,2138202624,USD,2138202624.0
NC,Energy,Thermal Coal,314981376,USD,314981376.0
NCLH,Consumer Cyclical,Travel Services,10097466368,USD,10097466368.0
NCMI,Communication Services,Advertising Agencies,417548672,USD,417548672.0
NCNO,Technology,Software - Application,3098043648,USD,3098043648.0
NDA.DE,Industrials,Metal Fabrication,4885094400,EUR,5613760454.307839
NDAQ,Financial Services,Financial Data & Stock Exchanges,49328295936,USD,49328295936.0
NDSN,Industrials,Specialty Industrial Machinery,12903746560,USD,12903746560.0
NDX1.DE,Industrials,Specialty Industrial Machinery,6270663680,EUR,7206002772.238848
NE,Energy,Oil & Gas Drilling,4738397696,USD,4738397696.0
NEC.AX,Communication Services,Entertainment,1847412864,AUD,1201491115.4685543
NECB,Financial Services,Banks - Regional,268970048,USD,268970048.0
NEE,Utilities,Utilities - Regulated Electric,170315808768,USD,170315808768.0
NEM,Basic Materials,Gold,89068888064,USD,89068888064.0
NEM.DE,Technology,Software - Application,11007150080,EUR,12648988693.797888
NEO,Healthcare,Diagnostics & Research,1265412608,USD,1265412608.0
NEOG,Healthcare,Diagnostics & Research,1366808320,USD,1366808320.0
NEON,Technology,Electronic Components,48334816,USD,48334816.0
NESR,Energy,Oil & Gas Equipment & Services,1252327296,USD,1252327296.0
NESTLEIND.NS,Consumer Defensive,Packaged Foods,2448753688576,INR,27615236919.53796
NET,Technology,Software - Infrastructure,86908256256,USD,86908256256.0
NEU,Basic Materials,Specialty Chemicals,7213136896,USD,7213136896.0
NEWT,Financial Services,Banks - Regional,298577856,USD,298577856.0
NEXI.MI,Technology,Software - Infrastructure,5287740928,EUR,6076466181.335501
NEXN,Communication Services,Advertising Agencies,533336928,USD,533336928.0
NEXT,Energy,Oil & Gas Equipment & Services,1554384256,USD,1554384256.0
NFBK,Financial Services,Banks - Regional,425213024,USD,425213024.0
NFE,Energy,Oil & Gas Midstream,335772288,USD,335772288.0
NFG,Energy,Oil & Gas Integrated,7218248192,USD,7218248192.0
NFLX,Communication Services,Entertainment,466143674368,USD,466143674368.0
NG,Basic Materials,Gold,3312480000,USD,3312480000.0
NG.L,Utilities,Utilities - Regulated Electric,56834732032,GBp,74182249519.82407
NGD,Basic Materials,Gold,5778233856,USD,5778233856.0
NGNE,Healthcare,Biotechnology,443285696,USD,443285696.0
NGS,Energy,Oil & Gas Equipment & Services,352439040,USD,352439040.0
NGVC,Consumer Defensive,Grocery Stores,756567360,USD,756567360.0
NGVT,Basic Materials,Specialty Chemicals,1963344768,USD,1963344768.0
NHC,Healthcare,Medical Care Facilities,1876230272,USD,1876230272.0
NHC.AX,Energy,Thermal Coal,3542161408,AUD,2303694828.698337
NHF.AX,Financial Services,Insurance - Specialty,3679169536,AUD,2392800004.7782297
NHI,Real Estate,REIT - Healthcare Facilities,3547194624,USD,3547194624.0
NI,Utilities,Utilities - Regulated Gas,20150243328,USD,20150243328.0
NIC,Financial Services,Banks - Regional,1786525696,USD,1786525696.0
NIC.AX,Basic Materials,Other Industrial Metals & Mining,3038654976,AUD,1976232290.9960601
NJR,Utilities,Utilities - Regulated Gas,4430651904,USD,4430651904.0
NKE,Consumer Cyclical,Footwear & Accessories,92609314816,USD,92609314816.0
NKSH,Financial Services,Banks - Regional,185696256,USD,185696256.0
NKT.CO,Industrials,Electrical Equipment & Parts,38426705920,DKK,5914339615.434342
NKTX,Healthcare,Biotechnology,147020736,USD,147020736.0
NL,Industrials,Security & Protection Services,288290144,USD,288290144.0
NLOP,Real Estate,REIT - Office,432719104,USD,432719104.0
NLY,Real Estate,REIT - Mortgage,14548564992,USD,14548564992.0
NMAX,Communication Services,Broadcasting,862180800,USD,862180800.0
NMIH,Financial Services,Insurance - Specialty,2853952000,USD,2853952000.0
NMRK,Real Estate,Real Estate Services,4349431296,USD,4349431296.0
NN,Technology,Software - Infrastructure,1723614080,USD,1723614080.0
NN.AS,Financial Services,Insurance - Diversified,15679797248,EUR,18018613053.28865
NNE,Industrials,Specialty Industrial Machinery,2273317120,USD,2273317120.0
NNI,Financial Services,Credit Services,4659545088,USD,4659545088.0
NNN,Real Estate,REIT - Retail,7719291392,USD,7719291392.0
NNOX,Healthcare,Medical Devices,218034112,USD,218034112.0
NOC,Industrials,Aerospace & Defense,82122547200,USD,82122547200.0
NODK,Financial Services,Insurance - Property & Casualty,274154976,USD,274154976.0
NOG,Energy,Oil & Gas E&P,2151962624,USD,2151962624.0
NOS.LS,Communication Services,Telecom Services,1890424704,EUR,2172402532.3158145
NOV,Energy,Oil & Gas Equipment & Services,5489530880,USD,5489530880.0
NOVT,Technology,Scientific & Technical Instruments,4887377920,USD,4887377920.0
NOW,Technology,Software - Application,190216716288,USD,190216716288.0
NPB,Financial Services,Banks - Regional,544336192,USD,544336192.0
NPCE,Healthcare,Medical Devices,310966080,USD,310966080.0
NPK,Industrials,Aerospace & Defense,783445376,USD,783445376.0
NPKI,Energy,Oil & Gas Equipment & Services,1076462464,USD,1076462464.0
NPO,Industrials,Specialty Industrial Machinery,4882816000,USD,4882816000.0
NPWR,Industrials,Specialty Industrial Machinery,304522368,USD,304522368.0
NRC,Healthcare,Health Information Services,300210816,USD,300210816.0
NRDS,Communication Services,Internet Content & Information,914281216,USD,914281216.0
NRDY,Technology,Software - Application,185687360,USD,185687360.0
NREF,Real Estate,REIT - Mortgage,299751968,USD,299751968.0
NRG,Utilities,Utilities - Independent Power Producers,33749805056,USD,33749805056.0
NRIM,Financial Services,Banks - Regional,489087392,USD,489087392.0
NRIX,Healthcare,Biotechnology,1279279744,USD,1279279744.0
NSA,Real Estate,REIT - Industrial,4282401024,USD,4282401024.0
NSC,Industrials,Railroads,63315177472,USD,63315177472.0
NSIT,Technology,Electronics & Computer Distribution,3034451456,USD,3034451456.0
NSP,Industrials,Staffing & Employment Services,1698706176,USD,1698706176.0
NSR.AX,Real Estate,REIT - Industrial,3201133824,AUD,2081902710.4933476
NSSC,Industrials,Security & Protection Services,1453456768,USD,1453456768.0
NST.AX,Basic Materials,Gold,34918313984,AUD,22709619942.82041
NTAP,Technology,Software - Infrastructure,23343374336,USD,23343374336.0
NTB,Financial Services,Banks - Diversified,1923682688,USD,1923682688.0
NTCT,Technology,Software - Infrastructure,1990226304,USD,1990226304.0
NTGR,Technology,Communication Equipment,898947200,USD,898947200.0
NTGY.MC,Utilities,Utilities - Regulated Gas,25376960512,EUR,29162215856.62648
NTLA,Healthcare,Biotechnology,1403023744,USD,1403023744.0
NTNX,Technology,Software - Infrastructure,19269103616,USD,19269103616.0
NTPC.NS,Utilities,Utilities - Regulated Electric,3221497839616,INR,36329675169.78361
NTRA,Healthcare,Diagnostics & Research,27206692864,USD,27206692864.0
NTRS,Financial Services,Asset Management,24146505728,USD,24146505728.0
NTST,Real Estate,REIT - Retail,1570443520,USD,1570443520.0
NU,Financial Services,Banks - Regional,77945872384,USD,77945872384.0
NUE,Basic Materials,Steel,33998788608,USD,33998788608.0
NUF.AX,Basic Materials,Agricultural Inputs,810082880,AUD,526848871.78158075
NUS,Consumer Defensive,Household & Personal Products,529625536,USD,529625536.0
NUTX,Healthcare,Medical Care Facilities,731664384,USD,731664384.0
NUVB,Healthcare,Biotechnology,1769550080,USD,1769550080.0
NUVL,Healthcare,Biotechnology,6763177984,USD,6763177984.0
NVAX,Healthcare,Biotechnology,1284755200,USD,1284755200.0
NVCR,Healthcare,Medical Devices,1369539584,USD,1369539584.0
NVCT,Healthcare,Biotechnology,161905552,USD,161905552.0
NVDA,Technology,Semiconductors,5036907692032,USD,5036907692032.0
NVEC,Technology,Semiconductors,327185920,USD,327185920.0
NVG.LS,Basic Materials,Paper & Paper Products,2126437248,EUR,2443618966.992653
NVGS,Energy,Oil & Gas Midstream,1099725184,USD,1099725184.0
NVR,Consumer Cyclical,Residential Construction,19478597632,USD,19478597632.0
NVRI,Industrials,Waste Management,979066432,USD,979066432.0
NVST,Healthcare,Medical Instruments & Supplies,3303323136,USD,3303323136.0
NVT,Industrials,Electrical Equipment & Parts,18130360320,USD,18130360320.0
NVTS,Technology,Semiconductors,2610564096,USD,2610564096.0
NVX.AX,Industrials,Electrical Equipment & Parts,431729536,AUD,280781417.02782977
NWBI,Financial Services,Banks - Regional,1731250176,USD,1731250176.0
NWE,Utilities,Utilities - Regulated Electric,3687492096,USD,3687492096.0
NWFL,Financial Services,Banks - Regional,246543136,USD,246543136.0
NWG.L,Financial Services,Banks - Regional,46202437632,GBp,60304687544.077515
NWL,Consumer Defensive,Household & Personal Products,1351920000,USD,1351920000.0
NWL.AX,Technology,Software - Application,7564786176,AUD,4919865806.933852
NWN,Utilities,Utilities - Regulated Gas,1895039872,USD,1895039872.0
NWPX,Basic Materials,Steel,613864512,USD,613864512.0
NWS,Communication Services,Entertainment,15316610048,USD,15316610048.0
NWS.AX,Communication Services,Entertainment,23264956416,AUD,15130693836.92845
NWSA,Communication Services,Entertainment,15316610048,USD,15316610048.0
NX,Industrials,Building Products & Equipment,643652032,USD,643652032.0
NXDR,Communication Services,Internet Content & Information,743538368,USD,743538368.0
NXDT,Real Estate,REIT - Diversified,148675696,USD,148675696.0
NXPI,Technology,Semiconductors,52949790720,USD,52949790720.0
NXRT,Real Estate,REIT - Residential,1566720256,USD,1566720256.0
NXST,Communication Services,Broadcasting,5914606592,USD,5914606592.0
NXT,Technology,Solar,15448750080,USD,15448750080.0
NXT.AX,Technology,Information Technology Services,10581836800,AUD,6882047401.689088
NXT.L,Consumer Cyclical,Apparel Retail,16558209024,GBp,21612228113.052055
NXXT,Utilities,Utilities - Renewable,241750640,USD,241750640.0
NYT,Communication Services,Publishing,9290441728,USD,9290441728.0
NZX.NZ,Financial Services,Financial Data & Stock Exchanges,512579904,NZD,290512298.0325696
O,Real Estate,REIT - Retail,53212614656,USD,53212614656.0
O39.SI,Financial Services,Banks - Regional,76456779776,SGD,58512243586.04718
OABI,Healthcare,Biotechnology,213053984,USD,213053984.0
OBK,Financial Services,Banks - Regional,1067078976,USD,1067078976.0
OBT,Financial Services,Banks - Regional,330425792,USD,330425792.0
OC,Industrials,Building Products & Equipment,10389888000,USD,10389888000.0
OCA.NZ,Healthcare,Medical Care Facilities,586627136,NZD,332479670.0723264
OCFC,Financial Services,Banks - Regional,1035864256,USD,1035864256.0
OCI.AS,Basic Materials,Specialty Chemicals,709178048,EUR,814959825.7355328
OCUL,Healthcare,Biotechnology,2417827328,USD,2417827328.0
ODC,Basic Materials,Specialty Chemicals,794384704,USD,794384704.0
ODFL,Industrials,Trucking,28900220928,USD,28900220928.0
ODP,Consumer Cyclical,Specialty Retail,837577536,USD,837577536.0
OEC,Basic Materials,Specialty Chemicals,297593440,USD,297593440.0
OFG,Financial Services,Banks - Regional,1732974848,USD,1732974848.0
OFIX,Healthcare,Medical Devices,634277888,USD,634277888.0
OFLX,Industrials,Specialty Industrial Machinery,275070272,USD,275070272.0
OGE,Utilities,Utilities - Regulated Electric,8890427392,USD,8890427392.0
OGN,Healthcare,Drug Manufacturers - General,1744369024,USD,1744369024.0
OGS,Utilities,Utilities - Regulated Gas,4889866752,USD,4889866752.0
OHI,Real Estate,REIT - Healthcare Facilities,12750963712,USD,12750963712.0
OI,Consumer Cyclical,Packaging & Containers,1811901568,USD,1811901568.0
OII,Energy,Oil & Gas Equipment & Services,2410568960,USD,2410568960.0
OIS,Energy,Oil & Gas Equipment & Services,382969056,USD,382969056.0
OKE,Energy,Oil & Gas Midstream,41126576128,USD,41126576128.0
OKLO,Utilities,Utilities - Independent Power Producers,18697656320,USD,18697656320.0
OKTA,Technology,Software - Infrastructure,16056119296,USD,16056119296.0
OLED,Technology,Electronic Components,6932859392,USD,6932859392.0
OLLI,Consumer Defensive,Discount Stores,7620238848,USD,7620238848.0
OLMA,Healthcare,Biotechnology,577901056,USD,577901056.0
OLN,Basic Materials,Chemicals,2288136448,USD,2288136448.0
OLP,Real Estate,REIT - Diversified,431784640,USD,431784640.0
OLPX,Consumer Cyclical,Specialty Retail,707105920,USD,707105920.0
OM,Healthcare,Medical Devices,231138160,USD,231138160.0
OMC,Communication Services,Advertising Agencies,14093589504,USD,14093589504.0
OMCL,Healthcare,Health Information Services,1532825984,USD,1532825984.0
OMDA,Healthcare,Health Information Services,1477948160,USD,1477948160.0
OMER,Healthcare,Biotechnology,487960256,USD,487960256.0
OMF,Financial Services,Credit Services,7226384896,USD,7226384896.0
OMI,Healthcare,Medical Distribution,266845744,USD,266845744.0
ON,Technology,Semiconductors,20636827648,USD,20636827648.0
ONB,Financial Services,Banks - Regional,8006938624,USD,8006938624.0
ONEW,Consumer Cyclical,Specialty Retail,255378640,USD,255378640.0
ONGC.NS,Energy,Oil & Gas Integrated,3174633570304,INR,35801174526.31363
ONIT,Financial Services,Mortgage Finance,308917760,USD,308917760.0
ONON,Consumer Cyclical,Footwear & Accessories,11905626112,USD,11905626112.0
ONTF,Technology,Software - Application,229300080,USD,229300080.0
ONTO,Technology,Semiconductor Equipment & Materials,6454260736,USD,6454260736.0
OOMA,Technology,Software - Application,326870176,USD,326870176.0
OPAL,Utilities,Utilities - Regulated Gas,393607136,USD,393607136.0
OPBK,Financial Services,Banks - Regional,198871792,USD,198871792.0
OPCH,Healthcare,Medical Care Facilities,4193718016,USD,4193718016.0
OPFI,Financial Services,Credit Services,877426624,USD,877426624.0
OPK,Healthcare,Diagnostics & Research,1074781696,USD,1074781696.0
OPRT,Financial Services,Credit Services,235890384,USD,235890384.0
OPRX,Healthcare,Health Information Services,360904224,USD,360904224.0
OR,Basic Materials,Gold,6010407936,USD,6010407936.0
OR.BK,Energy,Oil & Gas Refining & Marketing,175200010240,THB,5380835570.496307
ORA,Utilities,Utilities - Renewable,6519314944,USD,6519314944.0
ORA.AX,Consumer Cyclical,Packaging & Containers,2519902464,AUD,1638854249.28129
ORC,Real Estate,REIT - Mortgage,1101430272,USD,1101430272.0
ORCL,Technology,Software - Infrastructure,735076941824,USD,735076941824.0
ORG.AX,Utilities,Utilities - Diversified,20500697088,AUD,13332918641.051565
ORGO,Healthcare,Drug Manufacturers - Specialty & Generic,507430848,USD,507430848.0
ORI,Financial Services,Insurance - Property & Casualty,9737157632,USD,9737157632.0
ORI.AX,Basic Materials,Specialty Chemicals,10478479360,AUD,6814827427.043737
ORIC,Healthcare,Biotechnology,1232490624,USD,1232490624.0
ORKA,Healthcare,Biotechnology,1267180928,USD,1267180928.0
ORLY,Consumer Cyclical,Auto Parts,77581164544,USD,77581164544.0
ORN,Industrials,Engineering & Construction,431728544,USD,431728544.0
ORRF,Financial Services,Banks - Regional,654648000,USD,654648000.0
ORSTED.CO,Utilities,Utilities - Renewable,153176932352,DKK,23575801711.08614
OSBC,Financial Services,Banks - Regional,947961664,USD,947961664.0
OSCR,Healthcare,Healthcare Plans,4566137856,USD,4566137856.0
OSIS,Technology,Electronic Components,4772480000,USD,4772480000.0
OSK,Industrials,Farm & Heavy Construction Machinery,7674014208,USD,7674014208.0
OSP.BK,Consumer Defensive,Beverages - Non-Alcoholic,45356625920,THB,1393016734.2667775
OSPN,Technology,Software - Infrastructure,469254720,USD,469254720.0
OSUR,Healthcare,Medical Instruments & Supplies,195275760,USD,195275760.0
OSW,Consumer Cyclical,Leisure,2352041472,USD,2352041472.0
OTIS,Industrials,Specialty Industrial Machinery,35140677632,USD,35140677632.0
OTTR,Industrials,Conglomerates,3266954240,USD,3266954240.0
OUST,Technology,Electronic Components,1834026368,USD,1834026368.0
OUT,Real Estate,REIT - Specialty,2954858240,USD,2954858240.0
OVBC,Financial Services,Banks - Regional,166251232,USD,166251232.0
OVLY,Financial Services,Banks - Regional,232168480,USD,232168480.0
OVV,Energy,Oil & Gas E&P,9649181696,USD,9649181696.0
OWL,Financial Services,Asset Management,25039980544,USD,25039980544.0
OXM,Consumer Cyclical,Apparel Manufacturing,549787520,USD,549787520.0
OXY,Energy,Oil & Gas E&P,40283271168,USD,40283271168.0
OZK,Financial Services,Banks - Regional,5040700928,USD,5040700928.0
PACB,Healthcare,Medical Devices,672830208,USD,672830208.0
PACK,Consumer Cyclical,Packaging & Containers,432004448,USD,432004448.0
PACS,Healthcare,Medical Care Facilities,1829542784,USD,1829542784.0
PAG,Consumer Cyclical,Auto & Truck Dealerships,10469533696,USD,10469533696.0
PAGS,Technology,Software - Infrastructure,2761104896,USD,2761104896.0
PAHC,Healthcare,Drug Manufacturers - Specialty & Generic,1757942528,USD,1757942528.0
PAL,Industrials,Integrated Freight & Logistics,205916368,USD,205916368.0
PAMT,Industrials,Trucking,208004624,USD,208004624.0
PANL,Industrials,Marine Shipping,317728096,USD,317728096.0
PANW,Technology,Software - Infrastructure,148390412288,USD,148390412288.0
PAR,Technology,Software - Application,1444280448,USD,1444280448.0
PARR,Energy,Oil & Gas Refining & Marketing,2094073216,USD,2094073216.0
PATH,Technology,Software - Infrastructure,8427313152,USD,8427313152.0
PATK,Consumer Cyclical,"Furnishings, Fixtures & Appliances",3421713408,USD,3421713408.0
PAX,Financial Services,Asset Management,2325028608,USD,2325028608.0
PAYC,Technology,Software - Application,10399031296,USD,10399031296.0
PAYO,Technology,Software - Infrastructure,2064608128,USD,2064608128.0
PAYS,Technology,Software - Infrastructure,282060768,USD,282060768.0
PAYX,Technology,Software - Application,41427415040,USD,41427415040.0
PB,Financial Services,Banks - Regional,6320839680,USD,6320839680.0
PBF,Energy,Oil & Gas Refining & Marketing,4065088256,USD,4065088256.0
PBFS,Financial Services,Banks - Regional,331782080,USD,331782080.0
PBH,Healthcare,Drug Manufacturers - Specialty & Generic,2981394688,USD,2981394688.0
PBH.AX,Consumer Cyclical,Gambling,351478464,AUD,228588995.99745023
PBI,Industrials,Integrated Freight & Logistics,1581825536,USD,1581825536.0
PBYI,Healthcare,Biotechnology,253868448,USD,253868448.0
PCAR,Industrials,Farm & Heavy Construction Machinery,51186417664,USD,51186417664.0
PCAR3.SA,Consumer Cyclical,Department Stores,1735422464,BRL,322395435.6990054
PCB,Financial Services,Banks - Regional,311274176,USD,311274176.0
PCG,Utilities,Utilities - Regulated Electric,34968756224,USD,34968756224.0
PCH,Real Estate,REIT - Specialty,3018987264,USD,3018987264.0
PCOR,Technology,Software - Application,11144305664,USD,11144305664.0
PCRX,Healthcare,Drug Manufacturers - Specialty & Generic,997057088,USD,997057088.0
PCT,Industrials,Pollution & Treatment Controls,1963014528,USD,1963014528.0
PCT.L,Financial Services,Asset Management,5353079296,GBp,6986985771.51191
PCT.NZ,Real Estate,REIT - Diversified,2265459456,NZD,1283982902.0338945
PCTY,Technology,Software - Application,7657473024,USD,7657473024.0
PCVX,Healthcare,Biotechnology,5560334336,USD,5560334336.0
PCYO,Utilities,Utilities - Regulated Water,264817344,USD,264817344.0
PD,Technology,Software - Application,1502199552,USD,1502199552.0
PDD,Consumer Cyclical,Internet Retail,191197970432,USD,191197970432.0
PDEX,Healthcare,Medical Instruments & Supplies,117105952,USD,117105952.0
PDFS,Technology,Software - Application,1157141376,USD,1157141376.0
PDLB,Financial Services,Banks - Regional,320317728,USD,320317728.0
PDM,Real Estate,REIT - Office,1008606208,USD,1008606208.0
PDN.AX,Energy,Uranium,4258099200,AUD,2769315109.4046717
PDYN,Technology,Software - Infrastructure,325103744,USD,325103744.0
PEB,Real Estate,REIT - Hotel & Motel,1249773184,USD,1249773184.0
PEBK,Financial Services,Banks - Regional,155978944,USD,155978944.0
PEBO,Financial Services,Banks - Regional,1029673472,USD,1029673472.0
PECO,Real Estate,REIT - Retail,4692820480,USD,4692820480.0
PEG,Utilities,Utilities - Regulated Electric,40605126656,USD,40605126656.0
PEGA,Technology,Software - Application,10690838528,USD,10690838528.0
PEN,Healthcare,Medical Devices,8821213184,USD,8821213184.0
PENG,Technology,Information Technology Services,1194621056,USD,1194621056.0
PENN,Consumer Cyclical,Resorts & Casinos,2426598656,USD,2426598656.0
PEP,Consumer Defensive,Beverages - Non-Alcoholic,196350050304,USD,196350050304.0
PESI,Industrials,Waste Management,236972672,USD,236972672.0
PETR3.SA,Energy,Oil & Gas Integrated,398764343296,BRL,74079831778.72572
PETR4.SA,Energy,Oil & Gas Integrated,399596781568,BRL,74234476716.75159
PETZ3.SA,Consumer Cyclical,Specialty Retail,1700797440,BRL,315963025.1879424
PFBC,Financial Services,Banks - Regional,1123345920,USD,1123345920.0
PFE,Healthcare,Drug Manufacturers - General,140205670400,USD,140205670400.0
PFG,Financial Services,Asset Management,18238982144,USD,18238982144.0
PFGC,Consumer Defensive,Food Distribution,15364344832,USD,15364344832.0
PFI.NZ,Real Estate,REIT - Industrial,1296152576,NZD,734613785.1213825
PFIS,Financial Services,Banks - Regional,449057152,USD,449057152.0
PFS,Financial Services,Banks - Regional,2408665344,USD,2408665344.0
PFSI,Financial Services,Mortgage Finance,6591300096,USD,6591300096.0
PG,Consumer Defensive,Household & Personal Products,345883279360,USD,345883279360.0
PGC,Financial Services,Banks - Regional,440466656,USD,440466656.0
PGEN,Healthcare,Biotechnology,1468106880,USD,1468106880.0
PGNY,Healthcare,Healthcare Plans,1584655744,USD,1584655744.0
PGR,Financial Services,Insurance - Property & Casualty,119449681920,USD,119449681920.0
PGRE,Real Estate,REIT - Office,1562566016,USD,1562566016.0
PGY,Technology,Software - Infrastructure,2010205056,USD,2010205056.0
PH,Industrials,Specialty Industrial Machinery,97676836864,USD,97676836864.0
PHAT,Healthcare,Biotechnology,976730752,USD,976730752.0
PHIA.AS,Healthcare,Medical Devices,23251916800,EUR,26720198286.99648
PHIN,Consumer Cyclical,Auto Parts,2025544320,USD,2025544320.0
PHM,Consumer Cyclical,Residential Construction,23148328960,USD,23148328960.0
PHNX.L,Financial Services,Insurance - Life,6723332096,GBp,8775477270.99863
PHR,Healthcare,Health Information Services,1361855872,USD,1361855872.0
PHR.LS,Communication Services,Telecom Services,64916580,EUR,74599608.48103799
PI,Technology,Semiconductors,5650580992,USD,5650580992.0
PII,Consumer Cyclical,Recreational Vehicles,3692702976,USD,3692702976.0
PINC,Healthcare,Health Information Services,2330874112,USD,2330874112.0
PINE,Real Estate,REIT - Retail,224980096,USD,224980096.0
PINS,Communication Services,Internet Content & Information,22913630208,USD,22913630208.0
PIPR,Financial Services,Capital Markets,5764530176,USD,5764530176.0
PIRC.MI,Consumer Cyclical,Auto Parts,6139999744,EUR,7055848859.814758
PJT,Financial Services,Capital Markets,6454117376,USD,6454117376.0
PK,Real Estate,REIT - Hotel & Motel,2043093120,USD,2043093120.0
PKBK,Financial Services,Banks - Regional,256491808,USD,256491808.0
PKE,Industrials,Aerospace & Defense,388760768,USD,388760768.0
PKG,Consumer Cyclical,Packaging & Containers,17598949376,USD,17598949376.0
PKOH,Industrials,Specialty Industrial Machinery,294093792,USD,294093792.0
PKST,Real Estate,REIT - Office,488582720,USD,488582720.0
PL,Industrials,Aerospace & Defense,4061504256,USD,4061504256.0
PLAB,Technology,Semiconductor Equipment & Materials,1432042240,USD,1432042240.0
PLAY,Communication Services,Entertainment,501971840,USD,501971840.0
PLBC,Financial Services,Banks - Regional,282598816,USD,282598816.0
PLD,Real Estate,REIT - Industrial,115383861248,USD,115383861248.0
PLMR,Financial Services,Insurance - Property & Casualty,3045815552,USD,3045815552.0
PLNT,Consumer Cyclical,Leisure,7742748160,USD,7742748160.0
PLOW,Consumer Cyclical,Auto Parts,684083712,USD,684083712.0
PLPC,Industrials,Electrical Equipment & Parts,1035814336,USD,1035814336.0
PLS.AX,Basic Materials,Other Industrial Metals & Mining,10454441984,AUD,6799194379.192893
PLSE,Healthcare,Medical Instruments & Supplies,1137649792,USD,1137649792.0
PLTK,Communication Services,Electronic Gaming & Multimedia,1394206720,USD,1394206720.0
PLTR,Technology,Software - Infrastructure,491501912064,USD,491501912064.0
PLUG,Industrials,Electrical Equipment & Parts,3203022336,USD,3203022336.0
PLUS,Technology,Software - Application,1939939328,USD,1939939328.0
PLX,Healthcare,Biotechnology,190559760,USD,190559760.0
PLXS,Technology,Electronic Components,3873404672,USD,3873404672.0
PLYM,Real Estate,REIT - Industrial,991811456,USD,991811456.0
PM,Consumer Defensive,Tobacco,225089961984,USD,225089961984.0
PME.AX,Healthcare,Health Information Services,27200460800,AUD,17690204839.804928
PMT,Real Estate,REIT - Mortgage,1047679936,USD,1047679936.0
PMTS,Financial Services,Credit Services,198744048,USD,198744048.0
PMV.AX,Consumer Cyclical,Apparel Retail,2876241152,AUD,1870604160.7779121
PNBK,Financial Services,Banks - Regional,117827872,USD,117827872.0
PNC,Financial Services,Banks - Regional,71703805952,USD,71703805952.0
PNDORA.CO,Consumer Cyclical,Luxury Goods,65497260032,DKK,10080828695.44239
PNFP,Financial Services,Banks - Regional,6647664640,USD,6647664640.0
PNI.AX,Financial Services,Asset Management,4496353280,AUD,2924267024.0104446
PNL.AS,Industrials,Integrated Freight & Logistics,496792608,EUR,570894739.8811488
PNR,Industrials,Specialty Industrial Machinery,17483499520,USD,17483499520.0
PNRG,Energy,Oil & Gas E&P,222862336,USD,222862336.0
PNTG,Healthcare,Medical Care Facilities,865777664,USD,865777664.0
PNW,Utilities,Utilities - Regulated Electric,10706306048,USD,10706306048.0
PODD,Healthcare,Medical Devices,22439028736,USD,22439028736.0
POOL,Industrials,Industrial Distribution,9665496064,USD,9665496064.0
POR,Utilities,Utilities - Regulated Electric,5282481152,USD,5282481152.0
POST,Consumer Defensive,Packaged Foods,5745982464,USD,5745982464.0
POT.NZ,Industrials,Marine Shipping,5256264704,NZD,2979066339.3360896
POWERGRID.NS,Utilities,Utilities - Regulated Electric,2596684955648,INR,29283496576.300877
POWI,Technology,Semiconductors,2334698240,USD,2334698240.0
POWL,Industrials,Electrical Equipment & Parts,4715182080,USD,4715182080.0
POWW,Industrials,Aerospace & Defense,185035104,USD,185035104.0
PPC,Consumer Defensive,Packaged Foods,9010174976,USD,9010174976.0
PPG,Basic Materials,Specialty Chemicals,21309024256,USD,21309024256.0
PPL,Utilities,Utilities - Regulated Electric,26925750272,USD,26925750272.0
PPT.AX,Financial Services,Asset Management,2186532096,AUD,1422042109.9280794
PPTA,Basic Materials,Other Precious Metals & Mining,2762041088,USD,2762041088.0
PR,Energy,Oil & Gas E&P,10617702400,USD,10617702400.0
PRA,Financial Services,Insurance - Property & Casualty,1230328576,USD,1230328576.0
PRAA,Financial Services,Credit Services,572429632,USD,572429632.0
PRAX,Healthcare,Biotechnology,4529754624,USD,4529754624.0
PRCH,Technology,Software - Application,1600527488,USD,1600527488.0
PRCT,Healthcare,Medical Devices,1919996160,USD,1919996160.0
PRDO,Consumer Defensive,Education & Training Services,2006409856,USD,2006409856.0
PRG,Industrials,Rental & Leasing Services,1131399424,USD,1131399424.0
PRGO,Healthcare,Drug Manufacturers - Specialty & Generic,2824575232,USD,2824575232.0
PRGS,Technology,Software - Infrastructure,1831295232,USD,1831295232.0
PRI,Financial Services,Insurance - Life,8468065792,USD,8468065792.0
PRIM,Industrials,Engineering & Construction,7738412032,USD,7738412032.0
PRIO3.SA,Energy,Oil & Gas E&P,29541826560,BRL,5488087334.771097
PRK,Financial Services,Banks - Regional,2472675840,USD,2472675840.0
PRKS,Consumer Cyclical,Leisure,2634028032,USD,2634028032.0
PRLB,Industrials,Metal Fabrication,1266102528,USD,1266102528.0
PRM,Basic Materials,Specialty Chemicals,3507271168,USD,3507271168.0
PRMB,Consumer Defensive,Beverages - Non-Alcoholic,8209990656,USD,8209990656.0
PRME,Healthcare,Biotechnology,812929408,USD,812929408.0
PRO,Technology,Software - Application,1113263744,USD,1113263744.0
PROP,Energy,Oil & Gas E&P,96030488,USD,96030488.0
PRSU,Consumer Cyclical,Travel Services,1014495232,USD,1014495232.0
PRTA,Healthcare,Biotechnology,567367424,USD,567367424.0
PRTH,Technology,Software - Infrastructure,556228800,USD,556228800.0
PRU,Financial Services,Insurance - Life,36612292608,USD,36612292608.0
PRU.AX,Basic Materials,Gold,6456849920,AUD,4199303774.466867
PRU.L,Financial Services,Insurance - Life,27014981632,GBp,35260694236.583115
PRVA,Healthcare,Health Information Services,3038792960,USD,3038792960.0
PRX.AS,Communication Services,Internet Content & Information,133194579968,EUR,153062030030.06485
PRY.MI,Industrials,Electrical Equipment & Parts,24909672448,EUR,28625226590.98337
PSA,Real Estate,REIT - Industrial,48712040448,USD,48712040448.0
PSFE,Technology,Software - Infrastructure,629071552,USD,629071552.0
PSH.L,Financial Services,Asset Management,8510610432,GBp,11108281926.572237
PSIX,Industrials,Specialty Industrial Machinery,2051268352,USD,2051268352.0
PSKY,Communication Services,Entertainment,16902686720,USD,16902686720.0
PSMT,Consumer Defensive,Discount Stores,3619855360,USD,3619855360.0
PSN,Technology,Information Technology Services,8515740160,USD,8515740160.0
PSN.L,Consumer Cyclical,Residential Construction,3913907968,GBp,5108539920.911922
PSNL,Healthcare,Diagnostics & Research,798093568,USD,798093568.0
PSON.L,Communication Services,Publishing,6795661824,GBp,8869884013.818777
PST.MI,Industrials,Conglomerates,26723491840,EUR,30709597278.695423
PSTG,Technology,Computer Hardware,32403566592,USD,32403566592.0
PSTL,Real Estate,REIT - Office,465162816,USD,465162816.0
PSX,Energy,Oil & Gas Refining & Marketing,55570878464,USD,55570878464.0
PTC,Technology,Software - Application,23522494464,USD,23522494464.0
PTCT,Healthcare,Biotechnology,5396229632,USD,5396229632.0
PTEN,Energy,Oil & Gas Drilling,2427149056,USD,2427149056.0
PTGX,Healthcare,Biotechnology,4724949504,USD,4724949504.0
PTLO,Consumer Cyclical,Restaurants,376785248,USD,376785248.0
PTON,Consumer Cyclical,Leisure,3035903488,USD,3035903488.0
PTT.BK,Energy,Oil & Gas Integrated,863892209664,THB,26532315406.071888
PTTEP.BK,Energy,Oil & Gas E&P,420818452480,THB,12924399346.345573
PTTGC.BK,Basic Materials,Chemicals,100096450560,THB,3074215240.7175164
PUBM,Technology,Software - Application,379729792,USD,379729792.0
PUM.DE,Consumer Cyclical,Footwear & Accessories,2731939072,EUR,3139438109.112499
PUMP,Energy,Oil & Gas Equipment & Services,1138604928,USD,1138604928.0
PVBC,Financial Services,Banks - Regional,224776448,USD,224776448.0
PVH,Consumer Cyclical,Apparel Manufacturing,3689825024,USD,3689825024.0
PVLA,Healthcare,Biotechnology,849824640,USD,849824640.0
PWP,Financial Services,Capital Markets,1618881664,USD,1618881664.0
PWR,Industrials,Engineering & Construction,67224424448,USD,67224424448.0
PX,Financial Services,Asset Management,1135021824,USD,1135021824.0
PYPL,Financial Services,Credit Services,63942451200,USD,63942451200.0
PZZA,Consumer Cyclical,Restaurants,1581881088,USD,1581881088.0
QAN.AX,Industrials,Airlines,15495159808,AUD,10077496592.59568
QBE.AX,Financial Services,Insurance - Property & Casualty,29418633216,AUD,19132824679.871937
QBTS,Technology,Computer Hardware,11317387264,USD,11317387264.0
QCOM,Technology,Semiconductors,194996895744,USD,194996895744.0
QCRH,Financial Services,Banks - Regional,1271723904,USD,1271723904.0
QDEL,Healthcare,Medical Devices,1881521792,USD,1881521792.0
QGEN,Healthcare,Diagnostics & Research,9904989184,USD,9904989184.0
QLYS,Technology,Software - Infrastructure,4516316672,USD,4516316672.0
QNST,Communication Services,Advertising Agencies,863993344,USD,863993344.0
QRVO,Technology,Semiconductors,8647310336,USD,8647310336.0
QS,Consumer Cyclical,Auto Parts,9747237888,USD,9747237888.0
QSI,Healthcare,Medical Devices,428470624,USD,428470624.0
QSR,Consumer Cyclical,Restaurants,30006462464,USD,30006462464.0
QTRX,Healthcare,Medical Devices,245804688,USD,245804688.0
QTWO,Technology,Software - Application,3909519360,USD,3909519360.0
QUAD,Industrials,Specialty Business Services,275777056,USD,275777056.0
QUAL3.SA,Healthcare,Healthcare Plans,738949632,BRL,137277229.90236673
QUB.AX,Industrials,Integrated Freight & Logistics,7696996864,AUD,5005850899.977994
QUBT,Technology,Computer Hardware,3444111104,USD,3444111104.0
QXO,Industrials,Industrial Distribution,11645795328,USD,11645795328.0
R,Industrials,Rental & Leasing Services,6801427456,USD,6801427456.0
RAA.DE,Industrials,Specialty Industrial Machinery,7111934976,EUR,8172759020.148633
RACE.MI,Consumer Cyclical,Auto Manufacturers,62309785600,EUR,71603981760.86015
RADL3.SA,Healthcare,Pharmaceutical Retailers,33626263552,BRL,6246867326.92693
RAIL3.SA,Industrials,Railroads,28875839488,BRL,5364364612.090388
RAL,Technology,Electronic Components,4992091136,USD,4992091136.0
RAMP,Technology,Software - Infrastructure,1803492864,USD,1803492864.0
RAND.AS,Industrials,Staffing & Employment Services,5837495296,EUR,6708222515.596186
RAPP,Healthcare,Biotechnology,1242292480,USD,1242292480.0
RARE,Healthcare,Biotechnology,3225558784,USD,3225558784.0
RATCH.BK,Utilities,Utilities - Regulated Electric,58181251072,THB,1786893418.9863322
RBA,Industrials,Specialty Business Services,18124568576,USD,18124568576.0
RBB,Financial Services,Banks - Regional,321618336,USD,321618336.0
RBBN,Technology,Software - Application,593374592,USD,593374592.0
RBC,Industrials,Tools & Accessories,13542341632,USD,13542341632.0
RBCAA,Financial Services,Banks - Regional,1278622976,USD,1278622976.0
RBKB,Financial Services,Banks - Regional,111345352,USD,111345352.0
RBLX,Communication Services,Electronic Gaming & Multimedia,75569299456,USD,75569299456.0
RBREW.CO,Consumer Defensive,Beverages - Brewers,24325199872,DKK,3743945514.2432356
RBRK,Technology,Software - Infrastructure,14967368704,USD,14967368704.0
RC,Real Estate,REIT - Mortgage,478297696,USD,478297696.0
RCAT,Industrials,Aerospace & Defense,1210785024,USD,1210785024.0
RCEL,Healthcare,Medical Devices,102131568,USD,102131568.0
RCKT,Healthcare,Biotechnology,384137792,USD,384137792.0
RCKY,Consumer Cyclical,Footwear & Accessories,213492608,USD,213492608.0
RCL,Consumer Cyclical,Travel Services,75759656960,USD,75759656960.0
RCMT,Industrials,Conglomerates,171405088,USD,171405088.0
RCO.PA,Consumer Defensive,Beverages - Wineries & Distilleries,2204442112,EUR,2533259122.312243
RCUS,Healthcare,Biotechnology,2476056576,USD,2476056576.0
RDC.DE,Healthcare,Pharmaceutical Retailers,1395182848,EUR,1603289856.3088126
RDDT,Communication Services,Internet Content & Information,38842839040,USD,38842839040.0
RDN,Financial Services,Insurance - Specialty,4618860032,USD,4618860032.0
RDNT,Healthcare,Diagnostics & Research,6000046592,USD,6000046592.0
RDOR3.SA,Healthcare,Medical Care Facilities,95110635520,BRL,17669031843.3493
RDVT,Technology,Software - Application,754937600,USD,754937600.0
RDW,Industrials,Aerospace & Defense,1211786368,USD,1211786368.0
REA.AX,Communication Services,Internet Content & Information,28043200512,AUD,18238292544.69845
REAL,Consumer Cyclical,Luxury Goods,1372476032,USD,1372476032.0
REAX,Real Estate,Real Estate Services,781542016,USD,781542016.0
REC.MI,Healthcare,Drug Manufacturers - General,10474841088,EUR,12037279907.011276
RED.MC,Utilities,Utilities - Regulated Electric,8501163520,EUR,9769206421.92307
REFI,Real Estate,REIT - Mortgage,275656096,USD,275656096.0
REG,Real Estate,REIT - Retail,12599359488,USD,12599359488.0
REGN,Healthcare,Biotechnology,67500130304,USD,67500130304.0
REH.AX,Industrials,Industrial Distribution,7085747712,AUD,4608316358.686802
REL.L,Industrials,Specialty Business Services,61961011200,GBp,80873209549.94687
RELIANCE.NS,Energy,Oil & Gas Refining & Marketing,19957511356416,INR,225066084434.2786
RELL,Technology,Electronic Components,157249296,USD,157249296.0
RELY,Technology,Software - Infrastructure,3393940224,USD,3393940224.0
REN.AS,Industrials,Specialty Business Services,70418735104,EUR,80922471092.72125
RENE.LS,Utilities,Utilities - Diversified,2175656448,EUR,2500179757.0057726
RENT3.SA,Industrials,Rental & Leasing Services,41957711872,BRL,7794629308.144517
REP.MC,Energy,Oil & Gas Integrated,17670297600,EUR,20306018627.343357
REPL,Healthcare,Biotechnology,726309696,USD,726309696.0
REPX,Energy,Oil & Gas E&P,572216640,USD,572216640.0
RES,Energy,Oil & Gas Equipment & Services,1182279296,USD,1182279296.0
REVG,Industrials,Farm & Heavy Construction Machinery,2553537536,USD,2553537536.0
REX,Basic Materials,Chemicals,1066767936,USD,1066767936.0
REXR,Real Estate,REIT - Industrial,9858329600,USD,9858329600.0
REYN,Consumer Cyclical,Packaging & Containers,5155179008,USD,5155179008.0
REZI,Industrials,Industrial Distribution,6362611200,USD,6362611200.0
RF,Financial Services,Banks - Regional,21629554688,USD,21629554688.0
RGA,Financial Services,Insurance - Reinsurance,11998659584,USD,11998659584.0
RGCO,Utilities,Utilities - Regulated Gas,215803232,USD,215803232.0
RGEN,Healthcare,Medical Instruments & Supplies,8448206336,USD,8448206336.0
RGLD,Basic Materials,Gold,14741785600,USD,14741785600.0
RGNX,Healthcare,Biotechnology,605665408,USD,605665408.0
RGP,Industrials,Consulting Services,156267504,USD,156267504.0
RGR,Industrials,Aerospace & Defense,667815104,USD,667815104.0
RGTI,Technology,Computer Hardware,12681341952,USD,12681341952.0
RH,Consumer Cyclical,Specialty Retail,3187974144,USD,3187974144.0
RHC.AX,Healthcare,Medical Care Facilities,7360395264,AUD,4786937283.139338
RHI,Industrials,Staffing & Employment Services,2584665344,USD,2584665344.0
RHLD,Industrials,Specialty Business Services,1236013952,USD,1236013952.0
RHP,Real Estate,REIT - Hotel & Motel,5591227904,USD,5591227904.0
RICK,Consumer Cyclical,Restaurants,209378272,USD,209378272.0
RIG,Energy,Oil & Gas Drilling,4361707008,USD,4361707008.0
RIGL,Healthcare,Biotechnology,549779456,USD,549779456.0
RIO.AX,Basic Materials,Other Industrial Metals & Mining,210370674688,AUD,136817547132.09438
RIO.L,Basic Materials,Other Industrial Metals & Mining,87423123456,GBp,114107056128.35388
RIOT,Financial Services,Capital Markets,7703844864,USD,7703844864.0
RITM,Real Estate,REIT - Mortgage,6134957056,USD,6134957056.0
RIVN,Consumer Cyclical,Auto Manufacturers,16005193728,USD,16005193728.0
RJF,Financial Services,Asset Management,31474128896,USD,31474128896.0
RKLB,Industrials,Aerospace & Defense,29686147072,USD,29686147072.0
RKT,Financial Services,Mortgage Finance,47551139840,USD,47551139840.0
RKT.L,Consumer Defensive,Household & Personal Products,39348408320,GBp,51358620685.65196
RL,Consumer Cyclical,Apparel Manufacturing,19077869568,USD,19077869568.0
RLAY,Healthcare,Biotechnology,1196535168,USD,1196535168.0
RLGT,Industrials,Integrated Freight & Logistics,283400320,USD,283400320.0
RLI,Financial Services,Insurance - Property & Casualty,5387207168,USD,5387207168.0
RLJ,Real Estate,REIT - Hotel & Motel,1036459072,USD,1036459072.0
RM,Financial Services,Credit Services,392452576,USD,392452576.0
RMAX,Real Estate,Real Estate Services,420099264,USD,420099264.0
RMBI,Financial Services,Banks - Regional,128196688,USD,128196688.0
RMBS,Technology,Semiconductors,11385078784,USD,11385078784.0
RMD,Healthcare,Medical Instruments & Supplies,36338307072,USD,36338307072.0
RMD.AX,Healthcare,Medical Instruments & Supplies,55131471872,AUD,35855533393.59691
RMNI,Technology,Software - Application,357832800,USD,357832800.0
RMR,Real Estate,Real Estate Services,261480160,USD,261480160.0
RMS.AX,Basic Materials,Gold,6331203584,AUD,4117587900.6971493
RMV.L,Communication Services,Internet Content & Information,5171280896,GBp,6749697518.55575
RNA,Healthcare,Biotechnology,10254364672,USD,10254364672.0
RNAC,Healthcare,Biotechnology,211396608,USD,211396608.0
RNG,Technology,Software - Application,2710849024,USD,2710849024.0
RNGR,Energy,Oil & Gas Equipment & Services,302968800,USD,302968800.0
RNR,Financial Services,Insurance - Reinsurance,11803576320,USD,11803576320.0
RNST,Financial Services,Banks - Regional,3191751424,USD,3191751424.0
ROAD,Industrials,Engineering & Construction,6382213120,USD,6382213120.0
ROCK,Industrials,Building Products & Equipment,1816282880,USD,1816282880.0
ROG,Technology,Electronic Components,1489116672,USD,1489116672.0
ROIV,Healthcare,Biotechnology,13384481792,USD,13384481792.0
ROK,Industrials,Specialty Industrial Machinery,40986836992,USD,40986836992.0
ROKU,Communication Services,Entertainment,16050275328,USD,16050275328.0
ROL,Consumer Cyclical,Personal Services,28350785536,USD,28350785536.0
ROOT,Financial Services,Insurance - Property & Casualty,1247990144,USD,1247990144.0
ROP,Technology,Software - Application,48279695360,USD,48279695360.0
ROST,Consumer Cyclical,Apparel Retail,52426473472,USD,52426473472.0
ROVI.MC,Healthcare,Drug Manufacturers - Specialty & Generic,3085840640,EUR,3546128024.2871037
RPAY,Technology,Software - Infrastructure,396400032,USD,396400032.0
RPD,Technology,Software - Infrastructure,1209454336,USD,1209454336.0
RPM,Basic Materials,Specialty Chemicals,13886088192,USD,13886088192.0
RPRX,Healthcare,Biotechnology,21752399872,USD,21752399872.0
RPT,Real Estate,REIT - Mortgage,112208296,USD,112208296.0
RR,Industrials,Specialty Industrial Machinery,880616704,USD,880616704.0
RR.L,Industrials,Aerospace & Defense,94931288064,GBp,123906918298.42575
RRBI,Financial Services,Banks - Regional,426690368,USD,426690368.0
RRC,Energy,Oil & Gas E&P,8747669504,USD,8747669504.0
RRL.AX,Basic Materials,Gold,4915717632,AUD,3197006568.532869
RRR,Consumer Cyclical,Resorts & Casinos,5539826176,USD,5539826176.0
RRTL.DE,Communication Services,Broadcasting,5098075648,EUR,5858510219.538893
RRX,Industrials,Specialty Industrial Machinery,9092065280,USD,9092065280.0
RS,Basic Materials,Steel,14710414336,USD,14710414336.0
RSG,Industrials,Waste Management,63547211776,USD,63547211776.0
RSI,Consumer Cyclical,Gambling,3883958272,USD,3883958272.0
RSVR,Communication Services,Entertainment,483825600,USD,483825600.0
RTO.L,Industrials,Specialty Business Services,10602976256,GBp,13839295130.880613
RTX,Industrials,Aerospace & Defense,237370261504,USD,237370261504.0
RUM,Communication Services,Internet Content & Information,2107819136,USD,2107819136.0
RUN,Technology,Solar,4607729152,USD,4607729152.0
RUSHA,Consumer Cyclical,Auto & Truck Dealerships,3711245312,USD,3711245312.0
RUSHB,Consumer Cyclical,Auto & Truck Dealerships,3711985664,USD,3711985664.0
RVLV,Consumer Cyclical,Internet Retail,1518597376,USD,1518597376.0
RVMD,Healthcare,Biotechnology,11090746368,USD,11090746368.0
RVSB,Financial Services,Banks - Regional,108931560,USD,108931560.0
RVTY,Healthcare,Diagnostics & Research,10791267328,USD,10791267328.0
RWC.AX,Industrials,Building Products & Equipment,3096389120,AUD,2013780509.061939
RWT,Real Estate,REIT - Mortgage,650242880,USD,650242880.0
RXL.PA,Technology,Electronics & Computer Distribution,8660271104,EUR,9952046668.170855
RXO,Industrials,Trucking,2889455104,USD,2889455104.0
RXRX,Healthcare,Biotechnology,2374824192,USD,2374824192.0
RXST,Healthcare,Medical Devices,355150592,USD,355150592.0
RXT,Technology,Software - Infrastructure,375796256,USD,375796256.0
RY,Financial Services,Banks - Diversified,208495329280,USD,208495329280.0
RYAM,Basic Materials,Chemicals,448905888,USD,448905888.0
RYAN,Financial Services,Insurance - Specialty,14063678464,USD,14063678464.0
RYI,Industrials,Metal Fabrication,674786176,USD,674786176.0
RYM.NZ,Healthcare,Medical Care Facilities,2925299968,NZD,1657957343.8335233
RYN,Real Estate,REIT - Specialty,3395895552,USD,3395895552.0
RYTM,Healthcare,Biotechnology,7554620928,USD,7554620928.0
RZLT,Healthcare,Biotechnology,826535296,USD,826535296.0
RZLV,Technology,Software - Infrastructure,1323326848,USD,1323326848.0
S,Technology,Software - Infrastructure,5925645824,USD,5925645824.0
S32.AX,Basic Materials,Other Industrial Metals & Mining,14232744960,AUD,9256467220.404633
S58.SI,Industrials,Airports & Air Services,5137397248,SGD,3931641380.3190784
S63.SI,Industrials,Aerospace & Defense,26408951808,SGD,20210725923.444324
S68.SI,Financial Services,Financial Data & Stock Exchanges,18286843904,SGD,13994890552.096563
SAB.MC,Financial Services,Banks - Diversified,16296511488,EUR,18727317067.712715
SABR,Technology,Software - Infrastructure,792973888,USD,792973888.0
SAFE,Real Estate,REIT - Diversified,1039026240,USD,1039026240.0
SAFT,Financial Services,Insurance - Property & Casualty,1016229504,USD,1016229504.0
SAFX,Utilities,Utilities - Renewable,133324496,USD,133324496.0
SAH,Consumer Cyclical,Auto & Truck Dealerships,2155612928,USD,2155612928.0
SAIA,Industrials,Trucking,7581962240,USD,7581962240.0
SAIC,Technology,Information Technology Services,4206871296,USD,4206871296.0
SAIL,Technology,Software - Infrastructure,11962091520,USD,11962091520.0
SAM,Consumer Defensive,Beverages - Brewers,2185071872,USD,2185071872.0
SAMG,Financial Services,Asset Management,115563832,USD,115563832.0
SAN,Financial Services,Banks - Diversified,150619488256,USD,150619488256.0
SAN.MC,Financial Services,Banks - Diversified,128666017792,EUR,147857982538.47427
SAN.NZ,Consumer Defensive,Farm Products,575997760,NZD,326455312.846624
SANA,Healthcare,Biotechnology,1175634688,USD,1175634688.0
SANB11.SA,Financial Services,Banks - Regional,148740472832,BRL,27632032280.03664
SANM,Technology,Electronic Components,7639478272,USD,7639478272.0
SARO,Industrials,Aerospace & Defense,9519024128,USD,9519024128.0
SATL,Industrials,Aerospace & Defense,250529984,USD,250529984.0
SATS,Communication Services,Telecom Services,21685186560,USD,21685186560.0
SAX.DE,Communication Services,Advertising Agencies,2079561472,EUR,2389751148.681139
SB,Industrials,Marine Shipping,471695648,USD,471695648.0
SBAC,Real Estate,REIT - Specialty,20779986944,USD,20779986944.0
SBC,Industrials,Consulting Services,334400832,USD,334400832.0
SBCF,Financial Services,Banks - Regional,2976169472,USD,2976169472.0
SBFG,Financial Services,Banks - Regional,118083792,USD,118083792.0
SBGI,Communication Services,Broadcasting,951376256,USD,951376256.0
SBH,Consumer Cyclical,Specialty Retail,1412931584,USD,1412931584.0
SBILIFE.NS,Financial Services,Insurance - Life,1976562876416,INR,22290217416.816853
SBIN.NS,Financial Services,Banks - Regional,8839238778880,INR,99682411589.98982
SBM.AX,Basic Materials,Gold,629093824,AUD,409140076.4069478
SBMO.AS,Energy,Oil & Gas Equipment & Services,3752734976,EUR,4312497053.028633
SBRA,Real Estate,REIT - Healthcare Facilities,4289881856,USD,4289881856.0
SBRY.L,Consumer Defensive,Grocery Stores,7641588224,GBp,9974010329.482138
SBSI,Financial Services,Banks - Regional,859289856,USD,859289856.0
SBSP3.SA,Utilities,Utilities - Regulated Water,90735935488,BRL,16856328681.942549
SBUX,Consumer Cyclical,Restaurants,92043419648,USD,92043419648.0
SCB.BK,Financial Services,Banks - Regional,441091063808,THB,13547022529.935114
SCC.BK,Industrials,Conglomerates,234600005632,THB,7205159710.972968
SCCO,Basic Materials,Copper,112317997056,USD,112317997056.0
SCG.AX,Real Estate,REIT - Retail,21021132800,AUD,13671391375.720448
SCGP.BK,Consumer Cyclical,Packaging & Containers,76413976576,THB,2346866548.009697
SCHL,Communication Services,Publishing,716454592,USD,716454592.0
SCHW,Financial Services,Capital Markets,169087680512,USD,169087680512.0
SCI,Consumer Cyclical,Personal Services,11414968320,USD,11414968320.0
SCL,Basic Materials,Specialty Chemicals,961877184,USD,961877184.0
SCL.NZ,Consumer Defensive,Packaged Foods,874216960,NZD,495475487.912704
SCP.AX,Industrials,Consulting Services,14649573,AUD,9527557.23850368
SCS,Consumer Cyclical,"Furnishings, Fixtures & Appliances",1817506432,USD,1817506432.0
SCSC,Technology,Electronics & Computer Distribution,932998144,USD,932998144.0
SCVL,Consumer Cyclical,Apparel Retail,487783680,USD,487783680.0
SCYR.MC,Industrials,Engineering & Construction,3030243840,EUR,3482238344.4426236
SD,Energy,Oil & Gas E&P,442860064,USD,442860064.0
SDF.AX,Financial Services,Insurance Brokers,6322771968,AUD,4112104279.8398666
SDF.DE,Basic Materials,Agricultural Inputs,1984318592,EUR,2280301735.9331713
SDGR,Healthcare,Health Information Services,1512602752,USD,1512602752.0
SDR.L,Financial Services,Asset Management,5916992000,GBp,7723020083.9808
SDRL,Energy,Oil & Gas Drilling,1976278272,USD,1976278272.0
SEAT,Communication Services,Internet Content & Information,125443560,USD,125443560.0
SEB,Industrials,Conglomerates,3447158016,USD,3447158016.0
SEE,Consumer Cyclical,Packaging & Containers,4998284288,USD,4998284288.0
SEG,Real Estate,Real Estate Services,305569856,USD,305569856.0
SEI,Energy,Oil & Gas Equipment & Services,3647448064,USD,3647448064.0
SEIC,Financial Services,Asset Management,9902899200,USD,9902899200.0
SEK.AX,Communication Services,Internet Content & Information,9644945408,AUD,6272726818.519777
SEM,Healthcare,Medical Care Facilities,1661632128,USD,1661632128.0
SEM.LS,Basic Materials,Paper & Paper Products,1426187776,EUR,1638919513.4747136
SEMR,Technology,Software - Application,1090012160,USD,1090012160.0
SENEA,Consumer Defensive,Packaged Foods,726076288,USD,726076288.0
SEPN,Healthcare,Biotechnology,893931968,USD,893931968.0
SERV,Industrials,Specialty Industrial Machinery,794969408,USD,794969408.0
SEVN,Real Estate,REIT - Mortgage,142371072,USD,142371072.0
SEZL,Financial Services,Credit Services,2180563712,USD,2180563712.0
SF,Financial Services,Capital Markets,12145064960,USD,12145064960.0
SFBC,Financial Services,Banks - Regional,105551280,USD,105551280.0
SFBS,Financial Services,Banks - Regional,3863920640,USD,3863920640.0
SFD,Consumer Defensive,Packaged Foods,8628824064,USD,8628824064.0
SFIX,Consumer Cyclical,Apparel Retail,566214336,USD,566214336.0
SFL,Industrials,Marine Shipping,986241728,USD,986241728.0
SFM,Consumer Defensive,Grocery Stores,8161506304,USD,8161506304.0
SFNC,Financial Services,Banks - Regional,2509151232,USD,2509151232.0
SFR.AX,Basic Materials,Copper,7297382912,AUD,4745956307.761233
SFST,Financial Services,Banks - Regional,361224608,USD,361224608.0
SG,Consumer Cyclical,Restaurants,757738368,USD,757738368.0
SGC,Consumer Cyclical,Apparel Manufacturing,157607040,USD,157607040.0
SGE.L,Technology,Software - Application,11053970432,GBp,14427945086.636236
SGHC,Consumer Cyclical,Gambling,5339533312,USD,5339533312.0
SGHT,Healthcare,Medical Devices,267073536,USD,267073536.0
SGI,Consumer Cyclical,"Furnishings, Fixtures & Appliances",16681906176,USD,16681906176.0
SGM.AX,Basic Materials,Steel,3043216128,AUD,1979198700.7851725
SGP.AX,Real Estate,REIT - Diversified,15285147648,AUD,9940912210.567495
SGR.AX,Consumer Cyclical,Resorts & Casinos,255312608,AUD,166046169.83932927
SGRO.L,Real Estate,REIT - Industrial,9685442560,GBp,12641705010.438143
SGRY,Healthcare,Medical Care Facilities,2782144256,USD,2782144256.0
SHAK,Consumer Cyclical,Restaurants,3992643840,USD,3992643840.0
SHBI,Financial Services,Banks - Regional,524386016,USD,524386016.0
SHC,Healthcare,Diagnostics & Research,4718013952,USD,4718013952.0
SHEL.L,Energy,Oil & Gas Integrated,162226946048,GBp,211743055000.1713
SHELL.AS,Energy,Oil & Gas Integrated,184237801472,EUR,211718914601.14514
SHEN,Communication Services,Telecom Services,668110336,USD,668110336.0
SHL.AX,Healthcare,Diagnostics & Research,10383125504,AUD,6752812696.583536
SHLS,Technology,Solar,1730530432,USD,1730530432.0
SHO,Real Estate,REIT - Hotel & Motel,1713087360,USD,1713087360.0
SHOO,Consumer Cyclical,Footwear & Accessories,2382998528,USD,2382998528.0
SHOP,Technology,Software - Application,225276510208,USD,225276510208.0
SHRIRAMFIN.NS,Financial Services,Credit Services,1498302644224,INR,16896751474.206835
SHW,Basic Materials,Specialty Chemicals,85681922048,USD,85681922048.0
SIEB,Financial Services,Capital Markets,111578344,USD,111578344.0
SIGA,Healthcare,Drug Manufacturers - Specialty & Generic,587169216,USD,587169216.0
SIGI,Financial Services,Insurance - Property & Casualty,4471482368,USD,4471482368.0
SILA,Real Estate,REIT - Healthcare Facilities,1297948928,USD,1297948928.0
SION,Healthcare,Biotechnology,1591682176,USD,1591682176.0
SIRI,Communication Services,Entertainment,7367333888,USD,7367333888.0
SITC,Real Estate,REIT - Retail,384926112,USD,384926112.0
SITE,Industrials,Industrial Distribution,5554593792,USD,5554593792.0
SITM,Technology,Semiconductors,7495384576,USD,7495384576.0
SJM,Consumer Defensive,Packaged Foods,11056849920,USD,11056849920.0
SKC.NZ,Consumer Cyclical,Resorts & Casinos,810745536,NZD,459502112.6364864
SKIL,Consumer Defensive,Education & Training Services,112875224,USD,112875224.0
SKIN,Consumer Defensive,Household & Personal Products,173750800,USD,173750800.0
SKL.NZ,Industrials,Specialty Industrial Machinery,1090157952,NZD,617863262.6494849
SKO.NZ,Technology,Software - Infrastructure,329891904,NZD,186971151.9813696
SKT,Real Estate,REIT - Retail,3709843968,USD,3709843968.0
SKT.NZ,Communication Services,Entertainment,494253312,NZD,280125428.9503488
SKWD,Financial Services,Insurance - Property & Casualty,1822741120,USD,1822741120.0
SKY,Consumer Cyclical,Residential Construction,3764107008,USD,3764107008.0
SKYH,Real Estate,Real Estate - Development,750879744,USD,750879744.0
SKYT,Technology,Semiconductors,774185344,USD,774185344.0
SKYW,Industrials,Airlines,4032447232,USD,4032447232.0
SKYX,Industrials,Electrical Equipment & Parts,185862544,USD,185862544.0
SLAB,Technology,Semiconductors,4199046912,USD,4199046912.0
SLB,Energy,Oil & Gas Equipment & Services,55305052160,USD,55305052160.0
SLDB,Healthcare,Biotechnology,404919168,USD,404919168.0
SLDE,Financial Services,Insurance - Property & Casualty,2023018752,USD,2023018752.0
SLDP,Consumer Cyclical,Auto Parts,1163845760,USD,1163845760.0
SLG,Real Estate,REIT - Office,3824891904,USD,3824891904.0
SLGN,Consumer Cyclical,Packaging & Containers,4156685056,USD,4156685056.0
SLM,Financial Services,Credit Services,5532803584,USD,5532803584.0
SLND,Industrials,Engineering & Construction,244590928,USD,244590928.0
SLNO,Healthcare,Biotechnology,3488969984,USD,3488969984.0
SLP,Healthcare,Health Information Services,340953248,USD,340953248.0
SLQT,Financial Services,Insurance Brokers,362322784,USD,362322784.0
SLR.MC,Utilities,Utilities - Renewable,1871764096,EUR,2150958487.4998655
SLS,Healthcare,Biotechnology,263921600,USD,263921600.0
SLSN,Consumer Defensive,Household & Personal Products,227656688,USD,227656688.0
SLVM,Basic Materials,Paper & Paper Products,1584219136,USD,1584219136.0
SM,Energy,Oil & Gas E&P,2216623616,USD,2216623616.0
SMA,Real Estate,REIT - Industrial,1909372288,USD,1909372288.0
SMBC,Financial Services,Banks - Regional,605010368,USD,605010368.0
SMBK,Financial Services,Banks - Regional,597853120,USD,597853120.0
SMC,Energy,Oil & Gas Midstream,268831328,USD,268831328.0
SMCI,Technology,Computer Hardware,30159368192,USD,30159368192.0
SMG,Basic Materials,Agricultural Inputs,3117883136,USD,3117883136.0
SMHI,Industrials,Marine Shipping,189643120,USD,189643120.0
SMID,Basic Materials,Building Materials,194360768,USD,194360768.0
SMIN.L,Industrials,Specialty Industrial Machinery,8199174144,GBp,10701786750.120344
SMLR,Healthcare,Medical Devices,384763168,USD,384763168.0
SMMT,Healthcare,Biotechnology,13563743232,USD,13563743232.0
SMP,Consumer Cyclical,Auto Parts,817049920,USD,817049920.0
SMPL,Consumer Defensive,Packaged Foods,1980181120,USD,1980181120.0
SMR,Industrials,Specialty Industrial Machinery,5466866688,USD,5466866688.0
SMT.L,Financial Services,Asset Management,12705184768,GBp,16583155281.256243
SMTC,Technology,Semiconductors,5835550208,USD,5835550208.0
SMTI,Healthcare,Medical Instruments & Supplies,258079152,USD,258079152.0
SN,Consumer Cyclical,"Furnishings, Fixtures & Appliances",12039058432,USD,12039058432.0
SN.L,Healthcare,Medical Devices,11944024064,GBp,15589667474.592154
SNA,Industrials,Tools & Accessories,17567113216,USD,17567113216.0
SNBR,Consumer Cyclical,"Furnishings, Fixtures & Appliances",116359816,USD,116359816.0
SNCR,Technology,Software - Infrastructure,64064768,USD,64064768.0
SNCY,Industrials,Airlines,656824320,USD,656824320.0
SNDA,Healthcare,Medical Care Facilities,482248032,USD,482248032.0
SNDK,Technology,Computer Hardware,30307207168,USD,30307207168.0
SNDR,Industrials,Trucking,3747905280,USD,3747905280.0
SNDX,Healthcare,Biotechnology,1185312128,USD,1185312128.0
SNEX,Financial Services,Capital Markets,4522950656,USD,4522950656.0
SNFCA,Financial Services,Mortgage Finance,220981024,USD,220981024.0
SNOW,Technology,Software - Application,93895041024,USD,93895041024.0
SNPS,Technology,Software - Infrastructure,82791899136,USD,82791899136.0
SNV,Financial Services,Banks - Regional,6207719936,USD,6207719936.0
SNWV,Healthcare,Medical Devices,234934704,USD,234934704.0
SNX,Technology,Electronics & Computer Distribution,12486052864,USD,12486052864.0
SO,Utilities,Utilities - Regulated Electric,102567919616,USD,102567919616.0
SOC,Energy,Oil & Gas Drilling,723417664,USD,723417664.0
SOFI,Financial Services,Credit Services,36895965184,USD,36895965184.0
SOI.PA,Technology,Semiconductor Equipment & Materials,1416679680,EUR,1627993179.4164479
SOL.AX,Financial Services,Capital Markets,14212795392,AUD,9243492736.36995
SOLS,Technology,Semiconductor Equipment & Materials,6985346560,USD,6985346560.0
SOLV,Healthcare,Medical Instruments & Supplies,11811176448,USD,11811176448.0
SON,Consumer Cyclical,Packaging & Containers,3934470912,USD,3934470912.0
SON.LS,Consumer Defensive,Grocery Stores,2702038528,EUR,3105077567.0788608
SONO,Technology,Consumer Electronics,2031997440,USD,2031997440.0
SOUN,Technology,Software - Application,6975513088,USD,6975513088.0
SPB,Consumer Defensive,Household & Personal Products,1304275072,USD,1304275072.0
SPFI,Financial Services,Banks - Regional,591583808,USD,591583808.0
SPG,Real Estate,REIT - Retail,66641162240,USD,66641162240.0
SPG.NZ,Real Estate,Real Estate Services,822409152,NZD,466112640.79236484
SPGI,Financial Services,Financial Data & Stock Exchanges,150497656832,USD,150497656832.0
SPHR,Communication Services,Entertainment,2388201216,USD,2388201216.0
SPIR,Industrials,Specialty Business Services,346815520,USD,346815520.0
SPK.NZ,Communication Services,Telecom Services,4535875072,NZD,2570774781.594573
SPM.MI,Energy,Oil & Gas Equipment & Services,4409757696,EUR,5067522004.668825
SPNS,Technology,Software - Application,2408758528,USD,2408758528.0
SPNT,Financial Services,Insurance - Reinsurance,2205460224,USD,2205460224.0
SPOK,Healthcare,Health Information Services,286520512,USD,286520512.0
SPOT,Communication Services,Internet Content & Information,132539400192,USD,132539400192.0
SPR,Industrials,Aerospace & Defense,4288422400,USD,4288422400.0
SPRY,Healthcare,Biotechnology,851883008,USD,851883008.0
SPSC,Technology,Software - Application,3112131584,USD,3112131584.0
SPT,Technology,Software - Application,611089920,USD,611089920.0
SPWR,Technology,Solar,151273568,USD,151273568.0
SPX.L,Industrials,Specialty Industrial Machinery,5221914624,GBp,6815786047.705497
SPXC,Industrials,Building Products & Equipment,10721126400,USD,10721126400.0
SR,Utilities,Utilities - Regulated Gas,5183582720,USD,5183582720.0
SRBK,Financial Services,Banks - Regional,115319824,USD,115319824.0
SRCE,Financial Services,Banks - Regional,1462905728,USD,1462905728.0
SRDX,Healthcare,Medical Devices,404908672,USD,404908672.0
SRE,Utilities,Utilities - Diversified,60405899264,USD,60405899264.0
SRG.MI,Utilities,Utilities - Regulated Gas,18133866496,EUR,20838733969.796505
SRPT,Healthcare,Biotechnology,2559228928,USD,2559228928.0
SRRK,Healthcare,Biotechnology,2766542848,USD,2766542848.0
SRTA,Industrials,Airports & Air Services,434164064,USD,434164064.0
SSB,Financial Services,Banks - Regional,8930789376,USD,8930789376.0
SSD,Basic Materials,Lumber & Wood Production,7230589440,USD,7230589440.0
SSE.L,Utilities,Utilities - Diversified,21127655424,GBp,27576394757.163418
SSNC,Technology,Software - Application,20681322496,USD,20681322496.0
SSP,Communication Services,Broadcasting,207582864,USD,207582864.0
SSRM,Basic Materials,Gold,4653428736,USD,4653428736.0
SSTI,Technology,Software - Application,121900616,USD,121900616.0
SSTK,Communication Services,Internet Content & Information,802424832,USD,802424832.0
ST,Technology,Scientific & Technical Instruments,4635689472,USD,4635689472.0
STAA,Healthcare,Medical Instruments & Supplies,1246980736,USD,1246980736.0
STAG,Real Estate,REIT - Industrial,7353390080,USD,7353390080.0
STAN.L,Financial Services,Banks - Diversified,35983994880,GBp,46967296078.83571
STBA,Financial Services,Banks - Regional,1419735552,USD,1419735552.0
STC,Financial Services,Insurance - Property & Casualty,1923012480,USD,1923012480.0
STE,Healthcare,Medical Devices,23373791232,USD,23373791232.0
STEL,Financial Services,Banks - Regional,1522828032,USD,1522828032.0
STEP,Financial Services,Asset Management,7489690624,USD,7489690624.0
STGW,Communication Services,Advertising Agencies,1228839168,USD,1228839168.0
STIM,Healthcare,Medical Devices,183165744,USD,183165744.0
STJ.L,Financial Services,Asset Management,6758881280,GBp,8821877040.00307
STKL,Consumer Defensive,Beverages - Non-Alcoholic,620576384,USD,620576384.0
STLAM.MI,Consumer Cyclical,Auto Manufacturers,24918134784,EUR,28634951178.3297
STLD,Basic Materials,Steel,22777057280,USD,22777057280.0
STM.DE,Industrials,Specialty Industrial Machinery,538498048,EUR,618821009.1875328
STMMI.MI,Technology,Semiconductors,18602799104,EUR,21377613081.431652
STNE,Technology,Software - Infrastructure,5088314368,USD,5088314368.0
STNG,Energy,Oil & Gas Midstream,3189623296,USD,3189623296.0
STO.AX,Energy,Oil & Gas E&P,20590880768,AUD,13391570874.340475
STOK,Healthcare,Biotechnology,1430212608,USD,1430212608.0
STRA,Consumer Defensive,Education & Training Services,1783926400,USD,1783926400.0
STRL,Industrials,Engineering & Construction,12060044288,USD,12060044288.0
STRS,Real Estate,Real Estate - Diversified,149537744,USD,149537744.0
STRT,Consumer Cyclical,Auto Parts,284096192,USD,284096192.0
STRW,Real Estate,REIT - Healthcare Facilities,640389824,USD,640389824.0
STRZ,Communication Services,Entertainment,179425008,USD,179425008.0
STT,Financial Services,Asset Management,32592969728,USD,32592969728.0
STWD,Real Estate,REIT - Mortgage,6830272512,USD,6830272512.0
STX,Technology,Computer Hardware,56710352896,USD,56710352896.0
STXS,Healthcare,Medical Instruments & Supplies,253167552,USD,253167552.0
STZ,Consumer Defensive,Beverages - Brewers,22902353920,USD,22902353920.0
SUI,Real Estate,REIT - Residential,16019710976,USD,16019710976.0
SUL.AX,Consumer Cyclical,Specialty Retail,3613223936,AUD,2349911350.0285335
SUM.NZ,Healthcare,Medical Care Facilities,2857312000,NZD,1619424149.9488
SUN.AX,Financial Services,Insurance - Property & Casualty,21006245888,AUD,13661709461.702574
SUNPHARMA.NS,Healthcare,Drug Manufacturers - Specialty & Generic,4054875897856,INR,45727897877.607346
SUNS,Real Estate,REIT - Mortgage,127767792,USD,127767792.0
SUPN,Healthcare,Drug Manufacturers - Specialty & Generic,3123271168,USD,3123271168.0
SUZB3.SA,Basic Materials,Paper & Paper Products,60720197632,BRL,11280201205.980446
SVC,Real Estate,REIT - Hotel & Motel,347070528,USD,347070528.0
SVCO,Technology,Software - Application,175000944,USD,175000944.0
SVRA,Healthcare,Biotechnology,859563008,USD,859563008.0
SVT.L,Utilities,Utilities - Regulated Water,8411728384,GBp,10979218368.15452
SVV,Consumer Cyclical,Specialty Retail,1340431616,USD,1340431616.0
SW,Consumer Cyclical,Packaging & Containers,19095814144,USD,19095814144.0
SW.PA,Industrials,Specialty Business Services,6949091328,EUR,7985625434.484941
SWBI,Industrials,Aerospace & Defense,409274624,USD,409274624.0
SWIM,Industrials,Building Products & Equipment,847260736,USD,847260736.0
SWK,Industrials,Tools & Accessories,10272013312,USD,10272013312.0
SWKH,Financial Services,Asset Management,196301840,USD,196301840.0
SWKS,Technology,Semiconductors,11379948544,USD,11379948544.0
SWX,Utilities,Utilities - Regulated Gas,5828163584,USD,5828163584.0
SXC,Basic Materials,Coking Coal,697643776,USD,697643776.0
SXI,Industrials,Specialty Industrial Machinery,2842042112,USD,2842042112.0
SXT,Basic Materials,Specialty Chemicals,3903062784,USD,3903062784.0
SYBT,Financial Services,Banks - Regional,1941113600,USD,1941113600.0
SYDB.CO,Financial Services,Banks - Regional,27138496512,DKK,4176946245.6241765
SYF,Financial Services,Credit Services,26656264192,USD,26656264192.0
SYK,Healthcare,Medical Devices,136968855552,USD,136968855552.0
SYNA,Technology,Semiconductors,2773346048,USD,2773346048.0
SYRE,Healthcare,Biotechnology,1842844288,USD,1842844288.0
SYY,Consumer Defensive,Food Distribution,34908971008,USD,34908971008.0
T,Communication Services,Telecom Services,173904199680,USD,173904199680.0
TAEE11.SA,Utilities,Utilities - Regulated Electric,13363112960,BRL,2482511730.950042
TAH.AX,Consumer Cyclical,Gambling,2403023104,AUD,1562840102.4935524
TALK,Healthcare,Health Information Services,549292160,USD,549292160.0
TALO,Energy,Oil & Gas E&P,1723874560,USD,1723874560.0
TAP,Consumer Defensive,Beverages - Brewers,8547762688,USD,8547762688.0
TARA,Healthcare,Biotechnology,197539136,USD,197539136.0
TARS,Healthcare,Biotechnology,2946122240,USD,2946122240.0
TATACONSUM.NS,Consumer Defensive,Packaged Foods,1166969667584,INR,13160222687.397675
TATAMOTORS.NS,Consumer Cyclical,Auto Manufacturers,1494474162176,INR,16853576679.089241
TATASTEEL.NS,Basic Materials,Steel,2238158471168,INR,25240299476.88098
TBBK,Financial Services,Banks - Regional,2802202368,USD,2802202368.0
TBCH,Technology,Consumer Electronics,329384352,USD,329384352.0
TBI,Industrials,Staffing & Employment Services,139936064,USD,139936064.0
TBPH,Healthcare,Biotechnology,766498944,USD,766498944.0
TBRG,Healthcare,Health Information Services,288223552,USD,288223552.0
TCAP.BK,Financial Services,Credit Services,53478850560,THB,1642470802.1895168
TCBI,Financial Services,Banks - Regional,3893853952,USD,3893853952.0
TCBK,Financial Services,Banks - Regional,1459558912,USD,1459558912.0
TCBX,Financial Services,Banks - Regional,506031936,USD,506031936.0
TCI,Real Estate,Real Estate Services,382721696,USD,382721696.0
TCL.AX,Industrials,Infrastructure Operations,45007167488,AUD,29271048677.312428
TCMD,Healthcare,Medical Devices,351547136,USD,351547136.0
TCS.NS,Technology,Information Technology Services,10966556213248,INR,123672727654.52556
TCX,Technology,Software - Infrastructure,208938816,USD,208938816.0
TDC,Technology,Software - Infrastructure,2040254976,USD,2040254976.0
TDG,Industrials,Aerospace & Defense,73255370752,USD,73255370752.0
TDOC,Healthcare,Health Information Services,1444633600,USD,1444633600.0
TDS,Communication Services,Telecom Services,4552849920,USD,4552849920.0
TDUP,Consumer Cyclical,Internet Retail,1046867456,USD,1046867456.0
TDW,Energy,Oil & Gas Equipment & Services,2567168000,USD,2567168000.0
TDY,Technology,Scientific & Technical Instruments,24335636480,USD,24335636480.0
TE,Industrials,Electrical Equipment & Parts,652744320,USD,652744320.0
TEAD,Communication Services,Internet Content & Information,136759264,USD,136759264.0
TEAM,Technology,Software - Application,46328602624,USD,46328602624.0
TECH,Healthcare,Biotechnology,9537779712,USD,9537779712.0
TECHM.NS,Technology,Information Technology Services,1252071178240,INR,14119934719.661179
TECX,Healthcare,Biotechnology,327649376,USD,327649376.0
TEF.MC,Communication Services,Telecom Services,21840666624,EUR,25098444482.369125
TEG.DE,Real Estate,Real Estate - Diversified,2571945728,EUR,2955579981.9287806
TEL,Technology,Electronic Components,72717565952,USD,72717565952.0
TEM,Healthcare,Health Information Services,15411371008,USD,15411371008.0
TEN.MI,Energy,Oil & Gas Equipment & Services,18098247680,EUR,20797802212.021248
TENB,Technology,Software - Infrastructure,3483386624,USD,3483386624.0
TER,Technology,Semiconductor Equipment & Materials,28670283776,USD,28670283776.0
TERN,Healthcare,Biotechnology,1227779968,USD,1227779968.0
TEX,Industrials,Farm & Heavy Construction Machinery,3021506560,USD,3021506560.0
TFC,Financial Services,Banks - Regional,56568274944,USD,56568274944.0
TFIN,Financial Services,Banks - Regional,1299858048,USD,1299858048.0
TFSL,Financial Services,Banks - Regional,3833928960,USD,3833928960.0
TFX,Healthcare,Medical Instruments & Supplies,5429087232,USD,5429087232.0
TG,Industrials,Metal Fabrication,228465584,USD,228465584.0
TGLS,Basic Materials,Building Materials,2756265984,USD,2756265984.0
TGNA,Communication Services,Broadcasting,3175920128,USD,3175920128.0
TGT,Consumer Defensive,Discount Stores,41554800640,USD,41554800640.0
TGTX,Healthcare,Biotechnology,5345444352,USD,5345444352.0
TH,Industrials,Specialty Business Services,776279104,USD,776279104.0
THC,Healthcare,Medical Care Facilities,17699160064,USD,17699160064.0
THFF,Financial Services,Banks - Regional,635076096,USD,635076096.0
THG,Financial Services,Insurance - Property & Casualty,6075961856,USD,6075961856.0
THL.NZ,Consumer Cyclical,Recreational Vehicles,559378112,NZD,317035879.7098688
THO,Consumer Cyclical,Recreational Vehicles,5489643520,USD,5489643520.0
THR,Industrials,Specialty Industrial Machinery,964176064,USD,964176064.0
THRM,Consumer Cyclical,Auto Parts,1144692992,USD,1144692992.0
THRY,Communication Services,Internet Content & Information,306345568,USD,306345568.0
THS,Consumer Defensive,Packaged Foods,947380032,USD,947380032.0
TIC,Industrials,Specialty Business Services,2685301760,USD,2685301760.0
TIDLOR.BK,Financial Services,Credit Services,61683298304,THB,1894450149.660549
TIGO,Communication Services,Telecom Services,7752233472,USD,7752233472.0
TILE,Consumer Cyclical,"Furnishings, Fixtures & Appliances",1509812480,USD,1509812480.0
TIMS3.SA,Communication Services,Telecom Services,59064860672,BRL,10972683531.455366
TIPT,Financial Services,Insurance - Specialty,692174336,USD,692174336.0
TISCO.BK,Financial Services,Banks - Regional,86469730304,THB,2655704186.0535088
TIT.MI,Communication Services,Telecom Services,11061875712,EUR,12711877261.265202
TITAN.NS,Consumer Cyclical,Luxury Goods,3402910138368,INR,38375509192.832184
TITN,Industrials,Industrial Distribution,391263616,USD,391263616.0
TJX,Consumer Cyclical,Apparel Retail,156267741184,USD,156267741184.0
TK,Energy,Oil & Gas Midstream,821993472,USD,821993472.0
TKA.DE,Industrials,Conglomerates,5757173248,EUR,6615919542.562252
TKNO,Healthcare,Drug Manufacturers - Specialty & Generic,271857056,USD,271857056.0
TKO,Communication Services,Entertainment,15417915392,USD,15417915392.0
TKR,Industrials,Tools & Accessories,5429652480,USD,5429652480.0
TLC.AX,Consumer Cyclical,Gambling,12151731200,AUD,7903050454.433791
TLI.BK,Financial Services,Insurance - Life,114500001792,THB,3516584740.036854
TLN,Utilities,Utilities - Independent Power Producers,18892705792,USD,18892705792.0
TLS,Technology,Software - Infrastructure,496561536,USD,496561536.0
TLS.AX,Communication Services,Telecom Services,55162408960,AUD,35875653766.84687
TLSI,Healthcare,Medical Devices,234874896,USD,234874896.0
TLX.AX,Healthcare,Biotechnology,5361943040,AUD,3487215581.1774464
TLX.DE,Financial Services,Insurance - Diversified,27139866624,EUR,31188078983.489124
TMCI,Healthcare,Medical Devices,416310912,USD,416310912.0
TMDX,Healthcare,Medical Devices,4262221824,USD,4262221824.0
TMHC,Consumer Cyclical,Residential Construction,5714960384,USD,5714960384.0
TMO,Healthcare,Diagnostics & Research,212229980160,USD,212229980160.0
TMP,Financial Services,Banks - Regional,936340352,USD,936340352.0
TMUS,Communication Services,Telecom Services,227414769664,USD,227414769664.0
TMV.DE,Technology,Software - Application,962987456,EUR,1106627724.2231615
TNC,Industrials,Specialty Industrial Machinery,1470512000,USD,1470512000.0
TNDM,Healthcare,Medical Devices,970297600,USD,970297600.0
TNE.AX,Technology,Software - Application,12063529984,AUD,7845687544.678973
TNET,Industrials,Staffing & Employment Services,2882782208,USD,2882782208.0
TNGX,Healthcare,Biotechnology,1059591552,USD,1059591552.0
TNK,Energy,Oil & Gas Midstream,2093406592,USD,2093406592.0
TNL,Consumer Cyclical,Travel Services,4071994368,USD,4071994368.0
TNXP,Healthcare,Biotechnology,215222832,USD,215222832.0
TOI,Healthcare,Medical Care Facilities,419836384,USD,419836384.0
TOL,Consumer Cyclical,Residential Construction,12848817152,USD,12848817152.0
TOP.BK,Energy,Oil & Gas Refining & Marketing,80418078720,THB,2469842655.2303615
TOST,Technology,Software - Infrastructure,20824760320,USD,20824760320.0
TOTS3.SA,Technology,Software - Application,25503076352,BRL,4737794734.555218
TOWN,Financial Services,Banks - Regional,2571488000,USD,2571488000.0
TPB,Consumer Defensive,Tobacco,1687838464,USD,1687838464.0
TPC,Industrials,Engineering & Construction,3597616896,USD,3597616896.0
TPG,Financial Services,Asset Management,20711124992,USD,20711124992.0
TPG.AX,Communication Services,Telecom Services,10151294976,AUD,6602038429.97846
TPH,Consumer Cyclical,Residential Construction,2680889600,USD,2680889600.0
TPL,Energy,Oil & Gas E&P,21248141312,USD,21248141312.0
TPR,Consumer Cyclical,Luxury Goods,22010896384,USD,22010896384.0
TR,Consumer Defensive,Confectioners,1541232000,USD,1541232000.0
TRA.NZ,Consumer Cyclical,Auto & Truck Dealerships,671506560,NZD,380586348.327744
TRAK,Technology,Software - Application,274624256,USD,274624256.0
TRC,Industrials,Conglomerates,421966144,USD,421966144.0
TRDA,Healthcare,Biotechnology,257891408,USD,257891408.0
TREE,Financial Services,Financial Conglomerates,898711552,USD,898711552.0
TRENT.NS,Consumer Cyclical,Apparel Retail,1656784814080,INR,18683996426.00145
TREX,Industrials,Building Products & Equipment,5140813312,USD,5140813312.0
TRGP,Energy,Oil & Gas Midstream,33589295104,USD,33589295104.0
TRI,Industrials,Specialty Business Services,70390210560,USD,70390210560.0
TRIP,Consumer Cyclical,Travel Services,1788457216,USD,1788457216.0
TRMB,Technology,Scientific & Technical Instruments,18935199744,USD,18935199744.0
TRMK,Financial Services,Banks - Regional,2257106176,USD,2257106176.0
TRN,Industrials,Railroads,2136008960,USD,2136008960.0
TRN.MI,Utilities,Utilities - Regulated Electric,17911097344,EUR,20582736326.038116
TRNO,Real Estate,REIT - Industrial,5967733248,USD,5967733248.0
TRNS,Industrials,Specialty Business Services,658113408,USD,658113408.0
TROW,Financial Services,Asset Management,22196883456,USD,22196883456.0
TROX,Basic Materials,Chemicals,524716544,USD,524716544.0
TRS,Consumer Cyclical,Packaging & Containers,1468121600,USD,1468121600.0
TRST,Financial Services,Banks - Regional,711174848,USD,711174848.0
TRTX,Real Estate,REIT - Mortgage,684786752,USD,684786752.0
TRU,Financial Services,Financial Data & Stock Exchanges,15846719488,USD,15846719488.0
TRUE,Communication Services,Internet Content & Information,194579040,USD,194579040.0
TRUE.BK,Communication Services,Telecom Services,386983493632,THB,11885242157.677608
TRUP,Financial Services,Insurance - Property & Casualty,1704738944,USD,1704738944.0
TRV,Financial Services,Insurance - Property & Casualty,59705155584,USD,59705155584.0
TRVI,Healthcare,Biotechnology,1303012352,USD,1303012352.0
TRYG.CO,Financial Services,Insurance - Diversified,96431800320,DKK,14842032465.84791
TSBK,Financial Services,Banks - Regional,256016592,USD,256016592.0
TSCO,Consumer Cyclical,Specialty Retail,27817164800,USD,27817164800.0
TSCO.L,Consumer Defensive,Grocery Stores,29692833792,GBp,38755900248.9643
TSE,Basic Materials,Specialty Chemicals,53209812,USD,53209812.0
TSHA,Healthcare,Biotechnology,1216665216,USD,1216665216.0
TSLA,Consumer Cyclical,Auto Manufacturers,1557713911808,USD,1557713911808.0
TSM,Technology,Semiconductors,1581163347968,USD,1581163347968.0
TSN,Consumer Defensive,Farm Products,18368372736,USD,18368372736.0
TSSI,Technology,Information Technology Services,556403008,USD,556403008.0
TT,Industrials,Building Products & Equipment,98964332544,USD,98964332544.0
TTAM,Basic Materials,Building Materials,2780185856,USD,2780185856.0
TTB.BK,Financial Services,Banks - Regional,174585004032,THB,5361947173.88292
TTC,Industrials,Tools & Accessories,7262349824,USD,7262349824.0
TTD,Communication Services,Advertising Agencies,24016873472,USD,24016873472.0
TTEC,Technology,Information Technology Services,153629280,USD,153629280.0
TTEK,Industrials,Engineering & Construction,8371960832,USD,8371960832.0
TTGT,Technology,Information Technology Services,379606592,USD,379606592.0
TTI,Industrials,Conglomerates,958963904,USD,958963904.0
TTMI,Technology,Electronic Components,7219718144,USD,7219718144.0
TTSH,Consumer Cyclical,Home Improvement Retail,279311360,USD,279311360.0
TTWO,Communication Services,Electronic Gaming & Multimedia,47159808000,USD,47159808000.0
TU.BK,Consumer Defensive,Packaged Foods,51658256384,THB,1586555748.9412913
TUI1.DE,Consumer Cyclical,Travel Services,3650690816,EUR,4195231873.8744574
TUSK,Industrials,Conglomerates,103617184,USD,103617184.0
TVGN,Healthcare,Biotechnology,115682256,USD,115682256.0
TVRD,Healthcare,Biotechnology,42292224,USD,42292224.0
TVTX,Healthcare,Biotechnology,3089479424,USD,3089479424.0
TW,Financial Services,Capital Markets,23012329472,USD,23012329472.0
TWE.AX,Consumer Defensive,Beverages - Wineries & Distilleries,4779166208,AUD,3108198416.3663054
TWEKA.AS,Technology,Communication Equipment,1616426752,EUR,1857534744.397747
TWI,Industrials,Farm & Heavy Construction Machinery,495827296,USD,495827296.0
TWLO,Technology,Software - Infrastructure,20634505216,USD,20634505216.0
TWO,Real Estate,REIT - Mortgage,1004062080,USD,1004062080.0
TWST,Healthcare,Diagnostics & Research,1905594368,USD,1905594368.0
TXG,Healthcare,Health Information Services,1705517568,USD,1705517568.0
TXN,Technology,Semiconductors,146706284544,USD,146706284544.0
TXNM,Utilities,Utilities - Regulated Electric,6197625344,USD,6197625344.0
TXRH,Consumer Cyclical,Restaurants,10701206528,USD,10701206528.0
TXT,Industrials,Aerospace & Defense,14094401536,USD,14094401536.0
TYL,Technology,Software - Application,20204128256,USD,20204128256.0
TYR.AX,Technology,Software - Infrastructure,566192576,AUD,368231359.0884761
TYRA,Healthcare,Biotechnology,822374912,USD,822374912.0
TZOO,Communication Services,Internet Content & Information,88286752,USD,88286752.0
U,Technology,Software - Application,15865546752,USD,15865546752.0
U11.SI,Financial Services,Banks - Regional,57973444608,SGD,44366978603.64657
U14.SI,Real Estate,Real Estate - Development,6785068544,SGD,5192601422.106675
U96.SI,Industrials,Conglomerates,11304695808,SGD,8651464483.879526
UA,Consumer Cyclical,Apparel Manufacturing,1922712192,USD,1922712192.0
UAA,Consumer Cyclical,Apparel Manufacturing,1922712320,USD,1922712320.0
UAL,Industrials,Airlines,31114457088,USD,31114457088.0
UAMY,Basic Materials,Other Industrial Metals & Mining,977704064,USD,977704064.0
UBER,Technology,Software - Application,207957950464,USD,207957950464.0
UBFO,Financial Services,Banks - Regional,160826032,USD,160826032.0
UBI.PA,Communication Services,Electronic Gaming & Multimedia,1018193216,EUR,1170068036.1110976
UBSI,Financial Services,Banks - Regional,5083540480,USD,5083540480.0
UCB,Financial Services,Banks - Regional,3566378752,USD,3566378752.0
UCG.MI,Financial Services,Banks - Regional,97370562560,EUR,111894462779.0684
UCTT,Technology,Semiconductor Equipment & Materials,1294893696,USD,1294893696.0
UDMY,Consumer Defensive,Education & Training Services,810927296,USD,810927296.0
UDR,Real Estate,REIT - Residential,12721565696,USD,12721565696.0
UE,Real Estate,REIT - Retail,2572250112,USD,2572250112.0
UEC,Energy,Uranium,6764059648,USD,6764059648.0
UFCS,Financial Services,Insurance - Property & Casualty,778271168,USD,778271168.0
UFPI,Basic Materials,Lumber & Wood Production,5434353152,USD,5434353152.0
UFPT,Healthcare,Medical Devices,1534899712,USD,1534899712.0
UGI,Utilities,Utilities - Regulated Gas,7195662336,USD,7195662336.0
UGPA3.SA,Energy,Oil & Gas Refining & Marketing,22957248512,BRL,4264847488.1540914
UHAL,Industrials,Rental & Leasing Services,9176251392,USD,9176251392.0
UHS,Healthcare,Medical Care Facilities,14045058048,USD,14045058048.0
UHT,Real Estate,REIT - Healthcare Facilities,530248352,USD,530248352.0
UI,Technology,Communication Equipment,46838226944,USD,46838226944.0
UIS,Technology,Information Technology Services,247386800,USD,247386800.0
ULCC,Industrials,Airlines,844175168,USD,844175168.0
ULH,Industrials,Trucking,422326624,USD,422326624.0
ULTA,Consumer Cyclical,Specialty Retail,23200714752,USD,23200714752.0
ULTRACEMCO.NS,Basic Materials,Building Materials,3475835191296,INR,39197904121.06511
ULVR.L,Consumer Defensive,Household & Personal Products,112762290176,GBp,147180430824.466
UMBF,Financial Services,Banks - Regional,8150693888,USD,8150693888.0
UMG.AS,Communication Services,Entertainment,42311905280,EUR,48623195614.66061
UMH,Real Estate,REIT - Residential,1246757376,USD,1246757376.0
UNA.AS,Consumer Defensive,Household & Personal Products,128969261056,EUR,148206457901.3001
UNB,Financial Services,Banks - Regional,103724976,USD,103724976.0
UNF,Industrials,Specialty Business Services,2821892096,USD,2821892096.0
UNFI,Consumer Defensive,Food Distribution,2172573696,USD,2172573696.0
UNH,Healthcare,Healthcare Plans,302359871488,USD,302359871488.0
UNI.MC,Financial Services,Banks - Regional,6076397056,EUR,6982759124.909721
UNI.MI,Financial Services,Insurance - Diversified,13690240000,EUR,15732291257.664
UNIT,Real Estate,REIT - Specialty,1509154688,USD,1509154688.0
UNM,Financial Services,Insurance - Life,12420944896,USD,12420944896.0
UNP,Industrials,Railroads,129795473408,USD,129795473408.0
UNTY,Financial Services,Banks - Regional,455459776,USD,455459776.0
UPB,Healthcare,Biotechnology,1348813952,USD,1348813952.0
UPBD,Technology,Software - Application,1158693760,USD,1158693760.0
UPS,Industrials,Integrated Freight & Logistics,79747825664,USD,79747825664.0
UPST,Financial Services,Credit Services,4574191616,USD,4574191616.0
UPWK,Communication Services,Internet Content & Information,2072640768,USD,2072640768.0
URBN,Consumer Cyclical,Apparel Retail,5562167296,USD,5562167296.0
URGN,Healthcare,Biotechnology,953966464,USD,953966464.0
URI,Industrials,Rental & Leasing Services,54557122560,USD,54557122560.0
USAU,Basic Materials,Gold,220348240,USD,220348240.0
USB,Financial Services,Banks - Regional,72540717056,USD,72540717056.0
USCB,Financial Services,Banks - Regional,310722720,USD,310722720.0
USFD,Consumer Defensive,Food Distribution,16595147776,USD,16595147776.0
USIM5.SA,Basic Materials,Steel,6686101504,BRL,1242100210.3092837
USLM,Basic Materials,Building Materials,3235393024,USD,3235393024.0
USNA,Consumer Defensive,Packaged Foods,388276512,USD,388276512.0
USPH,Healthcare,Medical Care Facilities,1321694080,USD,1321694080.0
UTDI.DE,Communication Services,Telecom Services,4618186752,EUR,5307040567.933747
UTHR,Healthcare,Drug Manufacturers - Specialty & Generic,18887208960,USD,18887208960.0
UTI,Consumer Defensive,Education & Training Services,1549440256,USD,1549440256.0
UTL,Utilities,Utilities - Diversified,878623232,USD,878623232.0
UTMD,Healthcare,Medical Instruments & Supplies,187412032,USD,187412032.0
UTZ,Consumer Defensive,Packaged Foods,910101632,USD,910101632.0
UU.L,Utilities,Utilities - Regulated Water,8237729280,GBp,10752109970.03827
UUUU,Energy,Uranium,4106013184,USD,4106013184.0
UVE,Financial Services,Insurance - Property & Casualty,871478720,USD,871478720.0
UVSP,Financial Services,Banks - Regional,838609728,USD,838609728.0
UVV,Consumer Defensive,Tobacco,1263223680,USD,1263223680.0
UWMC,Financial Services,Mortgage Finance,9429718016,USD,9429718016.0
V,Financial Services,Credit Services,651315052544,USD,651315052544.0
V03.SI,Technology,Electronic Components,4321271808,SGD,3307061968.500326
VABK,Financial Services,Banks - Regional,212821424,USD,212821424.0
VAC,Consumer Cyclical,Resorts & Casinos,2335322624,USD,2335322624.0
VAL,Energy,Oil & Gas Equipment & Services,3965209344,USD,3965209344.0
VALE3.SA,Basic Materials,Other Industrial Metals & Mining,276873084928,BRL,51435670967.94841
VALU,Financial Services,Financial Data & Stock Exchanges,352606912,USD,352606912.0
VBBR3.SA,Consumer Cyclical,Specialty Retail,26237775872,BRL,4874282406.445957
VC,Consumer Cyclical,Auto Parts,2917683712,USD,2917683712.0
VCEL,Healthcare,Biotechnology,1852141824,USD,1852141824.0
VCT.NZ,Utilities,Utilities - Diversified,5010000384,NZD,2839492366.6377215
VCTR,Financial Services,Asset Management,4127212544,USD,4127212544.0
VCX.AX,Real Estate,REIT - Retail,11361261568,AUD,7388957336.212603
VCYT,Healthcare,Diagnostics & Research,2867579392,USD,2867579392.0
VEA.AX,Energy,Oil & Gas Refining & Marketing,2983071232,AUD,1940082616.019845
VECO,Technology,Semiconductor Equipment & Materials,1774693760,USD,1774693760.0
VEEV,Healthcare,Health Information Services,47979155456,USD,47979155456.0
VEL,Financial Services,Mortgage Finance,720339008,USD,720339008.0
VERA,Healthcare,Biotechnology,1655585920,USD,1655585920.0
VERX,Technology,Software - Application,3299447552,USD,3299447552.0
VFC,Consumer Cyclical,Apparel Manufacturing,5536569856,USD,5536569856.0
VGAS,Utilities,Utilities - Renewable,148795728,USD,148795728.0
VGI.BK,Industrials,Conglomerates,25321543680,THB,777688669.9183104
VGL.NZ,Technology,Software - Application,599474304,NZD,339760993.95912963
VHI,Basic Materials,Chemicals,382930016,USD,382930016.0
VHP.NZ,Real Estate,REIT - Healthcare Facilities,1538980608,NZD,872240190.3950592
VIAV,Technology,Communication Equipment,3914908160,USD,3914908160.0
VICI,Real Estate,REIT - Diversified,32160534528,USD,32160534528.0
VICR,Technology,Electronic Components,4168100096,USD,4168100096.0
VIK,Consumer Cyclical,Travel Services,26800158720,USD,26800158720.0
VIR,Healthcare,Biotechnology,777932032,USD,777932032.0
VIRC,Consumer Cyclical,"Furnishings, Fixtures & Appliances",114741112,USD,114741112.0
VIRT,Financial Services,Capital Markets,7444328960,USD,7444328960.0
VITL,Consumer Defensive,Farm Products,1437994880,USD,1437994880.0
VIV.PA,Communication Services,Entertainment,3070988288,EUR,3529060279.1251965
VIVT3.SA,Communication Services,Telecom Services,104225447936,BRL,19362322083.12058
VKTX,Healthcare,Biotechnology,4069308416,USD,4069308416.0
VLGEA,Consumer Defensive,Grocery Stores,469339680,USD,469339680.0
VLO,Energy,Oil & Gas Refining & Marketing,52339638272,USD,52339638272.0
VLTO,Industrials,Pollution & Treatment Controls,24566540288,USD,24566540288.0
VLY,Financial Services,Banks - Regional,6134981120,USD,6134981120.0
VMC,Basic Materials,Building Materials,38126370816,USD,38126370816.0
VMD,Healthcare,Medical Devices,254822448,USD,254822448.0
VMEO,Technology,Software - Application,1301979904,USD,1301979904.0
VMI,Industrials,Conglomerates,8090051584,USD,8090051584.0
VNDA,Healthcare,Biotechnology,264161936,USD,264161936.0
VNO,Real Estate,REIT - Office,7874009600,USD,7874009600.0
VNOM,Energy,Oil & Gas Midstream,12337096704,USD,12337096704.0
VNT,Technology,Scientific & Technical Instruments,5492034560,USD,5492034560.0
VOD.L,Communication Services,Telecom Services,21729464320,GBp,28361892217.786366
VOXR,Basic Materials,Other Precious Metals & Mining,282632768,USD,282632768.0
VOYA,Financial Services,Financial Conglomerates,7051997184,USD,7051997184.0
VOYG,Industrials,Aerospace & Defense,1690069888,USD,1690069888.0
VPG,Technology,Scientific & Technical Instruments,504737952,USD,504737952.0
VPK.AS,Energy,Oil & Gas Midstream,4449424384,EUR,5113105419.484262
VRDN,Healthcare,Biotechnology,2155103744,USD,2155103744.0
VRE,Real Estate,REIT - Residential,1589868288,USD,1589868288.0
VREX,Healthcare,Medical Devices,499909760,USD,499909760.0
VRM,Consumer Cyclical,Auto & Truck Dealerships,122189872,USD,122189872.0
VRNS,Technology,Software - Infrastructure,4252556032,USD,4252556032.0
VRNT,Technology,Software - Infrastructure,1228858752,USD,1228858752.0
VRRM,Technology,Information Technology Services,3652430080,USD,3652430080.0
VRSK,Industrials,Consulting Services,30020851712,USD,30020851712.0
VRSN,Technology,Software - Infrastructure,22670710784,USD,22670710784.0
VRT,Industrials,Electrical Equipment & Parts,73179545600,USD,73179545600.0
VRTS,Financial Services,Asset Management,1081921024,USD,1081921024.0
VRTX,Healthcare,Biotechnology,109222420480,USD,109222420480.0
VSAT,Technology,Communication Equipment,5155693568,USD,5155693568.0
VSCO,Consumer Cyclical,Apparel Retail,2886723072,USD,2886723072.0
VSEC,Industrials,Aerospace & Defense,4233294336,USD,4233294336.0
VSH,Technology,Semiconductors,2275129856,USD,2275129856.0
VSL.NZ,Basic Materials,Steel,1213058048,NZD,687518723.2689152
VST,Utilities,Utilities - Independent Power Producers,65405874176,USD,65405874176.0
VSTM,Healthcare,Biotechnology,609298176,USD,609298176.0
VSTS,Industrials,Rental & Leasing Services,668428352,USD,668428352.0
VTEX,Technology,Software - Application,796998976,USD,796998976.0
VTLE,Energy,Oil & Gas E&P,628432768,USD,628432768.0
VTOL,Energy,Oil & Gas Equipment & Services,1230645888,USD,1230645888.0
VTR,Real Estate,REIT - Healthcare Facilities,34821292032,USD,34821292032.0
VTRS,Healthcare,Drug Manufacturers - Specialty & Generic,12156538880,USD,12156538880.0
VTS,Energy,Oil & Gas E&P,829034624,USD,829034624.0
VUZI,Technology,Consumer Electronics,270337056,USD,270337056.0
VVV,Consumer Cyclical,Auto & Truck Dealerships,4016828416,USD,4016828416.0
VVX,Industrials,Aerospace & Defense,1840488576,USD,1840488576.0
VWS.CO,Industrials,Specialty Industrial Machinery,133265211392,DKK,20511144534.112007
VYGR,Healthcare,Biotechnology,254601840,USD,254601840.0
VYX,Technology,Information Technology Services,1567577344,USD,1567577344.0
VZ,Communication Services,Telecom Services,166422315008,USD,166422315008.0
W,Consumer Cyclical,Internet Retail,13463923712,USD,13463923712.0
WAB,Industrials,Railroads,35032547328,USD,35032547328.0
WABC,Financial Services,Banks - Regional,1183795072,USD,1183795072.0
WAF.DE,Technology,Semiconductors,1561089664,EUR,1793943515.4808702
WAFD,Financial Services,Banks - Regional,2304938496,USD,2304938496.0
WAL,Financial Services,Banks - Regional,8464227840,USD,8464227840.0
WALD,Consumer Defensive,Household & Personal Products,217729888,USD,217729888.0
WASH,Financial Services,Banks - Regional,521017504,USD,521017504.0
WAT,Healthcare,Diagnostics & Research,20570943488,USD,20570943488.0
WAY,Healthcare,Health Information Services,7084452352,USD,7084452352.0
WBC.AX,Financial Services,Banks - Diversified,138016669696,AUD,89761095452.83649
WBC.NZ,Financial Services,Banks - Diversified,157001662464,NZD,88983031526.24272
WBD,Communication Services,Entertainment,55184965632,USD,55184965632.0
WBS,Financial Services,Banks - Regional,9376438272,USD,9376438272.0
WBTN,Communication Services,Internet Content & Information,2283032576,USD,2283032576.0
WCC,Industrials,Industrial Distribution,12708828160,USD,12708828160.0
WCH.DE,Basic Materials,Specialty Chemicals,3514680576,EUR,4038934196.8647933
WD,Financial Services,Mortgage Finance,2735750400,USD,2735750400.0
WDAY,Technology,Software - Application,63460556800,USD,63460556800.0
WDC,Technology,Computer Hardware,54026928128,USD,54026928128.0
WDFC,Basic Materials,Specialty Chemicals,2633869312,USD,2633869312.0
WDS.AX,Energy,Oil & Gas E&P,47413440512,AUD,30836002411.29685
WEAV,Healthcare,Health Information Services,547492928,USD,547492928.0
WEB.AX,Consumer Cyclical,Travel Services,1495880832,AUD,972867280.7637811
WEC,Utilities,Utilities - Regulated Electric,35980795904,USD,35980795904.0
WEGE3.SA,Industrials,Electrical Equipment & Parts,180121223168,BRL,33461742847.35152
WEIR.L,Industrials,Specialty Industrial Machinery,7610829312,GBp,9933862954.745548
WELL,Real Estate,REIT - Healthcare Facilities,125131333632,USD,125131333632.0
WEN,Consumer Cyclical,Restaurants,1606463872,USD,1606463872.0
WERN,Industrials,Trucking,1537040896,USD,1537040896.0
WES.AX,Consumer Cyclical,Home Improvement Retail,94864482304,AUD,61696459347.47582
WEST,Consumer Defensive,Packaged Foods,421450880,USD,421450880.0
WEX,Technology,Software - Infrastructure,5167623680,USD,5167623680.0
WEYS,Consumer Cyclical,Footwear & Accessories,272540064,USD,272540064.0
WFC,Financial Services,Banks - Diversified,274042093568,USD,274042093568.0
WFRD,Energy,Oil & Gas Equipment & Services,5396967424,USD,5396967424.0
WGO,Consumer Cyclical,Recreational Vehicles,1041958592,USD,1041958592.0
WGS,Healthcare,Diagnostics & Research,3997504768,USD,3997504768.0
WH,Consumer Cyclical,Lodging,5609732096,USD,5609732096.0
WHA.BK,Real Estate,Real Estate Services,46335184896,THB,1423070756.1739469
WHC.AX,Energy,Thermal Coal,5979573760,AUD,3888900465.5804415
WHD,Energy,Oil & Gas Equipment & Services,3054436352,USD,3054436352.0
WHG,Financial Services,Asset Management,157492096,USD,157492096.0
WHR,Consumer Cyclical,"Furnishings, Fixtures & Appliances",3983185152,USD,3983185152.0
WHS.NZ,Consumer Cyclical,Department Stores,277474528,NZD,157262823.1144672
WINA,Consumer Cyclical,Specialty Retail,1473886848,USD,1473886848.0
WING,Consumer Cyclical,Restaurants,5977637888,USD,5977637888.0
WIPRO.NS,Technology,Information Technology Services,2493152755712,INR,28115936832.18622
WK,Technology,Software - Application,4751801856,USD,4751801856.0
WKC,Energy,Oil & Gas Refining & Marketing,1450083968,USD,1450083968.0
WKL.AS,Industrials,Specialty Business Services,24698316800,EUR,28382344902.03648
WLDN,Industrials,Engineering & Construction,1371772288,USD,1371772288.0
WLFC,Industrials,Rental & Leasing Services,964436352,USD,964436352.0
WLK,Basic Materials,Specialty Chemicals,8758495232,USD,8758495232.0
WLY,Communication Services,Publishing,1988939136,USD,1988939136.0
WM,Industrials,Waste Management,79272148992,USD,79272148992.0
WMB,Energy,Oil & Gas Midstream,72086102016,USD,72086102016.0
WMK,Consumer Defensive,Grocery Stores,1577715456,USD,1577715456.0
WMS,Industrials,Building Products & Equipment,10714309632,USD,10714309632.0
WMT,Consumer Defensive,Discount Stores,809961914368,USD,809961914368.0
WNC,Industrials,Farm & Heavy Construction Machinery,320891776,USD,320891776.0
WNEB,Financial Services,Banks - Regional,231969056,USD,231969056.0
WOOF,Consumer Cyclical,Specialty Retail,891219264,USD,891219264.0
WOR,Industrials,Metal Fabrication,2768826880,USD,2768826880.0
WOR.AX,Energy,Oil & Gas Equipment & Services,7269213696,AUD,4727636059.259535
WOW,Communication Services,Telecom Services,439853632,USD,439853632.0
WOW.AX,Consumer Defensive,Grocery Stores,34290235392,AUD,22301140136.92035
WPC,Real Estate,REIT - Diversified,14443849728,USD,14443849728.0
WPP.L,Communication Services,Advertising Agencies,3063083264,GBp,3998020204.6542335
WPR.AX,Real Estate,REIT - Specialty,1747312000,AUD,1136389101.13792
WRB,Financial Services,Insurance - Property & Casualty,27267569664,USD,27267569664.0
WRBY,Healthcare,Medical Instruments & Supplies,2411119104,USD,2411119104.0
WRLD,Financial Services,Credit Services,637920000,USD,637920000.0
WS,Basic Materials,Steel,1615474560,USD,1615474560.0
WSBC,Financial Services,Banks - Regional,2914942208,USD,2914942208.0
WSBF,Financial Services,Banks - Regional,283417216,USD,283417216.0
WSC,Industrials,Rental & Leasing Services,3931001088,USD,3931001088.0
WSFS,Financial Services,Banks - Regional,2905483264,USD,2905483264.0
WSM,Consumer Cyclical,Specialty Retail,23459254272,USD,23459254272.0
WSO,Industrials,Industrial Distribution,14678579200,USD,14678579200.0
WSR,Real Estate,REIT - Retail,648888832,USD,648888832.0
WST,Healthcare,Medical Instruments & Supplies,20128325632,USD,20128325632.0
WT,Financial Services,Asset Management,1683335936,USD,1683335936.0
WTB.L,Consumer Cyclical,Lodging,4882520064,GBp,6372798968.582553
WTBA,Financial Services,Banks - Regional,366598560,USD,366598560.0
WTC.AX,Technology,Software - Application,23021557760,AUD,14972396074.47388
WTFC,Financial Services,Banks - Regional,8624604160,USD,8624604160.0
WTI,Energy,Oil & Gas E&P,307061760,USD,307061760.0
WTM,Financial Services,Insurance - Property & Casualty,4892471296,USD,4892471296.0
WTRG,Utilities,Utilities - Regulated Water,10775693312,USD,10775693312.0
WTS,Industrials,Specialty Industrial Machinery,9067710464,USD,9067710464.0
WTTR,Energy,Oil & Gas Equipment & Services,1441852288,USD,1441852288.0
WTW,Financial Services,Insurance Brokers,30065065984,USD,30065065984.0
WU,Financial Services,Credit Services,2892388608,USD,2892388608.0
WULF,Financial Services,Capital Markets,6603467264,USD,6603467264.0
WVE,Healthcare,Biotechnology,1323176960,USD,1323176960.0
WWD,Industrials,Aerospace & Defense,15692560384,USD,15692560384.0
WWW,Consumer Cyclical,Footwear & Accessories,1815222272,USD,1815222272.0
WY,Real Estate,REIT - Specialty,16226581504,USD,16226581504.0
WYNN,Consumer Cyclical,Resorts & Casinos,13072968704,USD,13072968704.0
XEL,Utilities,Utilities - Regulated Electric,48068521984,USD,48068521984.0
XENE,Healthcare,Biotechnology,3170590464,USD,3170590464.0
XERS,Healthcare,Biotechnology,1598655616,USD,1598655616.0
XHR,Real Estate,REIT - Hotel & Motel,1266952832,USD,1266952832.0
XMTR,Industrials,Industrial Distribution,2467178496,USD,2467178496.0
XNCR,Healthcare,Biotechnology,994243264,USD,994243264.0
XOM,Energy,Oil & Gas Integrated,479725912064,USD,479725912064.0
XOMA,Healthcare,Biotechnology,399620000,USD,399620000.0
XP,Financial Services,Capital Markets,9666533376,USD,9666533376.0
XPEL,Consumer Cyclical,Auto Parts,957753856,USD,957753856.0
XPER,Technology,Software - Application,305317056,USD,305317056.0
XPO,Industrials,Trucking,16233069568,USD,16233069568.0
XPOF,Consumer Cyclical,Leisure,322799360,USD,322799360.0
XPRO,Energy,Oil & Gas Equipment & Services,1596659584,USD,1596659584.0
XRAY,Healthcare,Medical Instruments & Supplies,2503522304,USD,2503522304.0
XRO.AX,Technology,Software - Application,24550400000,AUD,15966700273.664
XRX,Technology,Information Technology Services,412217952,USD,412217952.0
XYL,Industrials,Specialty Industrial Machinery,36298801152,USD,36298801152.0
XYZ,Technology,Software - Infrastructure,45292093440,USD,45292093440.0
Y92.SI,Consumer Defensive,Beverages - Wineries & Distilleries,11811329024,SGD,9039190022.80786
YDUQ3.SA,Consumer Defensive,Education & Training Services,3646392576,BRL,677402965.361833
YELP,Communication Services,Internet Content & Information,2084785408,USD,2084785408.0
YETI,Consumer Cyclical,Leisure,2724260608,USD,2724260608.0
YEXT,Technology,Software - Infrastructure,1042583360,USD,1042583360.0
YORW,Utilities,Utilities - Regulated Water,450229152,USD,450229152.0
YOU,Technology,Software - Application,4102087168,USD,4102087168.0
YUM,Consumer Cyclical,Restaurants,38682923008,USD,38682923008.0
Z,Communication Services,Internet Content & Information,17892964352,USD,17892964352.0
Z74.SI,Communication Services,Telecom Services,70014377984,SGD,53581884446.71262
ZBH,Healthcare,Medical Devices,19785826304,USD,19785826304.0
ZBIO,Healthcare,Biotechnology,1475966080,USD,1475966080.0
ZBRA,Technology,Communication Equipment,13707646976,USD,13707646976.0
ZD,Communication Services,Advertising Agencies,1393688832,USD,1393688832.0
ZEAL.CO,Healthcare,Biotechnology,36177682432,DKK,5568187417.564118
ZETA,Technology,Software - Infrastructure,4194278912,USD,4194278912.0
ZEUS,Basic Materials,Steel,394492192,USD,394492192.0
ZG,Communication Services,Internet Content & Information,17895471104,USD,17895471104.0
ZGN,Consumer Cyclical,Apparel Manufacturing,2530730240,USD,2530730240.0
ZION,Financial Services,Banks - Regional,7643322880,USD,7643322880.0
ZIP,Communication Services,Internet Content & Information,355592480,USD,355592480.0
ZIP.AX,Financial Services,Credit Services,4983825920,AUD,3241301758.047027
ZM,Technology,Software - Application,25822687232,USD,25822687232.0
ZS,Technology,Software - Infrastructure,53231812608,USD,53231812608.0
ZSPC,Technology,Computer Hardware,22019260,USD,22019260.0
ZTS,Healthcare,Drug Manufacturers - Specialty & Generic,63973539840,USD,63973539840.0
ZUMZ,Consumer Cyclical,Apparel Retail,371202336,USD,371202336.0
ZVIA,Consumer Defensive,Beverages - Non-Alcoholic,153581408,USD,153581408.0
ZVRA,Healthcare,Biotechnology,573139264,USD,573139264.0
ZWS,Industrials,Pollution & Treatment Controls,7872182784,USD,7872182784.0
ZYME,Healthcare,Biotechnology,1430641408,USD,1430641408.0
