Index Name,Company Name,Company Ticker
Dow Jones Global Titans 50 Inde,3M,MMM
Dow Jones Global Titans 50 Inde,AbbVie,ABBV
Dow Jones Global Titans 50 Inde,Allianz,ALV
Dow Jones Global Titans 50 Inde,Alphabet,GOOG
Dow Jones Global Titans 50 Inde,Amazon,AMZN
Dow Jones Global Titans 50 Inde,Amgen,AMGN
Dow Jones Global Titans 50 Inde,Anheuser-Busch InBev,ABI
Dow Jones Global Titans 50 Inde,Apple,AAPL
Dow Jones Global Titans 50 Inde,BHP,BHP
Dow Jones Global Titans 50 Inde,The Boeing Company,BA
Dow Jones Global Titans 50 Inde,BP,BP
Dow Jones Global Titans 50 Inde,Chevron Corporation,CVX
Dow Jones Global Titans 50 Inde,Cisco,CSCO
Dow Jones Global Titans 50 Inde,Citigroup,C
Dow Jones Global Titans 50 Inde,Coca-Cola,KO
Dow Jones Global Titans 50 Inde,DuPont,DD
Dow Jones Global Titans 50 Inde,ExxonMobil,XOM
Dow Jones Global Titans 50 Inde,Meta,FB
Dow Jones Global Titans 50 Inde,General Electric,GE
Dow Jones Global Titans 50 Inde,GSK,GSK
Dow Jones Global Titans 50 Inde,Intel,INTC
Dow Jones Global Titans 50 Inde,IBM,IBM
Dow Jones Global Titans 50 Inde,Johnson & Johnson,JNJ
Dow Jones Global Titans 50 Inde,JPMorgan Chase,JPM
Dow Jones Global Titans 50 Inde,Mastercard,MA
Dow Jones Global Titans 50 Inde,McDonald's,MCD
Dow Jones Global Titans 50 Inde,Merck & Co.,MRK
Dow Jones Global Titans 50 Inde,Microsoft,MSFT
Dow Jones Global Titans 50 Inde,Nvidia,NVDA
Dow Jones Global Titans 50 Inde,Oracle Corporation,ORCL
Dow Jones Global Titans 50 Inde,PepsiCo,PEP
Dow Jones Global Titans 50 Inde,Pfizer,PFE
Dow Jones Global Titans 50 Inde,Philip Morris International,PM
Dow Jones Global Titans 50 Inde,Procter & Gamble,PG
Dow Jones Global Titans 50 Inde,Roche,ROG
Dow Jones Global Titans 50 Inde,Royal Bank of Canada,RY
Dow Jones Global Titans 50 Inde,Sanofi,SAN
Dow Jones Global Titans 50 Inde,TSMC,TSM
Dow Jones Global Titans 50 Inde,Visa,V
Dow Jones Global Titans 50 Inde,Walmart,WMT
Dow Jones Global Titans 50 Inde,The Walt Disney Company,DIS
S&P GLOBAL 100 ( C ),BHP,BHP
S&P GLOBAL 100 ( C ),IBM,IBM
The Global Dow (USD),BHP,BHP
The Global Dow (USD),IBM,IBM
IBOVESPA,Alpargatas,ALPA4.SA
IBOVESPA,Ambev,ABEV3.SA
IBOVESPA,Americanas,AMER3.SA
IBOVESPA,Azul,AZUL4.SA
IBOVESPA,B3,B3SA3.SA
IBOVESPA,Banco do Brasil,BBAS3.SA
IBOVESPA,BB Seguridade [pt],BBSE3.SA
IBOVESPA,Bradesco,BBDC3.SA
IBOVESPA,Bradesco,BBDC4.SA
IBOVESPA,Banco Pan,BPAN4.SA
IBOVESPA,Bradespar,BRAP4.SA
IBOVESPA,Braskem,BRKM5.SA
IBOVESPA,BRF,BRFS3.SA
IBOVESPA,BTG Pactual,BPAC11.SA
IBOVESPA,CVC Brasil,CVCB3.SA
IBOVESPA,CEMIG,CMIG4.SA
IBOVESPA,Cogna,COGN3.SA
IBOVESPA,Copel,CPLE6.SA
IBOVESPA,Cosan,CSAN3.SA
IBOVESPA,CPFL Energia,CPFE3.SA
IBOVESPA,CSN,CSNA3.SA
IBOVESPA,Cyrela Brazil Realty,CYRE3.SA
IBOVESPA,Dexco,DXCO3.SA
IBOVESPA,EcoRodovias,ECOR3.SA
IBOVESPA,Eletrobras,ELET3.SA
IBOVESPA,Eletrobras,ELET6.SA
IBOVESPA,Embraer,EMBR3.SA
IBOVESPA,Energisa [pt],ENGI11.SA
IBOVESPA,Eneva,ENEV3.SA
IBOVESPA,ENGIE Brasil,EGIE3.SA
IBOVESPA,Equatorial Energia [pt],EQTL3.SA
IBOVESPA,Eztec [pt],EZTC3.SA
IBOVESPA,Gerdau,GGBR4.SA
IBOVESPA,GPA,PCAR3.SA
IBOVESPA,Grupo Fleury [pt],FLRY3.SA
IBOVESPA,Grupo Hapvida [pt],HAPV3.SA
IBOVESPA,Hypera Pharma,HYPE3.SA
IBOVESPA,IRB Brasil RE,IRBR3.SA
IBOVESPA,Itaú Unibanco,ITUB4.SA
IBOVESPA,Itaúsa,ITSA4.SA
IBOVESPA,JHSF Participações,JHSF3.SA
IBOVESPA,Klabin,KLBN11.SA
IBOVESPA,Localiza,RENT3.SA
IBOVESPA,LocaWeb [pt],LWSA3.SA
IBOVESPA,Lojas Renner,LREN3.SA
IBOVESPA,Magazine Luiza,MGLU3.SA
IBOVESPA,Marfrig,MRFG3.SA
IBOVESPA,Méliuz [pt],CASH3.SA
IBOVESPA,Metalúrgica Gerdau,GOAU4.SA
IBOVESPA,Minerva Foods,BEEF3.SA
IBOVESPA,MRV,MRVE3.SA
IBOVESPA,Multiplan,MULT3.SA
IBOVESPA,Petrobras,PETR3.SA
IBOVESPA,Petrobras,PETR4.SA
IBOVESPA,Petrobras Distribuidora,VBBR3.SA
IBOVESPA,PetroRio [pt],PRIO3.SA
IBOVESPA,Petz [pt],PETZ3.SA
IBOVESPA,Qualicorp,QUAL3.SA
IBOVESPA,RaiaDrogasil,RADL3.SA
IBOVESPA,Rede D'Or São Luiz,RDOR3.SA
IBOVESPA,Rumo,RAIL3.SA
IBOVESPA,Sabesp,SBSP3.SA
IBOVESPA,Santander Brasil,SANB11.SA
IBOVESPA,Sendas Distribuidora,ASAI3.SA
IBOVESPA,Suzano Papel e Celulose,SUZB3.SA
IBOVESPA,Taesa S.A.,TAEE11.SA
IBOVESPA,Telefônica Brasil,VIVT3.SA
IBOVESPA,TIM Brasil,TIMS3.SA
IBOVESPA,TOTVS,TOTS3.SA
IBOVESPA,Ultrapar,UGPA3.SA
IBOVESPA,Usiminas,USIM5.SA
IBOVESPA,Vale,VALE3.SA
IBOVESPA,YDUQS,YDUQ3.SA
IBOVESPA,WEG,WEGE3.SA
S&P/TSX Composite index,Agnico Eagle Mines Limited,AEM
S&P/TSX Composite index,Air Canada,AC
S&P/TSX Composite index,Alamos Gold Inc.,AGI
S&P/TSX Composite index,Algoma Steel Group Inc.,ASTL
S&P/TSX Composite index,Algonquin Power & Utilities Corp.,AQN
S&P/TSX Composite index,ARC Resources Ltd.,ARX
S&P/TSX Composite index,ATS Corporation,ATS
S&P/TSX Composite index,B2Gold Corp.,BTO
S&P/TSX Composite index,Bank of Montreal,BMO
S&P/TSX Composite index,Bank of Nova Scotia,BNS
S&P/TSX Composite index,Bausch Health Companies Inc.,BHC
S&P/TSX Composite index,Baytex Energy Corp.,BTE
S&P/TSX Composite index,BCE Inc.,BCE
S&P/TSX Composite index,BlackBerry Limited,BB
S&P/TSX Composite index,Boralex Inc.,BLX
S&P/TSX Composite index,Boyd Group Services Inc.,BYD
S&P/TSX Composite index,Brookfield Asset Management Ltd.,BAM
S&P/TSX Composite index,Brookfield Corporation,BN
S&P/TSX Composite index,BRP Inc.,DOO
S&P/TSX Composite index,CAE Inc.,CAE
S&P/TSX Composite index,Cameco Corporation,CCO
S&P/TSX Composite index,Canadian Imperial Bank of Commerce,CM
S&P/TSX Composite index,Canadian National Railway Company,CNR
S&P/TSX Composite index,Canadian Natural Resources Limited,CNQ
S&P/TSX Composite index,Canadian Pacific Kansas City Limited,CP
S&P/TSX Composite index,Canadian Western Bank,CWB
S&P/TSX Composite index,Celestica Inc.,CLS
S&P/TSX Composite index,Cenovus Energy Inc.,CVE
S&P/TSX Composite index,Centerra Gold Inc.,CG
S&P/TSX Composite index,CI Financial Corp.,CIX
S&P/TSX Composite index,Colliers International Group Inc.,CIGI
S&P/TSX Composite index,Dollarama Inc.,DOL
S&P/TSX Composite index,Eldorado Gold Corporation,ELD
S&P/TSX Composite index,Emera Incorporated,EMA
S&P/TSX Composite index,Enbridge Inc.,ENB
S&P/TSX Composite index,Energy Fuels Inc.,EFR
S&P/TSX Composite index,Equinox Gold Corp.,EQX
S&P/TSX Composite index,Ero Copper Corp.,ERO
S&P/TSX Composite index,First Majestic Silver Corp.,AG
S&P/TSX Composite index,First Quantum Minerals Ltd.,FM
S&P/TSX Composite index,FirstService Corporation,FSV
S&P/TSX Composite index,Fortis Inc.,FTS
S&P/TSX Composite index,Franco-Nevada Corporation,FNV
S&P/TSX Composite index,GFL Environmental Inc.,GFL
S&P/TSX Composite index,Gildan Activewear Inc.,GIL
S&P/TSX Composite index,goeasy Ltd.,GSY
S&P/TSX Composite index,Hudbay Minerals Inc.,HBM
S&P/TSX Composite index,Hydro One Limited,H
S&P/TSX Composite index,iA Financial Corporation Inc.,IAG
S&P/TSX Composite index,Iamgold Corporation,IMG
S&P/TSX Composite index,IGM Financial Inc.,IGM
S&P/TSX Composite index,Imperial Oil Limited,IMO
S&P/TSX Composite index,Jamieson Wellness Inc.,JWEL
S&P/TSX Composite index,Keyera Corp.,KEY
S&P/TSX Composite index,Kinross Gold Corporation,K
S&P/TSX Composite index,Labrador Iron Ore Royalty Corporation,LIF
S&P/TSX Composite index,Laurentian Bank of Canada,LB
S&P/TSX Composite index,Lightspeed Commerce Inc.,LSPD
S&P/TSX Composite index,Loblaw Companies Limited,L
S&P/TSX Composite index,MAG Silver Corp.,MAG
S&P/TSX Composite index,Magna International Inc.,MG
S&P/TSX Composite index,Manulife Financial Corporation,MFC
S&P/TSX Composite index,Maple Leaf Foods Inc.,MFI
S&P/TSX Composite index,MEG Energy Corp.,MEG
S&P/TSX Composite index,Methanex Corporation,MX
S&P/TSX Composite index,New Gold Inc.,NGD
S&P/TSX Composite index,NexGen Energy Ltd.,NXE
S&P/TSX Composite index,NovaGold Resources Inc.,NG
S&P/TSX Composite index,Nutrien Ltd.,NTR
S&P/TSX Composite index,NuVista Energy Ltd.,NVA
S&P/TSX Composite index,Open Text Corporation,OTEX
S&P/TSX Composite index,Osisko Gold Royalties Ltd.,OR
S&P/TSX Composite index,Osisko Mining Inc.,OSK
S&P/TSX Composite index,Pan American Silver Corp.,PAAS
S&P/TSX Composite index,Pason Systems Inc.,PSI
S&P/TSX Composite index,Pembina Pipeline Corporation,PPL
S&P/TSX Composite index,Peyto Exploration & Development Corp.,PEY
S&P/TSX Composite index,PrairieSky Royalty Ltd.,PSK
S&P/TSX Composite index,Precision Drilling Corporation,PD
S&P/TSX Composite index,Premium Brands Holdings Corporation,PBH
S&P/TSX Composite index,Restaurant Brands International Inc.,QSR
S&P/TSX Composite index,Royal Bank of Canada,RY
S&P/TSX Composite index,Sandstorm Gold Ltd.,SSL
S&P/TSX Composite index,Seabridge Gold Inc.,SEA
S&P/TSX Composite index,Secure Energy Services Inc.,SES
S&P/TSX Composite index,Shopify Inc.,SHOP
S&P/TSX Composite index,SilverCrest Metals Inc.,SIL
S&P/TSX Composite index,South Bow Corporation,SOBO
S&P/TSX Composite index,Sprott Inc.,SII
S&P/TSX Composite index,SSR Mining Inc.,SSRM
S&P/TSX Composite index,Stantec Inc.,STN
S&P/TSX Composite index,Stella-Jones Inc.,SJ
S&P/TSX Composite index,Sun Life Financial Inc.,SLF
S&P/TSX Composite index,Suncor Energy Inc.,SU
S&P/TSX Composite index,Superior Plus Corp.,SPB
S&P/TSX Composite index,Tamarack Valley Energy Ltd.,TVE
S&P/TSX Composite index,TC Energy Corporation,TRP
S&P/TSX Composite index,Telus Corporation,T
S&P/TSX Composite index,TFI International Inc.,TFII
S&P/TSX Composite index,Thomson Reuters Corporation,TRI
S&P/TSX Composite index,Tilray Brands Inc.,TLRY
S&P/TSX Composite index,Topaz Energy Corp.,TPZ
S&P/TSX Composite index,Torex Gold Resources Inc.,TXG
S&P/TSX Composite index,Toronto-Dominion Bank,TD
S&P/TSX Composite index,Triple Flag Precious Metals Corp.,TFPM
S&P/TSX Composite index,Vermilion Energy Inc.,VET
S&P/TSX Composite index,Waste Connections Inc.,WCN
S&P/TSX Composite index,West Fraser Timber Co. Ltd.,WFG
S&P/TSX Composite index,Wheaton Precious Metals Corp.,WPM
IPC MEXICO,Arca Continental,AC
IPC MEXICO,ALFA,ALFA
IPC MEXICO,Grupo Aeroportuario del Sureste,ASUR
IPC MEXICO,Cemex,CEMEX
IPC MEXICO,Grupo Aeroportuario del Pacífico,GAP
IPC MEXICO,Grupo Cementos de Chihuahua,GCC
IPC MEXICO,Genomma Lab Internacional,LAB
IPC MEXICO,Regional,R
Dow Jones Industrial Average,3M,MMM
Dow Jones Industrial Average,American Express,AXP
Dow Jones Industrial Average,Amgen,AMGN
Dow Jones Industrial Average,Amazon,AMZN
Dow Jones Industrial Average,Apple,AAPL
Dow Jones Industrial Average,Boeing,BA
Dow Jones Industrial Average,Caterpillar,CAT
Dow Jones Industrial Average,Chevron,CVX
Dow Jones Industrial Average,Cisco,CSCO
Dow Jones Industrial Average,Coca-Cola,KO
Dow Jones Industrial Average,Disney,DIS
Dow Jones Industrial Average,Goldman Sachs,GS
Dow Jones Industrial Average,Home Depot,HD
Dow Jones Industrial Average,Honeywell,HON
Dow Jones Industrial Average,IBM,IBM
Dow Jones Industrial Average,Johnson & Johnson,JNJ
Dow Jones Industrial Average,JPMorgan Chase,JPM
Dow Jones Industrial Average,McDonald's,MCD
Dow Jones Industrial Average,Merck,MRK
Dow Jones Industrial Average,Microsoft,MSFT
Dow Jones Industrial Average,Nike,NKE
Dow Jones Industrial Average,Nvidia,NVDA
Dow Jones Industrial Average,Procter & Gamble,PG
Dow Jones Industrial Average,Salesforce,CRM
Dow Jones Industrial Average,Sherwin-Williams,SHW
Dow Jones Industrial Average,"Travelers Companies, Inc.",TRV
Dow Jones Industrial Average,UnitedHealth Group,UNH
Dow Jones Industrial Average,Verizon,VZ
Dow Jones Industrial Average,Visa,V
Dow Jones Industrial Average,Walmart,WMT
Dow Jones Transportation Averag,Alaska Air Group,ALK
Dow Jones Transportation Averag,American Airlines Group,AAL
Dow Jones Transportation Averag,Avis Budget Group,CAR
Dow Jones Transportation Averag,C.H. Robinson,CHRW
Dow Jones Transportation Averag,CSX Corporation,CSX
Dow Jones Transportation Averag,Delta Air Lines,DAL
Dow Jones Transportation Averag,Expeditors International,EXPD
Dow Jones Transportation Averag,FedEx,FDX
Dow Jones Transportation Averag,J.B. Hunt,JBHT
Dow Jones Transportation Averag,Kirby Corporation,KEX
Dow Jones Transportation Averag,Landstar System,LSTR
Dow Jones Transportation Averag,"Matson, Inc.",MATX
Dow Jones Transportation Averag,Norfolk Southern Corporation,NSC
Dow Jones Transportation Averag,Old Dominion Freight Line,ODFL
Dow Jones Transportation Averag,Ryder,R
Dow Jones Transportation Averag,Southwest Airlines,LUV
Dow Jones Transportation Averag,Uber,UBER
Dow Jones Transportation Averag,Union Pacific Corporation,UNP
Dow Jones Transportation Averag,United Airlines Holdings,UAL
Dow Jones Transportation Averag,United Parcel Service,UPS
Dow Jones Utility Average,American Electric Power,AEP
Dow Jones Utility Average,American Water Works,AWK
Dow Jones Utility Average,Atmos Energy,ATO
Dow Jones Utility Average,Consolidated Edison,ED
Dow Jones Utility Average,Dominion Energy,D
Dow Jones Utility Average,Duke Energy,DUK
Dow Jones Utility Average,Edison International,EIX
Dow Jones Utility Average,Exelon,EXC
Dow Jones Utility Average,FirstEnergy,FE
Dow Jones Utility Average,NextEra Energy,NEE
Dow Jones Utility Average,Public Service Enterprise Group,PEG
Dow Jones Utility Average,Sempra,SRE
Dow Jones Utility Average,Southern Company,SO
Dow Jones Utility Average,Vistra Corp.,VST
Dow Jones Utility Average,Xcel Energy,XEL
NASDAQ-100,Adobe Inc.,ADBE
NASDAQ-100,Advanced Micro Devices,AMD
NASDAQ-100,Airbnb,ABNB
NASDAQ-100,Alphabet Inc. (Class A),GOOGL
NASDAQ-100,Alphabet Inc. (Class C),GOOG
NASDAQ-100,Amazon,AMZN
NASDAQ-100,American Electric Power,AEP
NASDAQ-100,Amgen,AMGN
NASDAQ-100,Analog Devices,ADI
NASDAQ-100,Apple Inc.,AAPL
NASDAQ-100,Applied Materials,AMAT
NASDAQ-100,AppLovin,APP
NASDAQ-100,Arm Holdings,ARM
NASDAQ-100,ASML Holding,ASML
NASDAQ-100,AstraZeneca,AZN
NASDAQ-100,Atlassian,TEAM
NASDAQ-100,Autodesk,ADSK
NASDAQ-100,Automatic Data Processing,ADP
NASDAQ-100,Axon Enterprise,AXON
NASDAQ-100,Baker Hughes,BKR
NASDAQ-100,Biogen,BIIB
NASDAQ-100,Booking Holdings,BKNG
NASDAQ-100,Broadcom,AVGO
NASDAQ-100,Cadence Design Systems,CDNS
NASDAQ-100,CDW Corporation,CDW
NASDAQ-100,Charter Communications,CHTR
NASDAQ-100,Cintas,CTAS
NASDAQ-100,Cisco,CSCO
NASDAQ-100,Coca-Cola Europacific Partners,CCEP
NASDAQ-100,Cognizant,CTSH
NASDAQ-100,Comcast,CMCSA
NASDAQ-100,Constellation Energy,CEG
NASDAQ-100,Copart,CPRT
NASDAQ-100,CoStar Group,CSGP
NASDAQ-100,Costco,COST
NASDAQ-100,CrowdStrike,CRWD
NASDAQ-100,CSX Corporation,CSX
NASDAQ-100,Datadog,DDOG
NASDAQ-100,DexCom,DXCM
NASDAQ-100,Diamondback Energy,FANG
NASDAQ-100,DoorDash,DASH
NASDAQ-100,Electronic Arts,EA
NASDAQ-100,Exelon,EXC
NASDAQ-100,Fastenal,FAST
NASDAQ-100,Fortinet,FTNT
NASDAQ-100,GE HealthCare,GEHC
NASDAQ-100,Gilead Sciences,GILD
NASDAQ-100,GlobalFoundries,GFS
NASDAQ-100,Honeywell,HON
NASDAQ-100,Idexx Laboratories,IDXX
NASDAQ-100,Intel,INTC
NASDAQ-100,Intuit,INTU
NASDAQ-100,Intuitive Surgical,ISRG
NASDAQ-100,Keurig Dr Pepper,KDP
NASDAQ-100,KLA Corporation,KLAC
NASDAQ-100,Kraft Heinz,KHC
NASDAQ-100,Lam Research,LRCX
NASDAQ-100,Linde plc,LIN
NASDAQ-100,Lululemon,LULU
NASDAQ-100,Marriott International,MAR
NASDAQ-100,Marvell Technology,MRVL
NASDAQ-100,Mercado Libre,MELI
NASDAQ-100,Meta Platforms,META
NASDAQ-100,Microchip Technology,MCHP
NASDAQ-100,Micron Technology,MU
NASDAQ-100,Microsoft,MSFT
NASDAQ-100,MicroStrategy,MSTR
NASDAQ-100,Mondelez International,MDLZ
NASDAQ-100,Monster Beverage,MNST
NASDAQ-100,"Netflix, Inc.",NFLX
NASDAQ-100,Nvidia,NVDA
NASDAQ-100,NXP Semiconductors,NXPI
NASDAQ-100,O'Reilly Automotive,ORLY
NASDAQ-100,Old Dominion Freight Line,ODFL
NASDAQ-100,Onsemi,ON
NASDAQ-100,Paccar,PCAR
NASDAQ-100,Palantir Technologies,PLTR
NASDAQ-100,Palo Alto Networks,PANW
NASDAQ-100,Paychex,PAYX
NASDAQ-100,PayPal,PYPL
NASDAQ-100,PDD Holdings,PDD
NASDAQ-100,PepsiCo,PEP
NASDAQ-100,Qualcomm,QCOM
NASDAQ-100,Regeneron Pharmaceuticals,REGN
NASDAQ-100,Roper Technologies,ROP
NASDAQ-100,Ross Stores,ROST
NASDAQ-100,Shopify,SHOP
NASDAQ-100,Solstice Advanced Materials,SOLS
NASDAQ-100,Starbucks,SBUX
NASDAQ-100,Synopsys,SNPS
NASDAQ-100,T-Mobile US,TMUS
NASDAQ-100,Take-Two Interactive,TTWO
NASDAQ-100,"Tesla, Inc.",TSLA
NASDAQ-100,Texas Instruments,TXN
NASDAQ-100,Thomson Reuters,TRI
NASDAQ-100,Trade Desk (The),TTD
NASDAQ-100,Verisk Analytics,VRSK
NASDAQ-100,Vertex Pharmaceuticals,VRTX
NASDAQ-100,Warner Bros. Discovery,WBD
NASDAQ-100,"Workday, Inc.",WDAY
NASDAQ-100,Xcel Energy,XEL
NASDAQ-100,Zscaler,ZS
Russell 1000,3M,MMM
Russell 1000,A. O. Smith,AOS
Russell 1000,AAON,AAON
Russell 1000,Abbott Laboratories,ABT
Russell 1000,AbbVie,ABBV
Russell 1000,Acadia Healthcare,ACHC
Russell 1000,Accenture,ACN
Russell 1000,Acuity Brands,AYI
Russell 1000,Adobe Inc.,ADBE
Russell 1000,ADT Inc.,ADT
Russell 1000,Advanced Drainage Systems,WMS
Russell 1000,Advanced Micro Devices,AMD
Russell 1000,AECOM,ACM
Russell 1000,AES Corporation,AES
Russell 1000,Affiliated Managers Group,AMG
Russell 1000,Affirm Holdings,AFRM
Russell 1000,Aflac,AFL
Russell 1000,AGCO,AGCO
Russell 1000,Agilent Technologies,A
Russell 1000,Agree Realty,ADC
Russell 1000,AGNC Investment,AGNC
Russell 1000,Air Lease Corporation,AL
Russell 1000,Air Products,APD
Russell 1000,Airbnb,ABNB
Russell 1000,Akamai Technologies,AKAM
Russell 1000,Alaska Air Group,ALK
Russell 1000,Albemarle Corporation,ALB
Russell 1000,Albertsons,ACI
Russell 1000,Alcoa,AA
Russell 1000,Alexandria Real Estate Equities,ARE
Russell 1000,Align Technology,ALGN
Russell 1000,Allegion,ALLE
Russell 1000,Allegro MicroSystems,ALGM
Russell 1000,Alliant Energy,LNT
Russell 1000,Allison Transmission,ALSN
Russell 1000,Allstate,ALL
Russell 1000,Ally Financial,ALLY
Russell 1000,Alnylam Pharmaceuticals,ALNY
Russell 1000,Alphabet (Class A),GOOGL
Russell 1000,Alphabet (Class C),GOOG
Russell 1000,Altria,MO
Russell 1000,Amazon,AMZN
Russell 1000,Amcor,AMCR
Russell 1000,Amdocs,DOX
Russell 1000,Amentum,AMTM
Russell 1000,Amer Sports,AS
Russell 1000,Ameren,AEE
Russell 1000,American Airlines Group,AAL
Russell 1000,American Electric Power,AEP
Russell 1000,American Express,AXP
Russell 1000,American Financial Group,AFG
Russell 1000,American Homes 4 Rent,AMH
Russell 1000,American International Group,AIG
Russell 1000,American Tower,AMT
Russell 1000,American Water Works,AWK
Russell 1000,Americold,COLD
Russell 1000,Ameriprise Financial,AMP
Russell 1000,Ametek,AME
Russell 1000,Amgen,AMGN
Russell 1000,Amkor Technology,AMKR
Russell 1000,Amphenol,APH
Russell 1000,Analog Devices,ADI
Russell 1000,AngloGold Ashanti,AU
Russell 1000,Annaly Capital Management,NLY
Russell 1000,Antero Midstream,AM
Russell 1000,Antero Resources,AR
Russell 1000,AON,AON
Russell 1000,APA Corporation,APA
Russell 1000,APi Group,APG
Russell 1000,Apellis Pharmaceuticals,APLS
Russell 1000,Apollo Global Management,APO
Russell 1000,AppFolio,APPF
Russell 1000,Apple Inc.,AAPL
Russell 1000,Applied Industrial Technologies,AIT
Russell 1000,Applied Materials,AMAT
Russell 1000,AppLovin,APP
Russell 1000,AptarGroup,ATR
Russell 1000,Aptiv,APTV
Russell 1000,Aramark,ARMK
Russell 1000,Arch Capital Group,ACGL
Russell 1000,Archer Daniels Midland,ADM
Russell 1000,Ares Management,ARES
Russell 1000,Arista Networks,ANET
Russell 1000,Armstrong World Industries,AWI
Russell 1000,Arrow Electronics,ARW
Russell 1000,Arthur J. Gallagher & Co.,AJG
Russell 1000,Ashland Global,ASH
Russell 1000,Assurant,AIZ
Russell 1000,Assured Guaranty,AGO
Russell 1000,Astera Labs,ALAB
Russell 1000,AST SpaceMobile,ASTS
Russell 1000,AT&T,T
Russell 1000,ATI Inc.,ATI
Russell 1000,Atlassian,TEAM
Russell 1000,Atmos Energy,ATO
Russell 1000,Aurora Innovation,AUR
Russell 1000,Autodesk,ADSK
Russell 1000,Automatic Data Processing,ADP
Russell 1000,AutoNation,AN
Russell 1000,AutoZone,AZO
Russell 1000,AvalonBay Communities,AVB
Russell 1000,Avantor,AVTR
Russell 1000,Avery Dennison,AVY
Russell 1000,Avis Budget Group,CAR
Russell 1000,Avnet,AVT
Russell 1000,Axalta,AXTA
Russell 1000,AXIS Capital,AXS
Russell 1000,Axon Enterprise,AXON
Russell 1000,Baker Hughes,BKR
Russell 1000,Ball Corporation,BALL
Russell 1000,Bank of America,BAC
Russell 1000,Bank OZK,OZK
Russell 1000,"Bath & Body Works, Inc.",BBWI
Russell 1000,Baxter International,BAX
Russell 1000,Becton Dickinson,BDX
Russell 1000,BellRing Brands,BRBR
Russell 1000,Bentley Systems,BSY
Russell 1000,Best Buy,BBY
Russell 1000,Bill.com,BILL
Russell 1000,Bio-Rad Laboratories,BIO
Russell 1000,Bio-Techne,TECH
Russell 1000,Biogen,BIIB
Russell 1000,BioMarin Pharmaceutical,BMRN
Russell 1000,Birkenstock,BIRK
Russell 1000,BJ's Wholesale Club,BJ
Russell 1000,BlackRock,BLK
Russell 1000,Blackstone Inc.,BX
Russell 1000,H&R Block,HRB
Russell 1000,"Block, Inc.",XYZ
Russell 1000,Blue Owl Capital,OWL
Russell 1000,BNY Mellon,BK
Russell 1000,Boeing,BA
Russell 1000,BOK Financial Corporation,BOKF
Russell 1000,Booking Holdings,BKNG
Russell 1000,Booz Allen Hamilton,BAH
Russell 1000,BorgWarner,BWA
Russell 1000,Boston Beer Company,SAM
Russell 1000,Boston Scientific,BSX
Russell 1000,Boyd Gaming,BYD
Russell 1000,Bright Horizons,BFAM
Russell 1000,Brighthouse Financial,BHF
Russell 1000,Bristol Myers Squibb,BMY
Russell 1000,Brixmor Property Group,BRX
Russell 1000,Broadcom,AVGO
Russell 1000,Broadridge Financial Solutions,BR
Russell 1000,Brookfield Asset Management,BAM
Russell 1000,Brookfield Renewable Partners,BEPC
Russell 1000,Brown & Brown,BRO
Russell 1000,Bruker,BRKR
Russell 1000,Brunswick Corporation,BC
Russell 1000,Builders FirstSource,BLDR
Russell 1000,Bunge Global,BG
Russell 1000,Burlington Stores,BURL
Russell 1000,BWX Technologies,BWXT
Russell 1000,"BXP, Inc.",BXP
Russell 1000,C.H. Robinson,CHRW
Russell 1000,CACI,CACI
Russell 1000,Cadence Design Systems,CDNS
Russell 1000,Caesars Entertainment,CZR
Russell 1000,Camden Property Trust,CPT
Russell 1000,Campbell Soup Company,CPB
Russell 1000,Capital One,COF
Russell 1000,Cardinal Health,CAH
Russell 1000,Caris Life Sciences,CAI
Russell 1000,Carlisle Companies,CSL
Russell 1000,Carlyle Group (The),CG
Russell 1000,CarMax,KMX
Russell 1000,Carnival Corporation & plc,CCL
Russell 1000,Carpenter Technology Corporation,CRS
Russell 1000,Carrier Global,CARR
Russell 1000,Carvana,CVNA
Russell 1000,Casey's,CASY
Russell 1000,Caterpillar Inc.,CAT
Russell 1000,Cava Group,CAVA
Russell 1000,Cboe Global Markets,CBOE
Russell 1000,CBRE Group,CBRE
Russell 1000,CCC Intelligent Solutions,CCCS
Russell 1000,CDW,CDW
Russell 1000,Celanese,CE
Russell 1000,Celsius Holdings,CELH
Russell 1000,Cencora,COR
Russell 1000,Centene,CNC
Russell 1000,Centerpoint Energy,CNP
Russell 1000,"Certara, Inc.",CERT
Russell 1000,CF Industries,CF
Russell 1000,Charles River Laboratories,CRL
Russell 1000,Charles Schwab Corporation,SCHW
Russell 1000,Charter Communications,CHTR
Russell 1000,Chemed Corporation,CHE
Russell 1000,Cheniere Energy,LNG
Russell 1000,Chevron Corporation,CVX
Russell 1000,Chewy,CHWY
Russell 1000,Chipotle Mexican Grill,CMG
Russell 1000,Choice Hotels,CHH
Russell 1000,Chord Energy,CHRD
Russell 1000,Chubb Limited,CB
Russell 1000,Church & Dwight,CHD
Russell 1000,Churchill Downs Incorporated,CHDN
Russell 1000,Ciena,CIEN
Russell 1000,Cigna,CI
Russell 1000,Cincinnati Financial,CINF
Russell 1000,Cintas,CTAS
Russell 1000,Cirrus Logic,CRUS
Russell 1000,Cisco,CSCO
Russell 1000,Citigroup,C
Russell 1000,Citizens Financial Group,CFG
Russell 1000,Civitas Resources,CIVI
Russell 1000,Clarivate,CLVT
Russell 1000,Clean Harbors,CLH
Russell 1000,Clearway Energy (Class C),CWEN
Russell 1000,Cleveland-Cliffs,CLF
Russell 1000,Clorox,CLX
Russell 1000,Cloudflare,NET
Russell 1000,CME Group,CME
Russell 1000,CMS Energy,CMS
Russell 1000,CNA Financial,CNA
Russell 1000,CNH Industrial,CNH
Russell 1000,Coca-Cola Company (The),KO
Russell 1000,Coca-Cola Consolidated,COKE
Russell 1000,Cognex Corporation,CGNX
Russell 1000,Cognizant,CTSH
Russell 1000,Coherent Corp.,COHR
Russell 1000,Coinbase,COIN
Russell 1000,Colgate-Palmolive,CL
Russell 1000,Columbia Banking System,COLB
Russell 1000,Columbia Sportswear,COLM
Russell 1000,Comcast,CMCSA
Russell 1000,Comerica,CMA
Russell 1000,Comfort Systems USA,FIX
Russell 1000,Commerce Bancshares,CBSH
Russell 1000,Conagra Brands,CAG
Russell 1000,Concentrix,CNXC
Russell 1000,"Confluent, Inc.",CFLT
Russell 1000,ConocoPhillips,COP
Russell 1000,Consolidated Edison,ED
Russell 1000,Constellation Brands,STZ
Russell 1000,Constellation Energy,CEG
Russell 1000,Cooper Companies (The),COO
Russell 1000,Copart,CPRT
Russell 1000,Corcept Therapeutics,CORT
Russell 1000,Core & Main,CNM
Russell 1000,Corning Inc.,GLW
Russell 1000,Corpay,CPAY
Russell 1000,Corteva,CTVA
Russell 1000,CoStar Group,CSGP
Russell 1000,Costco,COST
Russell 1000,Coterra,CTRA
Russell 1000,Coty,COTY
Russell 1000,Coupang,CPNG
Russell 1000,Cousins Properties,CUZ
Russell 1000,Crane Co.,CR
Russell 1000,Crane NXT,CXT
Russell 1000,Credit Acceptance,CACC
Russell 1000,CRH plc,CRH
Russell 1000,Crocs,CROX
Russell 1000,CrowdStrike,CRWD
Russell 1000,Crown Castle,CCI
Russell 1000,Crown Holdings,CCK
Russell 1000,CSX Corporation,CSX
Russell 1000,CubeSmart,CUBE
Russell 1000,Cummins,CMI
Russell 1000,Curtiss-Wright,CW
Russell 1000,CVS Health,CVS
Russell 1000,D. R. Horton,DHI
Russell 1000,Danaher Corporation,DHR
Russell 1000,Darden Restaurants,DRI
Russell 1000,Darling Ingredients,DAR
Russell 1000,Datadog,DDOG
Russell 1000,DaVita,DVA
Russell 1000,Dayforce,DAY
Russell 1000,Deckers Brands,DECK
Russell 1000,Deere & Company,DE
Russell 1000,Delta Air Lines,DAL
Russell 1000,Dell Technologies,DELL
Russell 1000,Dentsply Sirona,XRAY
Russell 1000,Devon Energy,DVN
Russell 1000,Dexcom,DXCM
Russell 1000,Diamondback Energy,FANG
Russell 1000,Dick's Sporting Goods,DKS
Russell 1000,Digital Realty,DLR
Russell 1000,Dillard's,DDS
Russell 1000,DocuSign,DOCU
Russell 1000,Dolby Laboratories,DLB
Russell 1000,Dollar General,DG
Russell 1000,Dollar Tree,DLTR
Russell 1000,Dominion Energy,D
Russell 1000,Domino's,DPZ
Russell 1000,Donaldson Company,DCI
Russell 1000,DoorDash,DASH
Russell 1000,DoubleVerify,DV
Russell 1000,Dover Corporation,DOV
Russell 1000,Dow Inc.,DOW
Russell 1000,Doximity,DOCS
Russell 1000,DraftKings,DKNG
Russell 1000,Dropbox,DBX
Russell 1000,DT Midstream,DTM
Russell 1000,DTE Energy,DTE
Russell 1000,Duke Energy,DUK
Russell 1000,Duolingo,DUOL
Russell 1000,DuPont,DD
Russell 1000,Dutch Bros. Coffee,BROS
Russell 1000,DXC Technology,DXC
Russell 1000,Dynatrace,DT
Russell 1000,e.l.f. Beauty,ELF
Russell 1000,Eagle Materials,EXP
Russell 1000,East West Bancorp,EWBC
Russell 1000,EastGroup Properties,EGP
Russell 1000,Eastman Chemical Company,EMN
Russell 1000,Eaton Corporation,ETN
Russell 1000,eBay,EBAY
Russell 1000,Ecolab,ECL
Russell 1000,Edison International,EIX
Russell 1000,Edwards Lifesciences,EW
Russell 1000,Elanco,ELAN
Russell 1000,Elastic NV,ESTC
Russell 1000,Electronic Arts,EA
Russell 1000,Element Solutions,ESI
Russell 1000,Elevance Health,ELV
Russell 1000,Emcor,EME
Russell 1000,Emerson Electric,EMR
Russell 1000,Encompass Health,EHC
Russell 1000,Enphase Energy,ENPH
Russell 1000,Entegris,ENTG
Russell 1000,Entergy,ETR
Russell 1000,Envista,NVST
Russell 1000,EOG Resources,EOG
Russell 1000,EPAM Systems,EPAM
Russell 1000,EPR Properties,EPR
Russell 1000,EQT Corporation,EQT
Russell 1000,Equifax,EFX
Russell 1000,Equinix,EQIX
Russell 1000,Equitable Holdings,EQH
Russell 1000,Equity Lifestyle Properties,ELS
Russell 1000,Equity Residential,EQR
Russell 1000,ESAB,ESAB
Russell 1000,Essential Utilities,WTRG
Russell 1000,Essex Property Trust,ESS
Russell 1000,Estée Lauder Companies (The),EL
Russell 1000,Etsy,ETSY
Russell 1000,Euronet Worldwide,EEFT
Russell 1000,Evercore,EVR
Russell 1000,Everest Group,EG
Russell 1000,Evergy,EVRG
Russell 1000,Eversource Energy,ES
Russell 1000,Everus Construction Group,ECG
Russell 1000,Exact Sciences,EXAS
Russell 1000,Exelixis,EXEL
Russell 1000,Exelon,EXC
Russell 1000,EXL Service,EXLS
Russell 1000,Expand Energy,EXE
Russell 1000,Expedia Group,EXPE
Russell 1000,Expeditors International,EXPD
Russell 1000,Extra Space Storage,EXR
Russell 1000,ExxonMobil,XOM
Russell 1000,"F5, Inc.",FFIV
Russell 1000,FactSet,FDS
Russell 1000,Fair Isaac,FICO
Russell 1000,Fastenal,FAST
Russell 1000,Federal Realty Investment Trust,FRT
Russell 1000,FedEx,FDX
Russell 1000,Ferguson Enterprises,FERG
Russell 1000,Fidelity National Financial,FNF
Russell 1000,Fidelity National Information Services,FIS
Russell 1000,Fifth Third Bancorp,FITB
Russell 1000,First American Financial Corporation,FAF
Russell 1000,First Citizens BancShares,FCNCA
Russell 1000,"First Hawaiian, Inc.",FHB
Russell 1000,First Horizon Corporation,FHN
Russell 1000,First Industrial Realty Trust,FR
Russell 1000,First Solar,FSLR
Russell 1000,FirstEnergy,FE
Russell 1000,Fiserv,FI
Russell 1000,Five Below,FIVE
Russell 1000,Flex Ltd.,FLEX
Russell 1000,Floor & Decor,FND
Russell 1000,Flowers Foods,FLO
Russell 1000,Flowserve,FLS
Russell 1000,Flutter Entertainment,FLUT
Russell 1000,FMC Corporation,FMC
Russell 1000,FNB Corporation,FNB
Russell 1000,Ford Motor Company,F
Russell 1000,Fortinet,FTNT
Russell 1000,Fortive,FTV
Russell 1000,Fortune Brands Innovations,FBIN
Russell 1000,Fox Corporation (Class A),FOXA
Russell 1000,Fox Corporation (Class B),FOX
Russell 1000,Franklin Templeton Investments,BEN
Russell 1000,Freedom Holding,FRHC
Russell 1000,Freeport-McMoRan,FCX
Russell 1000,Freshpet,FRPT
Russell 1000,Frontier Communications,FYBR
Russell 1000,Frost Bank,CFR
Russell 1000,FTAI Aviation,FTAI
Russell 1000,FTI Consulting,FCN
Russell 1000,GameStop,GME
Russell 1000,Gaming and Leisure Properties,GLPI
Russell 1000,Gap Inc.,GAP
Russell 1000,Garmin,GRMN
Russell 1000,Gartner,IT
Russell 1000,Gates Corporation,GTES
Russell 1000,GCI Liberty (Series A),GLIBA
Russell 1000,GCI Liberty (Series C),GLIBK
Russell 1000,GE Aerospace,GE
Russell 1000,GE HealthCare,GEHC
Russell 1000,GE Vernova,GEV
Russell 1000,Gen Digital,GEN
Russell 1000,Generac,GNRC
Russell 1000,General Dynamics,GD
Russell 1000,General Mills,GIS
Russell 1000,General Motors,GM
Russell 1000,Genpact,G
Russell 1000,Gentex,GNTX
Russell 1000,Genuine Parts Company,GPC
Russell 1000,Gilead Sciences,GILD
Russell 1000,GitLab,GTLB
Russell 1000,Global Payments,GPN
Russell 1000,GlobalFoundries,GFS
Russell 1000,Globant,GLOB
Russell 1000,Globe Life,GL
Russell 1000,Globus Medical,GMED
Russell 1000,GoDaddy,GDDY
Russell 1000,Goldman Sachs,GS
Russell 1000,Graco Inc.,GGG
Russell 1000,Grand Canyon Education,LOPE
Russell 1000,Graphic Packaging,GPK
Russell 1000,Guidewire Software,GWRE
Russell 1000,GXO Logistics,GXO
Russell 1000,Halliburton,HAL
Russell 1000,Halozyme,HALO
Russell 1000,Hamilton Lane,HLNE
Russell 1000,Hanover Insurance,THG
Russell 1000,Harley-Davidson,HOG
Russell 1000,Hartford (The),HIG
Russell 1000,Hasbro,HAS
Russell 1000,Hayward Holdings,HAYW
Russell 1000,HCA Healthcare,HCA
Russell 1000,Healthcare Realty Trust,HR
Russell 1000,Healthpeak Properties,DOC
Russell 1000,HEICO (Common),HEI
Russell 1000,Jack Henry & Associates,JKHY
Russell 1000,Hershey Company (The),HSY
Russell 1000,Hewlett Packard Enterprise,HPE
Russell 1000,Hexcel,HXL
Russell 1000,HF Sinclair,DINO
Russell 1000,Highwoods Properties,HIW
Russell 1000,Hilton Worldwide,HLT
Russell 1000,Hologic,HOLX
Russell 1000,Home Depot (The),HD
Russell 1000,Honeywell,HON
Russell 1000,Hormel Foods,HRL
Russell 1000,Host Hotels & Resorts,HST
Russell 1000,Houlihan Lokey,HLI
Russell 1000,Howard Hughes Holdings,HHH
Russell 1000,Howmet Aerospace,HWM
Russell 1000,HP Inc.,HPQ
Russell 1000,Hubbell Incorporated,HUBB
Russell 1000,HubSpot,HUBS
Russell 1000,Humana,HUM
Russell 1000,Huntington Bancshares,HBAN
Russell 1000,Huntington Ingalls Industries,HII
Russell 1000,Huntsman Corporation,HUN
Russell 1000,Hyatt Hotels,H
Russell 1000,IAC Inc.,IAC
Russell 1000,IBM,IBM
Russell 1000,Idacorp,IDA
Russell 1000,IDEX Corporation,IEX
Russell 1000,Idexx Laboratories,IDXX
Russell 1000,Illinois Tool Works,ITW
Russell 1000,"Illumina, Inc.",ILMN
Russell 1000,Incyte,INCY
Russell 1000,Informatica,INFA
Russell 1000,Ingersoll Rand,IR
Russell 1000,Ingram Micro,INGM
Russell 1000,Ingredion,INGR
Russell 1000,Insmed,INSM
Russell 1000,Inspire Medical Systems,INSP
Russell 1000,Insulet,PODD
Russell 1000,Intel,INTC
Russell 1000,Interactive Brokers,IBKR
Russell 1000,Intercontinental Exchange,ICE
Russell 1000,International Flavors & Fragrances,IFF
Russell 1000,International Paper,IP
Russell 1000,Interpublic Group of Companies (The),IPG
Russell 1000,Intuit,INTU
Russell 1000,Intuitive Surgical,ISRG
Russell 1000,Invesco,IVZ
Russell 1000,Invitation Homes,INVH
Russell 1000,Ionis Pharmaceuticals,IONS
Russell 1000,IPG Photonics,IPGP
Russell 1000,IQVIA,IQV
Russell 1000,Iridium Communications,IRDM
Russell 1000,Iron Mountain,IRM
Russell 1000,ITT Inc.,ITT
Russell 1000,Jabil,JBL
Russell 1000,Jacobs Solutions,J
Russell 1000,James Hardie Industries,JHX
Russell 1000,Janus Henderson,JHG
Russell 1000,Jazz Pharmaceuticals,JAZZ
Russell 1000,J. B. Hunt,JBHT
Russell 1000,Jefferies Financial Group,JEF
Russell 1000,Johnson & Johnson,JNJ
Russell 1000,Johnson Controls,JCI
Russell 1000,Jones Lang LaSalle,JLL
Russell 1000,JPMorgan Chase,JPM
Russell 1000,Karman Holdings,KRMN
Russell 1000,"KBR, Inc.",KBR
Russell 1000,Kellanova,K
Russell 1000,Kemper Corporation,KMPR
Russell 1000,Kenvue,KVUE
Russell 1000,Keurig Dr Pepper,KDP
Russell 1000,Keycorp,KEY
Russell 1000,Keysight,KEYS
Russell 1000,Kilroy Realty,KRC
Russell 1000,Kimberly-Clark,KMB
Russell 1000,Kimco Realty,KIM
Russell 1000,Kinder Morgan,KMI
Russell 1000,Kinsale Capital Group,KNSL
Russell 1000,Kirby Corporation,KEX
Russell 1000,KKR & Co. Inc.,KKR
Russell 1000,KLA Corporation,KLAC
Russell 1000,Knight-Swift,KNX
Russell 1000,Kraft Heinz,KHC
Russell 1000,Kroger,KR
Russell 1000,Kyndryl,KD
Russell 1000,L3Harris,LHX
Russell 1000,Labcorp,LH
Russell 1000,Lam Research,LRCX
Russell 1000,Lamar Advertising,LAMR
Russell 1000,Lamb Weston,LW
Russell 1000,Landstar,LSTR
Russell 1000,Las Vegas Sands,LVS
Russell 1000,Lattice Semiconductor,LSCC
Russell 1000,Lazard,LAZ
Russell 1000,Lear Corporation,LEA
Russell 1000,Leidos,LDOS
Russell 1000,Lennar (Class A),LEN
Russell 1000,Lennox International,LII
Russell 1000,Leonardo DRS,DRS
Russell 1000,Liberty Broadband (Series A),LBRDA
Russell 1000,Liberty Broadband (Series C),LBRDK
Russell 1000,Liberty Global (Series A),LBTYA
Russell 1000,Liberty Global (Series C),LBTYK
Russell 1000,Liberty Formula 1 (Series A),FWONA
Russell 1000,Liberty Formula 1 (Series C),FWONK
Russell 1000,Liberty Live (Series A),LLYVA
Russell 1000,Liberty Live (Series C),LLYVK
Russell 1000,Light & Wonder,LNW
Russell 1000,Lilly (Eli),LLY
Russell 1000,Lincoln Electric,LECO
Russell 1000,Lincoln Financial,LNC
Russell 1000,Linde plc,LIN
Russell 1000,"Lineage, Inc.",LINE
Russell 1000,Lithia Motors,LAD
Russell 1000,Littelfuse,LFUS
Russell 1000,Live Nation Entertainment,LYV
Russell 1000,LKQ Corporation,LKQ
Russell 1000,Loar Holdings,LOAR
Russell 1000,Lockheed Martin,LMT
Russell 1000,Loews Corporation,L
Russell 1000,Louisiana-Pacific,LPX
Russell 1000,Lowe's,LOW
Russell 1000,LPL Financial,LPLA
Russell 1000,Lucid Motors,LCID
Russell 1000,Lululemon Athletica,LULU
Russell 1000,Lumentum,LITE
Russell 1000,Lyft,LYFT
Russell 1000,LyondellBasell,LYB
Russell 1000,M&T Bank,MTB
Russell 1000,MACOM Technology Solutions,MTSI
Russell 1000,"Macy's, Inc.",M
Russell 1000,Madison Square Garden Sports,MSGS
Russell 1000,Manhattan Associates,MANH
Russell 1000,ManpowerGroup,MAN
Russell 1000,Maplebear Inc.,CART
Russell 1000,Marathon Petroleum,MPC
Russell 1000,Markel,MKL
Russell 1000,MarketAxess,MKTX
Russell 1000,Marriott International,MAR
Russell 1000,Marsh McLennan,MMC
Russell 1000,Martin Marietta Materials,MLM
Russell 1000,Marvell Technology,MRVL
Russell 1000,Masco,MAS
Russell 1000,Masimo,MASI
Russell 1000,MasTec,MTZ
Russell 1000,Mastercard,MA
Russell 1000,Matador Resources,MTDR
Russell 1000,Match Group,MTCH
Russell 1000,Mattel,MAT
Russell 1000,McCormick & Company,MKC
Russell 1000,McDonald's,MCD
Russell 1000,McKesson Corporation,MCK
Russell 1000,MDU Resources,MDU
Russell 1000,Medical Properties Trust,MPW
Russell 1000,Medpace,MEDP
Russell 1000,Medtronic,MDT
Russell 1000,Merck & Co.,MRK
Russell 1000,Meta Platforms,META
Russell 1000,Metlife,MET
Russell 1000,Mettler Toledo,MTD
Russell 1000,MGIC Investment Corporation,MTG
Russell 1000,MGM Resorts International,MGM
Russell 1000,Microchip Technology,MCHP
Russell 1000,Micron Technology,MU
Russell 1000,Microsoft,MSFT
Russell 1000,MicroStrategy,MSTR
Russell 1000,Mid-America Apartment Communities,MAA
Russell 1000,Middleby,MIDD
Russell 1000,Millicom,TIGO
Russell 1000,Millrose Properties,MRP
Russell 1000,MKS Instruments,MKSI
Russell 1000,Moderna,MRNA
Russell 1000,Mohawk Industries,MHK
Russell 1000,Molina Healthcare,MOH
Russell 1000,Molson Coors,TAP
Russell 1000,Mondelez International,MDLZ
Russell 1000,MongoDB Inc.,MDB
Russell 1000,Monolithic Power Systems,MPWR
Russell 1000,Monster Beverage,MNST
Russell 1000,Moody's Corporation,MCO
Russell 1000,Morgan Stanley,MS
Russell 1000,"Morningstar, Inc.",MORN
Russell 1000,Mosaic Company (The),MOS
Russell 1000,Motorola Solutions,MSI
Russell 1000,MP Materials,MP
Russell 1000,Mr. Cooper Group,COOP
Russell 1000,MSA Safety,MSA
Russell 1000,MSC Industrial Direct,MSM
Russell 1000,MSCI,MSCI
Russell 1000,Mueller Industries,MLI
Russell 1000,Murphy USA,MUSA
Russell 1000,"Nasdaq, Inc.",NDAQ
Russell 1000,Natera,NTRA
Russell 1000,National Fuel Gas,NFG
Russell 1000,National Storage Affiliates,NSA
Russell 1000,nCino,NCNO
Russell 1000,Netapp,NTAP
Russell 1000,Netflix,NFLX
Russell 1000,Neurocrine Biosciences,NBIX
Russell 1000,New York Times Company,NYT
Russell 1000,Newell Brands,NWL
Russell 1000,NewMarket,NEU
Russell 1000,Newmont,NEM
Russell 1000,News Corp (Class A),NWSA
Russell 1000,News Corp (Class B),NWS
Russell 1000,Nexstar Media Group,NXST
Russell 1000,NextEra Energy,NEE
Russell 1000,NIQ Global Intelligence,NIQ
Russell 1000,"Nike, Inc.",NKE
Russell 1000,NiSource,NI
Russell 1000,NNN Reit,NNN
Russell 1000,Nordson,NDSN
Russell 1000,Norfolk Southern,NSC
Russell 1000,Northern Trust,NTRS
Russell 1000,Northrop Grumman,NOC
Russell 1000,Norwegian Cruise Line Holdings,NCLH
Russell 1000,NOV Inc.,NOV
Russell 1000,NRG Energy,NRG
Russell 1000,Nubank,NU
Russell 1000,Nucor,NUE
Russell 1000,Nutanix,NTNX
Russell 1000,nVent Electric,NVT
Russell 1000,Nvidia,NVDA
Russell 1000,"NVR, Inc.",NVR
Russell 1000,O'Reilly Auto Parts,ORLY
Russell 1000,Occidental Petroleum,OXY
Russell 1000,OGE Energy,OGE
Russell 1000,"Okta, Inc.",OKTA
Russell 1000,Old Dominion Freight Line,ODFL
Russell 1000,Old Republic International,ORI
Russell 1000,Olin Corporation,OLN
Russell 1000,Ollie's Bargain Outlet,OLLI
Russell 1000,Omega Healthcare Investors,OHI
Russell 1000,Omnicom Group,OMC
Russell 1000,On Holding AG,ONON
Russell 1000,ON Semiconductor,ON
Russell 1000,OneMain Financial,OMF
Russell 1000,Oneok,OKE
Russell 1000,Onto Innovation,ONTO
Russell 1000,Oracle Corporation,ORCL
Russell 1000,Organon & Co.,OGN
Russell 1000,Oshkosh Corporation,OSK
Russell 1000,Otis Worldwide,OTIS
Russell 1000,Ovintiv,OVV
Russell 1000,Owens Corning,OC
Russell 1000,Paccar,PCAR
Russell 1000,Packaging Corporation of America,PKG
Russell 1000,Palantir Technologies,PLTR
Russell 1000,Palo Alto Networks,PANW
Russell 1000,Park Hotels & Resorts,PK
Russell 1000,Parker Hannifin,PH
Russell 1000,Parsons Corporation,PSN
Russell 1000,Paychex,PAYX
Russell 1000,Paycom,PAYC
Russell 1000,Paylocity,PCTY
Russell 1000,PayPal,PYPL
Russell 1000,Pegasystems,PEGA
Russell 1000,Penn Entertainment,PENN
Russell 1000,Penske Automotive Group,PAG
Russell 1000,Pentair,PNR
Russell 1000,"Penumbra, Inc.",PEN
Russell 1000,PepsiCo,PEP
Russell 1000,Performance Food Group,PFGC
Russell 1000,Permian Resources,PR
Russell 1000,Perrigo,PRGO
Russell 1000,Pfizer,PFE
Russell 1000,PG&E Corporation,PCG
Russell 1000,Philip Morris International,PM
Russell 1000,Phillips 66,PSX
Russell 1000,Pilgrim's Pride,PPC
Russell 1000,Pinnacle Financial Partners,PNFP
Russell 1000,Pinnacle West Capital,PNW
Russell 1000,Pinterest,PINS
Russell 1000,Planet Fitness,PLNT
Russell 1000,PNC Financial Services,PNC
Russell 1000,Pool Corporation,POOL
Russell 1000,"Popular, Inc.",BPOP
Russell 1000,Post Holdings,POST
Russell 1000,PPG Industries,PPG
Russell 1000,PPL Corporation,PPL
Russell 1000,T. Rowe Price,TROW
Russell 1000,Primerica,PRI
Russell 1000,Primo Brands,PRMB
Russell 1000,Principal Financial Group,PFG
Russell 1000,Procore,PCOR
Russell 1000,Procter & Gamble,PG
Russell 1000,Progressive Corporation,PGR
Russell 1000,Prologis,PLD
Russell 1000,Prosperity Bancshares,PB
Russell 1000,Prudential Financial,PRU
Russell 1000,PTC Inc.,PTC
Russell 1000,Public Storage,PSA
Russell 1000,Public Service Enterprise Group,PEG
Russell 1000,PulteGroup,PHM
Russell 1000,Pure Storage,PSTG
Russell 1000,PVH Corp.,PVH
Russell 1000,Qiagen,QGEN
Russell 1000,Qorvo,QRVO
Russell 1000,Qualcomm,QCOM
Russell 1000,Quanta Services,PWR
Russell 1000,QuantumScape,QS
Russell 1000,Quest Diagnostics,DGX
Russell 1000,"QXO, Inc.",QXO
Russell 1000,Ralliant,RAL
Russell 1000,Ralph Lauren Corporation,RL
Russell 1000,Range Resources,RRC
Russell 1000,Raymond James Financial,RJF
Russell 1000,Rayonier,RYN
Russell 1000,RB Global,RBA
Russell 1000,RBC Bearings,RBC
Russell 1000,Realty Income,O
Russell 1000,Reddit,RDDT
Russell 1000,Regal Rexnord,RRX
Russell 1000,Regency Centers,REG
Russell 1000,Regeneron Pharmaceuticals,REGN
Russell 1000,Regions Financial Corporation,RF
Russell 1000,Reinsurance Group of America,RGA
Russell 1000,"Reliance, Inc.",RS
Russell 1000,RenaissanceRe,RNR
Russell 1000,Repligen,RGEN
Russell 1000,Republic Services,RSG
Russell 1000,Resmed,RMD
Russell 1000,Restaurant Brands International,QSR
Russell 1000,Revolution Medicines,RVMD
Russell 1000,Revvity,RVTY
Russell 1000,Rexford Industrial,REXR
Russell 1000,Reynolds Consumer Products,REYN
Russell 1000,RH,RH
Russell 1000,RingCentral,RNG
Russell 1000,Rithm Capital,RITM
Russell 1000,Rivian,RIVN
Russell 1000,RLI Corp.,RLI
Russell 1000,Robert Half,RHI
Russell 1000,Robinhood Markets,HOOD
Russell 1000,Roblox Corporation,RBLX
Russell 1000,Rocket Companies,RKT
Russell 1000,Rocket Lab,RKLB
Russell 1000,Rockwell Automation,ROK
Russell 1000,Roivant Sciences,ROIV
Russell 1000,"Roku, Inc.",ROKU
Russell 1000,"Rollins, Inc.",ROL
Russell 1000,Roper Technologies,ROP
Russell 1000,Ross Stores,ROST
Russell 1000,Royal Caribbean Group,RCL
Russell 1000,Royal Gold,RGLD
Russell 1000,Royalty Pharma,RPRX
Russell 1000,RPM International,RPM
Russell 1000,RTX Corporation,RTX
Russell 1000,Rubrik,RBRK
Russell 1000,Ryan Specialty,RYAN
Russell 1000,Ryder,R
Russell 1000,S&P Global,SPGI
Russell 1000,Saia,SAIA
Russell 1000,SailPoint,SAIL
Russell 1000,SAIC,SAIC
Russell 1000,Salesforce,CRM
Russell 1000,Sallie Mae,SLM
Russell 1000,Samsara,IOT
Russell 1000,SanDisk,SNDK
Russell 1000,Sarepta Therapeutics,SRPT
Russell 1000,SBA Communications,SBAC
Russell 1000,Schein (Henry),HSIC
Russell 1000,Schlumberger,SLB
Russell 1000,Schneider National,SNDR
Russell 1000,Scotts Miracle-Gro Company,SMG
Russell 1000,Seaboard Corporation,SEB
Russell 1000,Sealed Air,SEE
Russell 1000,SEI Investments Company,SEIC
Russell 1000,Sempra,SRE
Russell 1000,Sensata Technologies,ST
Russell 1000,SentinelOne,S
Russell 1000,Service Corporation International,SCI
Russell 1000,ServiceNow,NOW
Russell 1000,SharkNinja,SN
Russell 1000,Sherwin-Williams,SHW
Russell 1000,Shift4,FOUR
Russell 1000,Silgan Holdings,SLGN
Russell 1000,Simon Property Group,SPG
Russell 1000,Simpson Manufacturing Company,SSD
Russell 1000,Sirius XM,SIRI
Russell 1000,SiteOne Landscape Supply,SITE
Russell 1000,Skyworks Solutions,SWKS
Russell 1000,Smithfield Foods,SFD
Russell 1000,J.M. Smucker Company (The),SJM
Russell 1000,Smurfit Westrock,SW
Russell 1000,Snap-on,SNA
Russell 1000,Snowflake Inc.,SNOW
Russell 1000,SoFi,SOFI
Russell 1000,Solstice Advanced Materials,SOLS
Russell 1000,Solventum,SOLV
Russell 1000,Somnigroup International,SGI
Russell 1000,Sonoco,SON
Russell 1000,Sotera Health,SHC
Russell 1000,Southern Company,SO
Russell 1000,Southern Copper,SCCO
Russell 1000,SouthState Corporation,SSB
Russell 1000,Southwest Airlines,LUV
Russell 1000,Spirit AeroSystems,SPR
Russell 1000,Spotify,SPOT
Russell 1000,Sprouts Farmers Market,SFM
Russell 1000,SS&C Technologies,SSNC
Russell 1000,STAG Industrial,STAG
Russell 1000,StandardAero,SARO
Russell 1000,Stanley Black & Decker,SWK
Russell 1000,Starbucks,SBUX
Russell 1000,Starwood Property Trust,STWD
Russell 1000,State Street Corporation,STT
Russell 1000,Steel Dynamics,STLD
Russell 1000,Steris,STE
Russell 1000,Stifel,SF
Russell 1000,Stryker Corporation,SYK
Russell 1000,Summit Therapeutics,SMMT
Russell 1000,Sun Communities,SUI
Russell 1000,Supermicro,SMCI
Russell 1000,Synchrony Financial,SYF
Russell 1000,Synopsys,SNPS
Russell 1000,Synovus,SNV
Russell 1000,Sysco,SYY
Russell 1000,T-Mobile US,TMUS
Russell 1000,Take-Two Interactive,TTWO
Russell 1000,Talen Energy,TLN
Russell 1000,"Tapestry, Inc.",TPR
Russell 1000,Targa Resources,TRGP
Russell 1000,Target Corporation,TGT
Russell 1000,TD Synnex,SNX
Russell 1000,TechnipFMC,FTI
Russell 1000,Teledyne Technologies,TDY
Russell 1000,Teleflex,TFX
Russell 1000,Tempus AI,TEM
Russell 1000,Tenet Healthcare,THC
Russell 1000,Teradata,TDC
Russell 1000,Teradyne,TER
Russell 1000,"Tesla, Inc.",TSLA
Russell 1000,Tetra Tech,TTEK
Russell 1000,Texas Instruments,TXN
Russell 1000,Texas Pacific Land Corporation,TPL
Russell 1000,Texas Roadhouse,TXRH
Russell 1000,Textron,TXT
Russell 1000,Thermo Fisher Scientific,TMO
Russell 1000,Third Federal S&L,TFSL
Russell 1000,Thor Industries,THO
Russell 1000,Timken Company,TKR
Russell 1000,TJX Companies,TJX
Russell 1000,TKO Group Holdings,TKO
Russell 1000,"Toast, Inc.",TOST
Russell 1000,Toll Brothers,TOL
Russell 1000,TopBuild,BLD
Russell 1000,Toro Company (The),TTC
Russell 1000,TPG Inc.,TPG
Russell 1000,Tractor Supply Company,TSCO
Russell 1000,Trade Desk (The),TTD
Russell 1000,Tradeweb,TW
Russell 1000,Trane Technologies,TT
Russell 1000,TransDigm Group,TDG
Russell 1000,TransUnion,TRU
Russell 1000,Travel + Leisure Co.,TNL
Russell 1000,Travelers Companies (The),TRV
Russell 1000,"Trex Company, Inc.",TREX
Russell 1000,Trimble Inc.,TRMB
Russell 1000,Truist Financial,TFC
Russell 1000,Trump Media & Technology Group,DJT
Russell 1000,Twilio,TWLO
Russell 1000,Tyler Technologies,TYL
Russell 1000,Tyson Foods,TSN
Russell 1000,U-Haul,UHAL
Russell 1000,U.S. Bancorp,USB
Russell 1000,Uber,UBER
Russell 1000,Ubiquiti,UI
Russell 1000,"UDR, Inc.",UDR
Russell 1000,UGI Corporation,UGI
Russell 1000,UiPath,PATH
Russell 1000,Ulta Beauty,ULTA
Russell 1000,Ultragenyx,RARE
Russell 1000,Under Armour (Class A),UAA
Russell 1000,Under Armour (Class C),UA
Russell 1000,Union Pacific Corporation,UNP
Russell 1000,United Airlines Holdings,UAL
Russell 1000,United Parcel Service,UPS
Russell 1000,United Rentals,URI
Russell 1000,United Therapeutics,UTHR
Russell 1000,United Wholesale Mortgage,UWMC
Russell 1000,UnitedHealth Group,UNH
Russell 1000,Unity Technologies,U
Russell 1000,Universal Display Corporation,OLED
Russell 1000,Universal Health Services,UHS
Russell 1000,Unum,UNM
Russell 1000,US Foods,USFD
Russell 1000,Vail Resorts,MTN
Russell 1000,Valero Energy,VLO
Russell 1000,Valmont Industries,VMI
Russell 1000,Valvoline,VVV
Russell 1000,Veeva Systems,VEEV
Russell 1000,"Ventas, Inc.",VTR
Russell 1000,Veralto,VLTO
Russell 1000,Verisign,VRSN
Russell 1000,Verisk Analytics,VRSK
Russell 1000,Verizon,VZ
Russell 1000,Vertex Pharmaceuticals,VRTX
Russell 1000,Vertiv,VRT
Russell 1000,VF Corporation,VFC
Russell 1000,Viatris,VTRS
Russell 1000,Vici Properties,VICI
Russell 1000,Viking Holdings,VIK
Russell 1000,Viking Therapeutics,VKTX
Russell 1000,Viper Energy,VNOM
Russell 1000,Virtu Financial,VIRT
Russell 1000,Visa Inc.,V
Russell 1000,Vistra Corp.,VST
Russell 1000,Vontier,VNT
Russell 1000,Vornado Realty Trust,VNO
Russell 1000,Voya Financial,VOYA
Russell 1000,Vulcan Materials,VMC
Russell 1000,W. P. Carey,WPC
Russell 1000,W. R. Berkley Corporation,WRB
Russell 1000,W. W. Grainger,GWW
Russell 1000,Wabtec,WAB
Russell 1000,Walmart,WMT
Russell 1000,Walt Disney Company (The),DIS
Russell 1000,Warner Bros. Discovery,WBD
Russell 1000,"Waste Management, Inc.",WM
Russell 1000,Waters Corporation,WAT
Russell 1000,Watsco,WSO
Russell 1000,Wayfair,W
Russell 1000,Weatherford International,WFRD
Russell 1000,Webster Bank,WBS
Russell 1000,WEC Energy Group,WEC
Russell 1000,Wells Fargo,WFC
Russell 1000,Welltower,WELL
Russell 1000,Wendy's Company (The),WEN
Russell 1000,Wesco International,WCC
Russell 1000,West Pharmaceutical Services,WST
Russell 1000,Western Alliance Bancorporation,WAL
Russell 1000,Western Digital,WDC
Russell 1000,Western Union,WU
Russell 1000,Westlake Corporation,WLK
Russell 1000,WEX Inc.,WEX
Russell 1000,Weyerhaeuser,WY
Russell 1000,Whirlpool Corporation,WHR
Russell 1000,White Mountains Insurance Group,WTM
Russell 1000,Williams Companies,WMB
Russell 1000,"Williams-Sonoma, Inc.",WSM
Russell 1000,Willis Towers Watson,WTW
Russell 1000,WillScot Mobile Mini,WSC
Russell 1000,Wingstop,WING
Russell 1000,Wintrust Financial,WTFC
Russell 1000,"Woodward, Inc.",WWD
Russell 1000,"Workday, Inc.",WDAY
Russell 1000,Wyndham Hotels & Resorts,WH
Russell 1000,Wynn Resorts,WYNN
Russell 1000,Xcel Energy,XEL
Russell 1000,XP Inc.,XP
Russell 1000,"XPO, Inc.",XPO
Russell 1000,Xylem Inc.,XYL
Russell 1000,Yeti Holdings,YETI
Russell 1000,Yum! Brands,YUM
Russell 1000,Zebra Technologies,ZBRA
Russell 1000,Zillow (Class A),ZG
Russell 1000,Zillow (Class C),Z
Russell 1000,Zimmer Biomet,ZBH
Russell 1000,Zions Bancorporation,ZION
Russell 1000,Zoetis,ZTS
Russell 1000,Zoom Communications,ZM
Russell 1000,ZoomInfo,GTM
Russell 1000,Zscaler,ZS
 Russell 2000 Index,BLOOM ENERGY CLASS A CORP,BE
 Russell 2000 Index,CREDO TECHNOLOGY GROUP HOLDING LTD,CRDO
 Russell 2000 Index,IONQ INC,IONQ
 Russell 2000 Index,FABRINET,FN
 Russell 2000 Index,KRATOS DEFENSE AND SECURITY SOLUTI,KTOS
 Russell 2000 Index,NEXTRACKER INC CLASS A,NXT
 Russell 2000 Index,OKLO INC CLASS A,OKLO
 Russell 2000 Index,RIGETTI COMPUTING INC,RGTI
 Russell 2000 Index,AEROVIRONMENT INC,AVAV
 Russell 2000 Index,D WAVE QUANTUM INC,QBTS
 Russell 2000 Index,STERLING INFRASTRUCTURE INC,STRL
 Russell 2000 Index,RAMBUS INC,RMBS
 Russell 2000 Index,GUARDANT HEALTH INC,GH
 Russell 2000 Index,COEUR MINING INC,CDE
 Russell 2000 Index,SPX TECHNOLOGIES INC,SPXC
 Russell 2000 Index,ECHOSTAR CORP CLASS A,SATS
 Russell 2000 Index,ENSIGN GROUP INC,ENSG
 Russell 2000 Index,LUMEN TECHNOLOGIES INC,LUMN
 Russell 2000 Index,BRIDGEBIO PHARMA INC,BBIO
 Russell 2000 Index,INTERDIGITAL INC,IDCC
 Russell 2000 Index,CHART INDUSTRIES INC,GTLS
 Russell 2000 Index,HIMS HERS HEALTH INC CLASS A,HIMS
 Russell 2000 Index,DYCOM INDUSTRIES INC,DY
 Russell 2000 Index,HEALTHEQUITY INC,HQY
 Russell 2000 Index,MODINE MANUFACTURING,MOD
 Russell 2000 Index,FLUOR CORP,FLR
 Russell 2000 Index,JOBY AVIATION INC CLASS A,JOBY
 Russell 2000 Index,UMB FINANCIAL CORP,UMBF
 Russell 2000 Index,MADRIGAL PHARMACEUTICALS INC,MDGL
 Russell 2000 Index,HECLA MINING,HL
 Russell 2000 Index,PRIMORIS SERVICES CORP,PRIM
 Russell 2000 Index,ADVANCED ENERGY INDUSTRIES INC,AEIS
 Russell 2000 Index,WATTS WATER TECHNOLOGIES INC CLASS,WTS
 Russell 2000 Index,APPLIED DIGITAL CORP,APLD
 Russell 2000 Index,CYTOKINETICS INC,CYTK
 Russell 2000 Index,CARETRUST REIT INC,CTRE
 Russell 2000 Index,AMERICAN HEALTHCARE REIT INC,AHR
 Russell 2000 Index,OLD NATIONAL BANCORP,ONB
 Russell 2000 Index,SANMINA CORP,SANM
 Russell 2000 Index,AVIDITY BIOSCIENCES INC,RNA
 Russell 2000 Index,FEDERAL SIGNAL CORP,FSS
 Russell 2000 Index,ZURN ELKAY WATER SOLUTIONS CORP,ZWS
 Russell 2000 Index,JACKSON FINANCIAL INC CLASS A,JXN
 Russell 2000 Index,MIRION TECHNOLOGIES INC CLASS A,MIR
 Russell 2000 Index,RIOT PLATFORMS INC,RIOT
 Russell 2000 Index,MARA HOLDINGS INC,MARA
 Russell 2000 Index,TTM TECHNOLOGIES INC,TTMI
 Russell 2000 Index,COMMERCIAL METALS,CMC
 Russell 2000 Index,JBT MAREL CORP,JBTM
 Russell 2000 Index,ORMAT TECH INC,ORA
 Russell 2000 Index,SOUNDHOUND AI INC CLASS A,SOUN
 Russell 2000 Index,URANIUM ENERGY CORP,UEC
 Russell 2000 Index,FIRSTCASH HOLDINGS INC,FCFS
 Russell 2000 Index,COMMVAULT SYSTEMS INC,CVLT
 Russell 2000 Index,CADENCE BANK,CADE
 Russell 2000 Index,ARCHER AVIATION INC CLASS A,ACHR
 Russell 2000 Index,SITIME CORP,SITM
 Russell 2000 Index,CORE SCIENTIFIC INC,CORZ
 Russell 2000 Index,IRHYTHM TECHNOLOGIES INC,IRTC
 Russell 2000 Index,ESSENTIAL PROPERTIES REALTY TRUST,EPRT
 Russell 2000 Index,RHYTHM PHARMACEUTICALS INC,RYTM
 Russell 2000 Index,ESSENT GROUP LTD,ESNT
 Russell 2000 Index,RESIDEO TECHNOLOGIES INC,REZI
 Russell 2000 Index,SEMTECH CORP,SMTC
 Russell 2000 Index,TERRENO REALTY REIT CORP,TRNO
 Russell 2000 Index,BOOT BARN HOLDINGS INC,BOOT
 Russell 2000 Index,INSTALLED BUILDING PRODUCTS INC,IBP
 Russell 2000 Index,TAYLOR MORRISON HOME CORP,TMHC
 Russell 2000 Index,CENTRUS ENERGY CORP CLASS A,LEU
 Russell 2000 Index,ESCO TECHNOLOGIES INC,ESE
 Russell 2000 Index,NUSCALE POWER CORP CLASS A,SMR
 Russell 2000 Index,PIPER SANDLER COMPANIES,PIPR
 Russell 2000 Index,GATX CORP,GATX
 Russell 2000 Index,TXNM ENERGY INC,TXNM
 Russell 2000 Index,UFP INDUSTRIES INC,UFPI
 Russell 2000 Index,CASELLA WASTE SYSTEMS INC CLASS A,CWST
 Russell 2000 Index,BROOKFIELD INFRASTRUCTURE CORP CLA,BIPC
 Russell 2000 Index,AXSOME THERAPEUTICS INC,AXSM
 Russell 2000 Index,RYMAN HOSPITALITY PROPERTIES REIT,RHP
 Russell 2000 Index,CONSTRUCTION PARTNERS INC CLASS A,ROAD
 Russell 2000 Index,BADGER METER INC,BMI
 Russell 2000 Index,VALLEY NATIONAL,VLY
 Russell 2000 Index,PTC THERAPEUTICS INC,PTCT
 Russell 2000 Index,CRISPR THERAPEUTICS AG,CRSP
 Russell 2000 Index,IMPINJ INC,PI
 Russell 2000 Index,GLACIER BANCORP INC,GBCI
 Russell 2000 Index,RADNET INC,RDNT
 Russell 2000 Index,SOUTHWEST GAS HOLDINGS INC,SWX
 Russell 2000 Index,VAXCYTE INC,PCVX
 Russell 2000 Index,HOME BANCSHARES INC,HOMB
 Russell 2000 Index,MERIT MEDICAL SYSTEMS INC,MMSI
 Russell 2000 Index,ARROWHEAD PHARMACEUTICALS INC,ARWR
 Russell 2000 Index,UNITED BANKSHARES INC,UBSI
 Russell 2000 Index,SPIRE INC,SR
 Russell 2000 Index,ACI WORLDWIDE INC,ACIW
 Russell 2000 Index,TG THERAPEUTICS INC,TGTX
 Russell 2000 Index,PORTLAND GENERAL ELECTRIC,POR
 Russell 2000 Index,GROUP AUTOMOTIVE INC,GPI
 Russell 2000 Index,BALCHEM CORP,BCPC
 Russell 2000 Index,ALKERMES,ALKS
 Russell 2000 Index,HANCOCK WHITNEY CORP,HWC
 Russell 2000 Index,ARCOSA INC,ACA
 Russell 2000 Index,CIPHER MINING INC,CIFR
 Russell 2000 Index,CLEANSPARK INC,CLSK
 Russell 2000 Index,KITE REALTY GROUP TRUST REIT,KRG
 Russell 2000 Index,FRONTDOOR INC,FTDR
 Russell 2000 Index,GLAUKOS CORP,GKOS
 Russell 2000 Index,ENPRO INC,NPO
 Russell 2000 Index,KRYSTAL BIOTECH INC,KRYS
 Russell 2000 Index,ENERSYS,ENS
 Russell 2000 Index,BELDEN INC,BDC
 Russell 2000 Index,ONE GAS INC,OGS
 Russell 2000 Index,BRINKER INTERNATIONAL INC,EAT
 Russell 2000 Index,STONECO LTD CLASS A,STNE
 Russell 2000 Index,MERITAGE CORP,MTH
 Russell 2000 Index,HUT CORP,HUT
 Russell 2000 Index,AMERIS BANCORP,ABCB
 Russell 2000 Index,MAXIMUS INC,MMS
 Russell 2000 Index,ATLANTIC UNION BANKSHARES CORP,AUB
 Russell 2000 Index,VIASAT INC,VSAT
 Russell 2000 Index,BRINKS,BCO
 Russell 2000 Index,HERC HOLDINGS INC,HRI
 Russell 2000 Index,BLACK HILLS CORP,BKH
 Russell 2000 Index,ASBURY AUTOMOTIVE GROUP INC,ABG
 Russell 2000 Index,CNX RESOURCES CORP,CNX
 Russell 2000 Index,RADIAN GROUP INC,RDN
 Russell 2000 Index,SSR MINING INC,SSRM
 Russell 2000 Index,SELECTIVE INSURANCE GROUP INC,SIGI
 Russell 2000 Index,PROTAGONIST THERAPEUTICS INC,PTGX
 Russell 2000 Index,ITRON INC,ITRI
 Russell 2000 Index,NOVANTA INC,NOVT
 Russell 2000 Index,CLEARWATER ANALYTICS HOLDINGS INC,CWAN
 Russell 2000 Index,GRANITE CONSTRUCTION INC,GVA
 Russell 2000 Index,BOX INC CLASS A,BOX
 Russell 2000 Index,QUALYS INC,QLYS
 Russell 2000 Index,NEW JERSEY RESOURCES CORP,NJR
 Russell 2000 Index,OSI SYSTEMS INC,OSIS
 Russell 2000 Index,KONTOOR BRANDS INC,KTB
 Russell 2000 Index,TERAWULF INC,WULF
 Russell 2000 Index,ENERGY FUELS INC,UUUU
 Russell 2000 Index,MACERICH REIT,MAC
 Russell 2000 Index,TRANSMEDICS GROUP INC,TMDX
 Russell 2000 Index,SUNRUN INC,RUN
 Russell 2000 Index,PHILLIPS EDISON AND COMPANY INC,PECO
 Russell 2000 Index,OPTION CARE HEALTH INC,OPCH
 Russell 2000 Index,FORMFACTOR INC,FORM
 Russell 2000 Index,WORKIVA INC CLASS A,WK
 Russell 2000 Index,SABRA HEALTH CARE REIT INC,SBRA
 Russell 2000 Index,NUVALENT INC CLASS A,NUVL
 Russell 2000 Index,STEPSTONE GROUP INC CLASS A,STEP
 Russell 2000 Index,STONEX GROUP INC,SNEX
 Russell 2000 Index,AXOS FINANCIAL INC,AX
 Russell 2000 Index,SILICON LABORATORIES INC,SLAB
 Russell 2000 Index,MAGNOLIA OIL GAS CORP CLASS A,MGY
 Russell 2000 Index,ARCHROCK INC,AROC
 Russell 2000 Index,ASSOCIATED BANCORP,ASB
 Russell 2000 Index,FIRST FINANCIAL BANKSHARES INC,FFIN
 Russell 2000 Index,KB HOME,KBH
 Russell 2000 Index,CORE NATURAL RESOURCES INC,CNR
 Russell 2000 Index,PRAXIS PRECISION MEDICINES INC,PRAX
 Russell 2000 Index,GOLAR LNG LTD,GLNG
 Russell 2000 Index,EOS ENERGY ENTERPRISES INC CLASS A,EOSE
 Russell 2000 Index,SKYWEST INC,SKYW
 Russell 2000 Index,CSW INDUSTRIALS INC,CSW
 Russell 2000 Index,ARGAN INC,AGX
 Russell 2000 Index,CALIX NETWORKS INC,CALX
 Russell 2000 Index,CAVCO INDUSTRIES INC,CVCO
 Russell 2000 Index,MERCURY SYSTEMS INC,MRCY
 Russell 2000 Index,CAL MAINE FOODS INC,CALM
 Russell 2000 Index,UPSTART HOLDINGS INC,UPST
 Russell 2000 Index,MUELLER WATER PRODUCTS INC SERIES,MWA
 Russell 2000 Index,SENSIENT TECHNOLOGIES CORP,SXT
 Russell 2000 Index,VSE CORP,VSEC
 Russell 2000 Index,SIGNET JEWELERS LTD,SIG
 Russell 2000 Index,URBAN OUTFITTERS INC,URBN
 Russell 2000 Index,ALLETE INC,ALE
 Russell 2000 Index,WAYSTAR HOLDING CORP,WAY
 Russell 2000 Index,LANTHEUS HOLDINGS INC,LNTH
 Russell 2000 Index,CRINETICS PHARMACEUTICALS INC,CRNX
 Russell 2000 Index,CNO FINANCIAL GROUP INC,CNO
 Russell 2000 Index,VIAVI SOLUTIONS INC,VIAV
 Russell 2000 Index,CHAMPION HOMES INC,SKY
 Russell 2000 Index,MOELIS CLASS A,MC
 Russell 2000 Index,VARONIS SYSTEMS INC,VRNS
 Russell 2000 Index,TELEPHONE AND DATA SYSTEMS INC,TDS
 Russell 2000 Index,Q2 HOLDINGS INC,QTWO
 Russell 2000 Index,MURPHY OIL CORP,MUR
 Russell 2000 Index,TEXAS CAPITAL BANCSHARES INC,TCBI
 Russell 2000 Index,ATMUS FILTRATION TECHNOLOGIES INC,ATMU
 Russell 2000 Index,AKERO THERAPEUTICS INC,AKRO
 Russell 2000 Index,INDEPENDENCE REALTY INC TRUST,IRT
 Russell 2000 Index,PLEXUS CORP,PLXS
 Russell 2000 Index,LAUREATE EDUCATION INC,LAUR
 Russell 2000 Index,PJT PARTNERS INC CLASS A,PJT
 Russell 2000 Index,FRANKLIN ELECTRIC INC,FELE
 Russell 2000 Index,SHAKE SHACK INC CLASS A,SHAK
 Russell 2000 Index,VERRA MOBILITY CORP CLASS A,VRRM
 Russell 2000 Index,NOBLE CORPORATION PLC,NE
 Russell 2000 Index,SL GREEN REALTY REIT CORP,SLG
 Russell 2000 Index,COMMSCOPE HOLDING INC,COMM
 Russell 2000 Index,DORMAN PRODUCTS INC,DORM
 Russell 2000 Index,PENNYMAC FINANCIAL SERVICES INC,PFSI
 Russell 2000 Index,NORTHWESTERN ENERGY GROUP INC,NWE
 Russell 2000 Index,TANGER INC,SKT
 Russell 2000 Index,INTERNATIONAL BANCSHARES CORP,IBOC
 Russell 2000 Index,CABOT CORP,CBT
 Russell 2000 Index,POWELL INDUSTRIES INC,POWL
 Russell 2000 Index,LIGAND PHARMACEUTICALS INC,LGND
 Russell 2000 Index,SERVISFIRST BANCSHARES INC,SFBS
 Russell 2000 Index,COMPASS INC CLASS A,COMP
 Russell 2000 Index,ADMA BIOLOGICS INC,ADMA
 Russell 2000 Index,VALARIS LTD,VAL
 Russell 2000 Index,EXPONENT INC,EXPO
 Russell 2000 Index,INDIVIOR PLC,INDV
 Russell 2000 Index,UNITED COMMUNITY BANKS INC,UCB
 Russell 2000 Index,IES INC,IESC
 Russell 2000 Index,BRIGHTSPRING HEALTH SERVICES INC,BTSG
 Russell 2000 Index,WARRIOR MET COAL INC,HCC
 Russell 2000 Index,GENWORTH FINANCIAL INC,GNW
 Russell 2000 Index,POLARIS INC,PII
 Russell 2000 Index,TENABLE HOLDINGS INC,TENB
 Russell 2000 Index,OSCAR HEALTH INC CLASS A,OSCR
 Russell 2000 Index,ADTALEM GLOBAL EDUCATION INC,ATGE
 Russell 2000 Index,AMBARELLA INC,AMBA
 Russell 2000 Index,FLAGSTAR BANK NATIONAL ASSOCIATION,FLG
 Russell 2000 Index,KNIFE RIVER CORP,KNF
 Russell 2000 Index,NATIONAL HEALTH INVESTORS REIT INC,NHI
 Russell 2000 Index,EASTERN BANKSHARES INC,EBC
 Russell 2000 Index,BROADSTONE NET LEASE INC,BNL
 Russell 2000 Index,ABERCROMBIE AND FITCH CLASS A,ANF
 Russell 2000 Index,PATRICK INDUSTRIES INC,PATK
 Russell 2000 Index,METSERA INC,MTSR
 Russell 2000 Index,LIFE TIME GROUP HOLDINGS INC,LTH
 Russell 2000 Index,PEABODY ENERGY CORP,BTU
 Russell 2000 Index,KORN FERRY,KFY
 Russell 2000 Index,MYR GROUP INC,MYRG
 Russell 2000 Index,ZETA GLOBAL HOLDINGS CORP CLASS A,ZETA
 Russell 2000 Index,LEMONADE INC,LMND
 Russell 2000 Index,BGC GROUP INC CLASS A,BGC
 Russell 2000 Index,HA SUSTAINABLE INFRASTRUCTURE CAPI,HASI
 Russell 2000 Index,INDEPENDENT BANK CORP,INDB
 Russell 2000 Index,MATSON INC,MATX
 Russell 2000 Index,M I HOMES INC,MHO
 Russell 2000 Index,PERIMETER SOLUTIONS INC,PRM
 Russell 2000 Index,GRAHAM HOLDINGS COMPANY CLASS B,GHC
 Russell 2000 Index,TRANSOCEAN LTD,RIG
 Russell 2000 Index,KADANT INC,KAI
 Russell 2000 Index,COPT DEFENSE PROPERTIES,CDP
 Russell 2000 Index,AGILYSYS INC,AGYS
 Russell 2000 Index,FULTON FINANCIAL CORP,FULT
 Russell 2000 Index,CALIFORNIA RESOURCES CORP,CRC
 Russell 2000 Index,FIRST BANCORP,FBP
 Russell 2000 Index,TEGNA INC,TGNA
 Russell 2000 Index,ACADEMY SPORTS AND OUTDOORS INC,ASO
 Russell 2000 Index,RENASANT CORP,RNST
 Russell 2000 Index,XENON PHARMACEUTICALS INC,XENE
 Russell 2000 Index,POTLATCHDELTIC CORP,PCH
 Russell 2000 Index,MARZETTI,MZTI
 Russell 2000 Index,PLANET LABS CLASS A,PL
 Russell 2000 Index,HB FULLER,FUL
 Russell 2000 Index,SPS COMMERCE INC,SPSC
 Russell 2000 Index,KYMERA THERAPEUTICS INC,KYMR
 Russell 2000 Index,TRAVERE THERAPEUTICS INC,TVTX
 Russell 2000 Index,BANKUNITED INC,BKU
 Russell 2000 Index,ARCELLX INC,ACLX
 Russell 2000 Index,CATHAY GENERAL BANCORP,CATY
 Russell 2000 Index,AVISTA CORP,AVA
 Russell 2000 Index,MGE ENERGY INC,MGEE
 Russell 2000 Index,BLACKSTONE MORTGAGE TRUST REIT CLA,BXMT
 Russell 2000 Index,CACTUS INC CLASS A,WHD
 Russell 2000 Index,BANCORP INC,TBBK
 Russell 2000 Index,TUTOR PERINI CORP,TPC
 Russell 2000 Index,RUSH ENTERPRISES INC CLASS A,RUSHA
 Russell 2000 Index,AAR CORP,AIR
 Russell 2000 Index,PALOMAR HOLDINGS INC,PLMR
 Russell 2000 Index,OTTER TAIL CORP,OTTR
 Russell 2000 Index,WSFS FINANCIAL CORP,WSFS
 Russell 2000 Index,PRESTIGE CONSUMER HEALTHCARE INC,PBH
 Russell 2000 Index,BLACKLINE INC,BL
 Russell 2000 Index,TEREX CORP,TEX
 Russell 2000 Index,SUPERNUS PHARMACEUTICALS INC,SUPN
 Russell 2000 Index,AZZ INC,AZZ
 Russell 2000 Index,GULFPORT ENERGY CORP,GPOR
 Russell 2000 Index,AVIENT CORP,AVNT
 Russell 2000 Index,PRICESMART INC,PSMT
 Russell 2000 Index,VISTEON CORP,VC
 Russell 2000 Index,PLUG POWER INC,PLUG
 Russell 2000 Index,COMMUNITY FINANCIAL SYSTEM INC,CBU
 Russell 2000 Index,MIRUM PHARMACEUTICALS INC,MIRM
 Russell 2000 Index,INSIGHT ENTERPRISES INC,NSIT
 Russell 2000 Index,STRIDE INC,LRN
 Russell 2000 Index,ENOVA INTERNATIONAL INC,ENVA
 Russell 2000 Index,ICU MEDICAL INC,ICUI
 Russell 2000 Index,CARGURUS INC CLASS A,CARG
 Russell 2000 Index,CHESAPEAKE UTILITIES CORP,CPK
 Russell 2000 Index,RXO INC,RXO
 Russell 2000 Index,LIVANOVA PLC,LIVN
 Russell 2000 Index,LIBERTY ENERGY INC CLASS A,LBRT
 Russell 2000 Index,PBF ENERGY INC CLASS A,PBF
 Russell 2000 Index,GRAIL INC,GRAL
 Russell 2000 Index,NMI HOLDINGS INC,NMIH
 Russell 2000 Index,GRIFFON CORP,GFF
 Russell 2000 Index,VERACYTE INC,VCYT
 Russell 2000 Index,ACADIA PHARMACEUTICALS INC,ACAD
 Russell 2000 Index,ADVANCE AUTO PARTS INC,AAP
 Russell 2000 Index,WESBANCO INC,WSBC
 Russell 2000 Index,OPENLANE INC,KAR
 Russell 2000 Index,CINEMARK HOLDINGS INC,CNK
 Russell 2000 Index,HURON CONSULTING GROUP INC,HURN
 Russell 2000 Index,STANDEX INTERNATIONAL CORP,SXI
 Russell 2000 Index,SOLENO THERAPEUTICS INC,SLNO
 Russell 2000 Index,FIRST INTERSTATE BANCSYSTEM INC,FIBK
 Russell 2000 Index,VICTORY CAPITAL HOLDINGS CLASS A I,VCTR
 Russell 2000 Index,NEWMARK GROUP INC CLASS A,NMRK
 Russell 2000 Index,LXP INDUSTRIAL TRUST,LXP
 Russell 2000 Index,DIGITALOCEAN HOLDINGS INC,DOCN
 Russell 2000 Index,PRIVIA HEALTH GROUP INC,PRVA
 Russell 2000 Index,ARTISAN PARTNERS ASSET MANAGEMENT,APAM
 Russell 2000 Index,HAWKINS INC,HWKN
 Russell 2000 Index,SCORPIO TANKERS INC,STNG
 Russell 2000 Index,TRI POINTE HOMES INC,TPH
 Russell 2000 Index,PELOTON INTERACTIVE CLASS A INC,PTON
 Russell 2000 Index,GLOBALSTAR VOTING INC,GSAT
 Russell 2000 Index,AMERICAN STATES WATER,AWR
 Russell 2000 Index,SYNAPTICS INC,SYNA
 Russell 2000 Index,AMERICAN EAGLE OUTFITTERS INC,AEO
 Russell 2000 Index,NCR ATLEOS CORP,NATL
 Russell 2000 Index,CBIZ INC,CBZ
 Russell 2000 Index,ARCUTIS BIOTHERAPEUTICS INC,ARQT
 Russell 2000 Index,REMITLY GLOBAL INC,RELY
 Russell 2000 Index,TARSUS PHARMACEUTICALS INC,TARS
 Russell 2000 Index,DANA INCORPORATED INC,DAN
 Russell 2000 Index,BOISE CASCADE,BCC
 Russell 2000 Index,ABM INDUSTRIES INC,ABM
 Russell 2000 Index,CALIFORNIA WATER SERVICE GROUP,CWT
 Russell 2000 Index,WALKER & DUNLOP INC,WD
 Russell 2000 Index,MCGRATH RENT,MGRC
 Russell 2000 Index,RED ROCK RESORTS ORS CLASS A INC,RRR
 Russell 2000 Index,WD-40,WDFC
 Russell 2000 Index,ADAPTIVE BIOTECHNOLOGIES CORP,ADPT
 Russell 2000 Index,AMERICAN SUPERCONDUCTOR CORP,AMSC
 Russell 2000 Index,SEACOAST BANKING OF FLORIDA,SBCF
 Russell 2000 Index,GENEDX HOLDINGS CORP CLASS A,WGS
 Russell 2000 Index,AXCELIS TECHNOLOGIES INC,ACLS
 Russell 2000 Index,APPLE HOSPITALITY REIT INC,APLE
 Russell 2000 Index,CLEAR SECURE INC CLASS A,YOU
 Russell 2000 Index,BANK OF HAWAII CORP,BOH
 Russell 2000 Index,ACADIA REALTY TRUST REIT,AKR
 Russell 2000 Index,IDEAYA BIOSCIENCES INC,IDYA
 Russell 2000 Index,LCI INDUSTRIES,LCII
 Russell 2000 Index,HELMERICH & PAYNE INC,HP
 Russell 2000 Index,OUTFRONT MEDIA INC,OUT
 Russell 2000 Index,NOVAGOLD RESOURCES INC,NG
 Russell 2000 Index,EXTREME NETWORKS INC,EXTR
 Russell 2000 Index,AMICUS THERAPEUTICS INC,FOLD
 Russell 2000 Index,MAGNITE INC,MGNI
 Russell 2000 Index,URBAN EDGE PROPERTIES,UE
 Russell 2000 Index,REV GROUP INC,REVG
 Russell 2000 Index,TIDEWATER INC,TDW
 Russell 2000 Index,KODIAK GAS SERVICES INC,KGS
 Russell 2000 Index,SIMMONS FIRST NATIONAL CORP CLASS,SFNC
 Russell 2000 Index,DYNE THERAPEUTICS INC,DYN
 Russell 2000 Index,CATALYST PHARMACEUTICALS INC,CPRX
 Russell 2000 Index,GENIUS SPORTS LTD,GENI
 Russell 2000 Index,ALIGNMENT HEALTHCARE INC,ALHC
 Russell 2000 Index,DIODES INC,DIOD
 Russell 2000 Index,CVB FINANCIAL CORP,CVBF
 Russell 2000 Index,VICTORIA S SECRET,VSCO
 Russell 2000 Index,BLACKBAUD INC,BLKB
 Russell 2000 Index,STEVEN MADDEN LTD,SHOO
 Russell 2000 Index,AGIOS PHARMACEUTICALS INC,AGIO
 Russell 2000 Index,CG ONCOLOGY INC,CGON
 Russell 2000 Index,HAEMONETICS CORP,HAE
 Russell 2000 Index,CAPRI HOLDINGS LTD,CPRI
 Russell 2000 Index,HILTON GRAND VACATIONS INC,HGV
 Russell 2000 Index,SM ENERGY,SM
 Russell 2000 Index,SCHOLAR ROCK HOLDING CORP,SRRK
 Russell 2000 Index,BEAM THERAPEUTICS INC,BEAM
 Russell 2000 Index,MATERION CORP,MTRN
 Russell 2000 Index,FOUR CORNERS PROPERTY INC TRUST,FCPT
 Russell 2000 Index,TOWNEBANK,TOWN
 Russell 2000 Index,POWER INTEGRATIONS INC,POWI
 Russell 2000 Index,ALARM.COM HOLDINGS INC,ALRM
 Russell 2000 Index,PREMIER INC CLASS A,PINC
 Russell 2000 Index,ATKORE INC,ATKR
 Russell 2000 Index,UNIFIRST CORP,UNF
 Russell 2000 Index,HANESBRANDS INC,HBI
 Russell 2000 Index,CONCENTRA GROUP HOLDINGS PARENT IN,CON
 Russell 2000 Index,CHEESECAKE FACTORY INC,CAKE
 Russell 2000 Index,GEO GROUP INC,GEO
 Russell 2000 Index,WAFD INC,WAFD
 Russell 2000 Index,INNODATA INC,INOD
 Russell 2000 Index,BRAZE INC CLASS A,BRZE
 Russell 2000 Index,BANCFIRST CORP,BANF
 Russell 2000 Index,PROVIDENT FINANCIAL SERVICES INC,PFS
 Russell 2000 Index,GARRETT MOTION INC,GTX
 Russell 2000 Index,FB FINANCIAL CORP,FBK
 Russell 2000 Index,CELCUITY INC,CELC
 Russell 2000 Index,CURBLINE PROPERTIES,CURB
 Russell 2000 Index,UNITED NATURAL FOODS INC,UNFI
 Russell 2000 Index,DELEK US HOLDINGS INC,DK
 Russell 2000 Index,PARK NATIONAL CORP,PRK
 Russell 2000 Index,FIRST FINANCIAL BANCORP,FFBC
 Russell 2000 Index,QUANTUM COMPUTING INC,QUBT
 Russell 2000 Index,CONSTELLIUM SE CLASS A,CSTM
 Russell 2000 Index,TRINITY INDUSTRIES INC,TRN
 Russell 2000 Index,CSG SYSTEMS INTERNATIONAL INC,CSGS
 Russell 2000 Index,INTEGER HOLDINGS CORP,ITGR
 Russell 2000 Index,DAVE INC CLASS A,DAVE
 Russell 2000 Index,HILLENBRAND INC,HI
 Russell 2000 Index,FRESHWORKS INC CLASS A,FRSH
 Russell 2000 Index,OCEANEERING INTERNATIONAL INC,OII
 Russell 2000 Index,HUB GROUP INC CLASS A,HUBG
 Russell 2000 Index,CUSHMAN AND WAKEFIELD PLC,CWK
 Russell 2000 Index,ENERPAC TOOL GROUP CORP CLASS A,EPAC
 Russell 2000 Index,ONESPAWORLD HOLDINGS LTD,OSW
 Russell 2000 Index,ALPHATEC HOLDNGS INC,ATEC
 Russell 2000 Index,SIX FLAGS ENTERTAINMENT CORP,FUN
 Russell 2000 Index,PATTERSON UTI ENERGY INC,PTEN
 Russell 2000 Index,INVENTRUST PROPERTIES CORP,IVT
 Russell 2000 Index,ST JOE,JOE
 Russell 2000 Index,BANC OF CALIFORNIA INC,BANC
 Russell 2000 Index,INTAPP INC,INTA
 Russell 2000 Index,C3 AI INC CLASS A,AI
 Russell 2000 Index,NORTHERN OIL AND GAS INC,NOG
 Russell 2000 Index,TRUSTMARK CORP,TRMK
 Russell 2000 Index,DENALI THERAPEUTICS INC,DNLI
 Russell 2000 Index,CHEFS WAREHOUSE INC,CHEF
 Russell 2000 Index,ACUSHNET HOLDINGS CORP,GOLF
 Russell 2000 Index,CORVEL CORP,CRVL
 Russell 2000 Index,BROOKDALE SENIOR LIVING INC,BKD
 Russell 2000 Index,XOMETRY INC CLASS A,XMTR
 Russell 2000 Index,COGENT BIOSCIENCES INC,COGT
 Russell 2000 Index,VICOR CORP,VICR
 Russell 2000 Index,HCI GROUP INC,HCI
 Russell 2000 Index,ADDUS HOMECARE CORP,ADUS
 Russell 2000 Index,MERCURY GENERAL CORP,MCY
 Russell 2000 Index,ACM RESEARCH CLASS A INC,ACMR
 Russell 2000 Index,FIRST MERCHANTS CORP,FRME
 Russell 2000 Index,TIC SOLUTIONS INC,TIC
 Russell 2000 Index,NBT BANCORP INC,NBTB
 Russell 2000 Index,KULICKE AND SOFFA INDUSTRIES INC,KLIC
 Russell 2000 Index,BANNER CORP,BANR
 Russell 2000 Index,INTERNATIONAL SEAWAYS INC,INSW
 Russell 2000 Index,VISHAY INTERTECHNOLOGY INC,VSH
 Russell 2000 Index,OCULAR THERAPEUTIX INC,OCUL
 Russell 2000 Index,DIGITALBRIDGE GROUP INC CLASS A,DBRG
 Russell 2000 Index,PAR PACIFIC HOLDINGS INC,PARR
 Russell 2000 Index,YELP INC,YELP
 Russell 2000 Index,ALPHA METALLURGICAL RESOURCE INC,AMR
 Russell 2000 Index,BEACON FINANCIAL CORP,BBT
 Russell 2000 Index,HAWAIIAN ELECTRIC INDUSTRIES INC,HE
 Russell 2000 Index,SONOS INC,SONO
 Russell 2000 Index,RECURSION PHARMACEUTICALS INC CLAS,RXRX
 Russell 2000 Index,CHEMOURS,CC
 Russell 2000 Index,BURFORD CAPITAL LTD,BUR
 Russell 2000 Index,NATIONAL VISION HOLDINGS INC,EYE
 Russell 2000 Index,KNOWLES CORP,KN
 Russell 2000 Index,BIGBEAR.AI HOLDINGS INC,BBAI
 Russell 2000 Index,GREEN BRICK PARTNERS INC,GRBK
 Russell 2000 Index,CUSTOMERS BANCORP INC,CUBI
 Russell 2000 Index,CORECIVIC REIT INC,CXW
 Russell 2000 Index,PHINIA INC,PHIN
 Russell 2000 Index,BITDEER TECHNOLOGIES GROUP CLASS A,BTDR
 Russell 2000 Index,DISC MEDICINE INC,IRON
 Russell 2000 Index,LENDINGCLUB CORP,LC
 Russell 2000 Index,SEADRILL LTD,SDRL
 Russell 2000 Index,NETSCOUT SYSTEMS INC,NTCT
 Russell 2000 Index,ENOVIX CORP,ENVX
 Russell 2000 Index,FIRST BANCORP,FBNC
 Russell 2000 Index,PERDOCEO EDUCATION CORP,PRDO
 Russell 2000 Index,UPWORK INC,UPWK
 Russell 2000 Index,ADIENT PLC,ADNT
 Russell 2000 Index,BANK OF NT BUTTERFIELD & SON LTD,NTB
 Russell 2000 Index,INGEVITY CORP,NGVT
 Russell 2000 Index,EPLUS,PLUS
 Russell 2000 Index,ASGN INC,ASGN
 Russell 2000 Index,SOLARIS OILFIELD INFRASTRUCTURE IN,SEI
 Russell 2000 Index,TWIST BIOSCIENCE CORP,TWST
 Russell 2000 Index,QUAKER HOUGHTON CORP,KWR
 Russell 2000 Index,APPLIED OPTOELECTRONICS INC,AAOI
 Russell 2000 Index,WARBY PARKER INC CLASS A,WRBY
 Russell 2000 Index,ARLO TECHNOLOGIES INC,ARLO
 Russell 2000 Index,ENTERPRISE FINANCIAL SERVICES CORP,EFSC
 Russell 2000 Index,SPHERE ENTERTAINMENT CLASS A,SPHR
 Russell 2000 Index,COHEN & STEERS INC,CNS
 Russell 2000 Index,STEWART INFO SERVICES CORP,STC
 Russell 2000 Index,FIRST BUSEY CORP,BUSE
 Russell 2000 Index,AVEPOINT INC CLASS A,AVPT
 Russell 2000 Index,HORACE MANN EDUCATORS CORP,HMN
 Russell 2000 Index,ADEIA INC,ADEA
 Russell 2000 Index,TRIPADVISOR INC,TRIP
 Russell 2000 Index,BRIGHTSTAR LOTTERY PLC,BRSL
 Russell 2000 Index,FIVE9 INC,FIVN
 Russell 2000 Index,MARRIOTT VACATIONS WORLDWIDE CORP,VAC
 Russell 2000 Index,GIBRALTAR INDUSTRIES INC,ROCK
 Russell 2000 Index,HNI CORP,HNI
 Russell 2000 Index,APOGEE THERAPEUTICS INC,APGE
 Russell 2000 Index,EVERTEC INC,EVTC
 Russell 2000 Index,COGENT COMMUNICATIONS HOLDINGS INC,CCOI
 Russell 2000 Index,ALAMO GROUP INC,ALG
 Russell 2000 Index,HELIOS TECHNOLOGIES INC,HLIO
 Russell 2000 Index,WOLVERINE WORLD WIDE INC,WWW
 Russell 2000 Index,NORTHWEST NATURAL HOLDING COMPANY,NWN
 Russell 2000 Index,QUIDELORTHO CORP,QDEL
 Russell 2000 Index,HILLMAN SOLUTIONS CORP,HLMN
 Russell 2000 Index,THE SIMPLY GOOD FOODS COMPANY,SMPL
 Russell 2000 Index,INNOSPEC INC,IOSP
 Russell 2000 Index,PROGRESS SOFTWARE CORP,PRGS
 Russell 2000 Index,THE VITA COCO COMPANY INC,COCO
 Russell 2000 Index,NAVITAS SEMICONDUCTOR CORP,NVTS
 Russell 2000 Index,ARMOUR RESIDENTIAL REIT INC,ARR
 Russell 2000 Index,GOODYEAR TIRE & RUBBER,GT
 Russell 2000 Index,PERPETUA RESOURCES CORP,PPTA
 Russell 2000 Index,LEMAITRE VASCULAR INC,LMAT
 Russell 2000 Index,TRINET GROUP INCINARY,TNET
 Russell 2000 Index,ENOVIS CORP,ENOV
 Russell 2000 Index,MINERALS TECHNOLOGIES INC,MTX
 Russell 2000 Index,PROCEPT BIOROBOTICS CORP,PRCT
 Russell 2000 Index,ATLANTA BRAVES HOLDINGS INC SERIES,BATRK
 Russell 2000 Index,OFG BANCORP,OFG
 Russell 2000 Index,SHOALS TECHNOLOGIES GROUP INC CLAS,SHLS
 Russell 2000 Index,NETSTREIT CORP,NTST
 Russell 2000 Index,KOHLS CORP,KSS
 Russell 2000 Index,LIVERAMP HOLDINGS INC,RAMP
 Russell 2000 Index,WORTHINGTON ENTERPRISES INC,WOR
 Russell 2000 Index,STRATEGIC EDUCATION INC,STRA
 Russell 2000 Index,VERICEL CORP,VCEL
 Russell 2000 Index,MARQETA INC CLASS A,MQ
 Russell 2000 Index,MADISON SQUARE GARDEN ENTERTAINMEN,MSGE
 Russell 2000 Index,DOUGLAS EMMETT REIT INC,DEI
 Russell 2000 Index,O I GLASS INC,OI
 Russell 2000 Index,PAGSEGURO DIGITAL LTD CLASS A,PAGS
 Russell 2000 Index,SUPER GROUP LTD,SGHC
 Russell 2000 Index,CELLDEX THERAPEUTICS INC,CLDX
 Russell 2000 Index,ARTIVION INC,AORT
 Russell 2000 Index,BUCKLE INC,BKE
 Russell 2000 Index,PATHWARD FINANCIAL INC,CASH
 Russell 2000 Index,NELNET INC CLASS A,NNI
 Russell 2000 Index,DYNEX CAPITAL REIT INC,DX
 Russell 2000 Index,SUNSTONE HOTEL INVESTORS REIT INC,SHO
 Russell 2000 Index,STOCK YARDS BANCORP INC,SYBT
 Russell 2000 Index,ARCBEST CORP,ARCB
 Russell 2000 Index,KINETIK HOLDINGS INC CLASS A,KNTK
 Russell 2000 Index,ALBANY INTERNATIONAL CORP CLASS A,AIN
 Russell 2000 Index,OUSTER INC,OUST
 Russell 2000 Index,SURGERY PARTNERS INC,SGRY
 Russell 2000 Index,MANNKIND CORP,MNKD
 Russell 2000 Index,AVADEL PHARMACEUTICALS ORD,AVDL
 Russell 2000 Index,DIAMONDROCK HOSPITALITY REIT,DRH
 Russell 2000 Index,CIDARA THERAPEUTICS INC,CDTX
 Russell 2000 Index,DHT HOLDINGS INC,DHT
 Russell 2000 Index,NORTHWEST BANCSHARES INC,NWBI
 Russell 2000 Index,ATRICURE INC,ATRC
 Russell 2000 Index,KENNAMETAL INC,KMT
 Russell 2000 Index,IMMUNOVANT INC,IMVT
 Russell 2000 Index,PAPA JOHNS INTERNATIONAL INC,PZZA
 Russell 2000 Index,VIRIDIAN THERAPEUTICS ORS INC,VRDN
 Russell 2000 Index,GOOSEHEAD INSURANCE INC CLASS A,GSHD
 Russell 2000 Index,VEECO INSTRUMENTS INC,VECO
 Russell 2000 Index,ANI PHARMACEUTICALS INC,ANIP
 Russell 2000 Index,AMNEAL PHARMACEUTICALS INC CLASS A,AMRX
 Russell 2000 Index,BEL FUSE INC CLASS B,BELFB
 Russell 2000 Index,SKYWARD SPECIALTY INSURANCE GROUP,SKWD
 Russell 2000 Index,MAREX GROUP PLC,MRX
 Russell 2000 Index,CITY HOLDING,CHCO
 Russell 2000 Index,PAYONEER GLOBAL INC,PAYO
 Russell 2000 Index,INTERPARFUMS INC,IPAR
 Russell 2000 Index,ROGERS CORP,ROG
 Russell 2000 Index,ARBOR REALTY TRUST REIT INC,ABR
 Russell 2000 Index,NCR VOYIX CORP,VYX
 Russell 2000 Index,LTC PROPERTIES REIT INC,LTC
 Russell 2000 Index,MASTERBRAND INC,MBC
 Russell 2000 Index,BREAD FINANCIAL HOLDINGS INC,BFH
 Russell 2000 Index,NICOLET BANKSHARES INC,NIC
 Russell 2000 Index,LIFE360 INC,LIF
 Russell 2000 Index,MINERALYS THERAPEUTICS INC,MLYS
 Russell 2000 Index,FLUENCE ENERGY INC CLASS A,FLNC
 Russell 2000 Index,NLIGHT INC,LASR
 Russell 2000 Index,INSPERITY INC,NSP
 Russell 2000 Index,BLUE BIRD CORP,BLBD
 Russell 2000 Index,BENCHMARK ELECTRONICS INC,BHE
 Russell 2000 Index,FIRST COMMONWEALTH FINANCIAL CORP,FCF
 Russell 2000 Index,FLYWIRE CORP,FLYW
 Russell 2000 Index,CENTURY ALUMINUM,CENX
 Russell 2000 Index,OMNICELL INC,OMCL
 Russell 2000 Index,LIQUIDIA CORP,LQDA
 Russell 2000 Index,DXP ENTERPRISES INC,DXPE
 Russell 2000 Index,BIOHAVEN LTD,BHVN
 Russell 2000 Index,SELECT MEDICAL HOLDINGS CORP,SEM
 Russell 2000 Index,BALDWIN INSURANCE GROUP INC CLASS,BWIN
 Russell 2000 Index,TURNING POINT BRANDS INC,TPB
 Russell 2000 Index,ENERGIZER HOLDINGS INC,ENR
 Russell 2000 Index,SALLY BEAUTY HOLDINGS INC,SBH
 Russell 2000 Index,DIEBOLD NIXDORF INC,DBD
 Russell 2000 Index,CENTURY COMMUNITIES INC,CCS
 Russell 2000 Index,DNOW INC,DNOW
 Russell 2000 Index,GLOBAL NET LEASE INC,GNL
 Russell 2000 Index,BIOCRYST PHARMACEUTICALS INC,BCRX
 Russell 2000 Index,AURINIA PHARMACEUTICALS INC,AUPH
 Russell 2000 Index,ANDERSONS INC,ANDE
 Russell 2000 Index,TELADOC HEALTH INC,TDOC
 Russell 2000 Index,NAPCO SECURITY TECHNOLOGIES INC,NSSC
 Russell 2000 Index,ACV AUCTIONS INC CLASS A,ACVA
 Russell 2000 Index,JOHN WILEY AND SONS INC CLASS A,WLY
 Russell 2000 Index,NATIONAL HEALTHCARE CORP,NHC
 Russell 2000 Index,WERNER ENTERPRISES INC,WERN
 Russell 2000 Index,RUSH STREET INTERACTIVE INC CLASS,RSI
 Russell 2000 Index,PURECYCLE TECHNOLOGIES INC,PCT
 Russell 2000 Index,CRESCENT ENERGY CLASS A,CRGY
 Russell 2000 Index,ASTRONICS CORP,ATRO
 Russell 2000 Index,XERIS BIOPHARMA HOLDINGS INC,XERS
 Russell 2000 Index,FEDERAL AGRICULTURAL MORTGAGE NON,AGM
 Russell 2000 Index,VERTEX INC CLASS A,VERX
 Russell 2000 Index,SIRIUSPOINT LTD,SPNT
 Russell 2000 Index,TRUPANION INC,TRUP
 Russell 2000 Index,ICF INTERNATIONAL INC,ICFI
 Russell 2000 Index,TENNANT,TNC
 Russell 2000 Index,NANO NUCLEAR ENERGY INC,NNE
 Russell 2000 Index,HILLTOP HOLDINGS INC,HTH
 Russell 2000 Index,TEEKAY TANKERS LTD CLASS A,TNK
 Russell 2000 Index,10X GENOMICS INC CLASS A,TXG
 Russell 2000 Index,VERA THERAPEUTICS INC CLASS A,VERA
 Russell 2000 Index,H2O AMERICA,HTO
 Russell 2000 Index,WISDOMTREE INC,WT
 Russell 2000 Index,KAISER ALUMINIUM CORP,KALU
 Russell 2000 Index,ELME,ELME
 Russell 2000 Index,TECNOGLASS INC,TGLS
 Russell 2000 Index,PEDIATRIX MEDICAL GROUP INC,MD
 Russell 2000 Index,GREIF INC CLASS A,GEF
 Russell 2000 Index,INTERFACE INC,TILE
 Russell 2000 Index,NATIONAL BANK HOLDINGS CORP CLASS,NBHC
 Russell 2000 Index,GETTY REALTY REIT CORP,GTY
 Russell 2000 Index,UFP TECHNOLOGIES INC,UFPT
 Russell 2000 Index,ARDELYX INC,ARDX
 Russell 2000 Index,WORLD KINECT CORP,WKC
 Russell 2000 Index,CLOVER HEALTH INVESTMENTS CORP CLA,CLOV
 Russell 2000 Index,CECO ENVIRONMENTAL CORP,CECO
 Russell 2000 Index,IMAX CORP,IMAX
 Russell 2000 Index,LAKELAND FINANCIAL CORP,LKFN
 Russell 2000 Index,PAR TECHNOLOGY CORP,PAR
 Russell 2000 Index,CENTURI HOLDINGS INC,CTRI
 Russell 2000 Index,ZIFF DAVIS INC,ZD
 Russell 2000 Index,SYLVAMO CORP,SLVM
 Russell 2000 Index,EXPRO GROUP HOLDINGS NV,XPRO
 Russell 2000 Index,PHOTRONICS INC,PLAB
 Russell 2000 Index,INNOVATIVE INDUSTRIAL PROPERTIES I,IIPR
 Russell 2000 Index,PROGYNY INC,PGNY
 Russell 2000 Index,COMSTOCK RESOURCES INC,CRK
 Russell 2000 Index,APOLLO COMMERCIAL REAL ESTATE FINA,ARI
 Russell 2000 Index,S AND T BANCORP INC,STBA
 Russell 2000 Index,JETBLUE AIRWAYS CORP,JBLU
 Russell 2000 Index,ALKAMI TECHNOLOGY INC,ALKT
 Russell 2000 Index,STELLAR BANCORP INC,STEL
 Russell 2000 Index,UNIVERSAL TECHNICAL INSTITUTE INC,UTI
 Russell 2000 Index,CONMED CORP,CNMD
 Russell 2000 Index,TRICO BANCSHARES,TCBK
 Russell 2000 Index,COASTAL FINANCIAL CORP,CCB
 Russell 2000 Index,PAGERDUTY INC,PD
 Russell 2000 Index,GERMAN AMERICAN BANCORP INC,GABC
 Russell 2000 Index,ARCUS BIOSCIENCES INC,RCUS
 Russell 2000 Index,CENTRAL GARDEN AND PET CLASS A,CENTA
 Russell 2000 Index,STOKE THERAPEUTICS INC,STOK
 Russell 2000 Index,CALUMET INC,CLMT
 Russell 2000 Index,NEOGEN CORP,NEOG
 Russell 2000 Index,STEELCASE INC CLASS A,SCS
 Russell 2000 Index,SAPIENS INTERNATIONAL NV,SPNS
 Russell 2000 Index,DIGI INTERNATIONAL INC,DGII
 Russell 2000 Index,SILA RLTY TR INC TRUST,SILA
 Russell 2000 Index,UNITED PARKS AND RESORTS INC,PRKS
 Russell 2000 Index,LA-Z-BOY INC,LZB
 Russell 2000 Index,ARRAY TECHNOLOGIES INC,ARRY
 Russell 2000 Index,LIONSGATE STUDIOS CORP,LION
 Russell 2000 Index,HEALTHCARE SERVICES GROUP INC,HCSG
 Russell 2000 Index,ACADIAN ASSET MANAGEMENT INC,AAMI
 Russell 2000 Index,AMPRIUS TECHNOLOGIES INC,AMPX
 Russell 2000 Index,WILLDAN GROUP INC,WLDN
 Russell 2000 Index,JANUS INTERNATIONAL GROUP INC,JBI
 Russell 2000 Index,INTUITIVE MACHINES INC CLASS A,LUNR
 Russell 2000 Index,SPECTRUM BRANDS HOLDINGS INC,SPB
 Russell 2000 Index,NUVATION BIO INC CLASS A,NUVB
 Russell 2000 Index,PHREESIA INC,PHR
 Russell 2000 Index,NOVOCURE LTD,NVCR
 Russell 2000 Index,STAAR SURGICAL,STAA
 Russell 2000 Index,J AND J SNACK FOODS CORP,JJSF
 Russell 2000 Index,HOPE BANCORP INC,HOPE
 Russell 2000 Index,GROCERY OUTLET HOLDING CORP,GO
 Russell 2000 Index,US PHYSICAL THERAPY INC,USPH
 Russell 2000 Index,LADDER CAPITAL CORP CLASS A,LADR
 Russell 2000 Index,ASTRANA HEALTH INC,ASTH
 Russell 2000 Index,UNITED STATES LIME AND MINERALS IN,USLM
 Russell 2000 Index,A10 NETWORKS INC,ATEN
 Russell 2000 Index,GREENBRIER INC,GBX
 Russell 2000 Index,IVANHOE ELECTRIC INC,IE
 Russell 2000 Index,AMERESCO INC CLASS A,AMRC
 Russell 2000 Index,FUBOTV INC CLASS A,FUBO
 Russell 2000 Index,DUCOMMUN INC,DCO
 Russell 2000 Index,PEBBLEBROOK HOTEL TRUST REIT,PEB
 Russell 2000 Index,NOVAVAX INC,NVAX
 Russell 2000 Index,NEOGENOMICS INC,NEO
 Russell 2000 Index,CRA INTERNATIONAL INC,CRAI
 Russell 2000 Index,HARMONY BIOSCIENCES HLDG INC,HRMY
 Russell 2000 Index,XENIA HOTELS RESORTS REIT INC,XHR
 Russell 2000 Index,BANCO LATINOAMERICANO DE COMERCIO,BLX
 Russell 2000 Index,ALIGHT INC CLASS A,ALIT
 Russell 2000 Index,LEGGETT & PLATT INC,LEG
 Russell 2000 Index,INTELLIA THERAPEUTICS INC,NTLA
 Russell 2000 Index,TOPGOLF CALLAWAY BRANDS CORP,MODG
 Russell 2000 Index,PAGAYA TECHNOLOGIES LTD CLASS A,PGY
 Russell 2000 Index,QCR HOLDINGS INC,QCRH
 Russell 2000 Index,MAXLINEAR INC,MXL
 Russell 2000 Index,VERINT SYSTEMS INC,VRNT
 Russell 2000 Index,PARAMOUNT GROUP REIT INC,PGRE
 Russell 2000 Index,ELLINGTON FINANCIAL INC,EFC
 Russell 2000 Index,TRIUMPH FINANCIAL INC,TFIN
 Russell 2000 Index,JBG SMITH PROPERTIES,JBGS
 Russell 2000 Index,IMMUNOME INC,IMNM
 Russell 2000 Index,UNIVERSAL CORP,UVV
 Russell 2000 Index,EDGEWISE THERAPEUTICS INC,EWTX
 Russell 2000 Index,AZENTA INC,AZTA
 Russell 2000 Index,DONNELLEY FINANCIAL SOLUTIONS INC,DFIN
 Russell 2000 Index,PROASSURANCE CORP,PRA
 Russell 2000 Index,ULTRA CLEAN HOLDINGS INC,UCTT
 Russell 2000 Index,PORCH GROUP INC,PRCH
 Russell 2000 Index,PENGUIN SOLUTIONS INC,PENG
 Russell 2000 Index,SPYRE THERAPEUTICS INC,SYRE
 Russell 2000 Index,ASANA INC CLASS A,ASAN
 Russell 2000 Index,HARMONIC INC,HLIT
 Russell 2000 Index,PITNEY BOWES INC,PBI
 Russell 2000 Index,CTS CORP,CTS
 Russell 2000 Index,CADRE HOLDINGS INC,CDRE
 Russell 2000 Index,HEIDRICK AND STRUGGLES INTERNATION,HSII
 Russell 2000 Index,LINDSAY CORP,LNN
 Russell 2000 Index,MRC GLOBAL INC,MRC
 Russell 2000 Index,PROTO LABS INC,PRLB
 Russell 2000 Index,HARROW INC,HROW
 Russell 2000 Index,WINMARK CORP,WINA
 Russell 2000 Index,TALOS ENERGY INC,TALO
 Russell 2000 Index,SCHRODINGER INC,SDGR
 Russell 2000 Index,LEGALZOOM COM INC,LZ
 Russell 2000 Index,TRIMAS CORP,TRS
 Russell 2000 Index,APPIAN CORP CLASS A,APPN
 Russell 2000 Index,FRESH DEL MONTE PRODUCE INC,FDP
 Russell 2000 Index,WESTAMERICA BANCORPORATION,WABC
 Russell 2000 Index,NEXTNAV INC,NN
 Russell 2000 Index,ALEXANDER AND BALDWIN INC,ALEX
 Russell 2000 Index,RAPID7 INC,RPD
 Russell 2000 Index,PERELLA WEINBERG PARTNERS CLASS A,PWP
 Russell 2000 Index,SYNDAX PHARMACEUTICALS INC,SNDX
 Russell 2000 Index,BIT DIGITAL INC,BTBT
 Russell 2000 Index,THE REALREAL INC,REAL
 Russell 2000 Index,COURSERA INC,COUR
 Russell 2000 Index,BRISTOW GROUP INC,VTOL
 Russell 2000 Index,VERIS RESIDENTIAL INC,VRE
 Russell 2000 Index,VIMEO INC,VMEO
 Russell 2000 Index,PROG HOLDINGS INC,PRG
 Russell 2000 Index,UMH PROPERTIES INC,UMH
 Russell 2000 Index,COLLEGIUM PHARMACEUTICAL INC,COLL
 Russell 2000 Index,CONNECTONE BANCORP INC,CNOB
 Russell 2000 Index,FASTLY INC CLASS A,FSLY
 Russell 2000 Index,MONARCH CASINO AND RESORT INC,MCRI
 Russell 2000 Index,VITAL FARMS INC,VITL
 Russell 2000 Index,CARTERS INC,CRI
 Russell 2000 Index,INNOVIVA INC,INVA
 Russell 2000 Index,JANUX THERAPEUTICS INC,JANX
 Russell 2000 Index,AMC ENTERTAINMENT HOLDINGS INC CLA,AMC
 Russell 2000 Index,GENTHERM INC,THRM
 Russell 2000 Index,1ST SOURCE CORP,SRCE
 Russell 2000 Index,CVR ENERGY INC,CVI
 Russell 2000 Index,V2X INC,VVX
 Russell 2000 Index,LIVE OAK BANCSHARES INC,LOB
 Russell 2000 Index,BANK FIRST CORP,BFC
 Russell 2000 Index,VIRTUS INVESTMENT PARTNERS INC,VRTS
 Russell 2000 Index,SMARTSTOP SELF STORAGE REIT INC,SMA
 Russell 2000 Index,ENACT HOLDINGS INC,ACT
 Russell 2000 Index,FIDELIS INSURANCE HOLDINGS LTD,FIHL
 Russell 2000 Index,MICROVAST HOLDINGS INC,MVST
 Russell 2000 Index,HAMILTON INSURANCE GROUP LTD CLASS,HG
 Russell 2000 Index,COHU INC,COHU
 Russell 2000 Index,SELECT WATER SOLUTIONS INC CLASS A,WTTR
 Russell 2000 Index,DORIAN LPG LTD,LPG
 Russell 2000 Index,MIND MEDICINE SUBORDINATE VOTING I,MNMD
 Russell 2000 Index,MILLERKNOLL INC,MLKN
 Russell 2000 Index,ASTEC INDUSTRIES INC,ASTE
 Russell 2000 Index,ANYWHERE REAL ESTATE INC,HOUS
 Russell 2000 Index,PENNYMAC MORTGAGE INVESTMENT TRUST,PMT
 Russell 2000 Index,WORTHINGTON STEEL INC,WS
 Russell 2000 Index,OCEANFIRST FINANCIAL CORP,OCFC
 Russell 2000 Index,TAYSHA GENE THERAPIES INC,TSHA
 Russell 2000 Index,BIOLIFE SOLUTIONS INC,BLFS
 Russell 2000 Index,RLJ LODGING TRUST REIT,RLJ
 Russell 2000 Index,DYNAVAX TECHNOLOGIES CORP,DVAX
 Russell 2000 Index,DIME COMMUNITY BANCSHARES INC,DCOM
 Russell 2000 Index,G III APPAREL GROUP LTD,GIII
 Russell 2000 Index,SEZZLE INC,SEZL
 Russell 2000 Index,BETA BIONICS INC,BBNX
 Russell 2000 Index,INDIE SEMICONDUCTOR INC CLASS A,INDI
 Russell 2000 Index,CHIMERA INVESTMENT CORP,CIM
 Russell 2000 Index,EMPIRE STATE REALTY REIT INC TRUST,ESRT
 Russell 2000 Index,CIMPRESS PLC,CMPR
 Russell 2000 Index,CANNAE HOLDINGS INC,CNNE
 Russell 2000 Index,ORIGIN BANCORP INC,OBK
 Russell 2000 Index,XENCOR INC,XNCR
 Russell 2000 Index,WEIS MARKETS INC,WMK
 Russell 2000 Index,WINNEBAGO INDUSTRIES INC,WGO
 Russell 2000 Index,TWO HARBORS INVESTMENT CORP,TWO
 Russell 2000 Index,AMERICAN ASSETS TRUST REIT INC,AAT
 Russell 2000 Index,TREVI THERAPEUTICS INC,TRVI
 Russell 2000 Index,UPBOUND GROUP INC,UPBD
 Russell 2000 Index,MIDDLESEX WATER,MSEX
 Russell 2000 Index,PIEDMONT REALTY TRUST INC CLASS A,PDM
 Russell 2000 Index,USD CASH,USD
 Russell 2000 Index,PROS HOLDINGS INC,PRO
 Russell 2000 Index,LIMBACH HOLDINGS INC,LMB
 Russell 2000 Index,WAVE LIFE SCIENCES LTD,WVE
 Russell 2000 Index,SAFETY INSURANCE GROUP INC,SAFT
 Russell 2000 Index,PEOPLES BANCORP INC,PEBO
 Russell 2000 Index,INGLES MARKETS INC CLASS A,IMKTA
 Russell 2000 Index,FIRST ADVANTAGE CORP,FA
 Russell 2000 Index,CENTERSPACE,CSR
 Russell 2000 Index,BARRETT BUSINESS SERVICES INC,BBSI
 Russell 2000 Index,LIBERTY LATIN AMERICA LTD CLASS C,LILAK
 Russell 2000 Index,PACIRA BIOSCIENCES INC,PCRX
 Russell 2000 Index,AXOGEN INC,AXGN
 Russell 2000 Index,NURIX THERAPEUTICS INC,NRIX
 Russell 2000 Index,NETGEAR INC,NTGR
 Russell 2000 Index,ENLIVEN THERAPEUTICS INC,ELVN
 Russell 2000 Index,NPK INTERNATIONAL INC,NPKI
 Russell 2000 Index,AMYLYX PHARMACEUTICALS INC,AMLX
 Russell 2000 Index,RED CAT HOLDINGS INC,RCAT
 Russell 2000 Index,FORTREA HOLDINGS INC,FTRE
 Russell 2000 Index,SOLID POWER INC CLASS A,SLDP
 Russell 2000 Index,ECOVYST INC,ECVT
 Russell 2000 Index,ATLAS ENERGY SOLUTIONS INC,AESI
 Russell 2000 Index,SONIC AUTOMOTIVE INC CLASS A,SAH
 Russell 2000 Index,ENCORE CAPITAL GROUP INC,ECPG
 Russell 2000 Index,ZYMEWORKS INC,ZYME
 Russell 2000 Index,AMPHASTAR PHARMACEUTICALS INC,AMPH
 Russell 2000 Index,REX AMERICAN RESOURCES CORP,REX
 Russell 2000 Index,PATRIA INVESTMENTS LTD CLASS A,PAX
 Russell 2000 Index,MFA FINANCIAL INC,MFA
 Russell 2000 Index,RELAY THERAPEUTICS INC,RLAY
 Russell 2000 Index,THERMON GROUP HOLDINGS INC,THR
 Russell 2000 Index,DIVERSIFIED HEALTHCARE TRUST,DHC
 Russell 2000 Index,SCANSOURCE INC,SCSC
 Russell 2000 Index,HELIX ENERGY SOLUTIONS GROUP INC,HLX
 Russell 2000 Index,ENVIRI CORP,NVRI
 Russell 2000 Index,TANDEM DIABETES CARE INC,TNDM
 Russell 2000 Index,ROOT INC CLASS A,ROOT
 Russell 2000 Index,JAMF HOLDING CORP,JAMF
 Russell 2000 Index,FOX FACTORY HOLDING CORP,FOXF
 Russell 2000 Index,PDF SOLUTIONS INC,PDFS
 Russell 2000 Index,EMPLOYERS HOLDINGS INC,EIG
 Russell 2000 Index,KENNEDY WILSON HOLDINGS INC,KW
 Russell 2000 Index,ORCHID ISLAND CAPITAL INC,ORC
 Russell 2000 Index,STEPAN,SCL
 Russell 2000 Index,ADAPTHEALTH CORP,AHCO
 Russell 2000 Index,DOLE PLC,DOLE
 Russell 2000 Index,TREEHOUSE FOODS INC,THS
 Russell 2000 Index,GORMAN-RUPP,GRC
 Russell 2000 Index,AMERICAN WOODMARK CORP,AMWD
 Russell 2000 Index,EXP WORLD HOLDINGS INC,EXPI
 Russell 2000 Index,ENERGY RECOVERY INC,ERII
 Russell 2000 Index,PLYMOUTH INDUSTRIAL REIT INC,PLYM
 Russell 2000 Index,HUDSON PACIFIC PROPERTIES REIT INC,HPP
 Russell 2000 Index,MIMEDX GROUP INC,MDXG
 Russell 2000 Index,TETRA TECHNOLOGIES INC,TTI
 Russell 2000 Index,SFL LTD,SFL
 Russell 2000 Index,AMPLITUDE INC CLASS A,AMPL
 Russell 2000 Index,REVOLVE GROUP CLASS A INC,RVLV
 Russell 2000 Index,EVOLV TECHNOLOGIES HOLDINGS INC CL,EVLV
 Russell 2000 Index,EASTERLY GOVERNMENT PROPERTIES INC,DEA
 Russell 2000 Index,ALLEGIANT TRAVEL,ALGT
 Russell 2000 Index,NAVIENT CORP,NAVI
 Russell 2000 Index,BRIGHTVIEW HOLDINGS INC,BV
 Russell 2000 Index,COMPOSECURE INC CLASS A,CMPO
 Russell 2000 Index,EDGEWELL PERSONAL CARE,EPC
 Russell 2000 Index,RAMACO RESOURCES INC CLASS A,METC
 Russell 2000 Index,OLD SECOND BANCORP INC,OSBC
 Russell 2000 Index,SPRINKLR INC CLASS A,CXM
 Russell 2000 Index,PHIBRO ANIMAL HEALTH CORP CLASS A,PAHC
 Russell 2000 Index,YEXT INC,YEXT
 Russell 2000 Index,TOMPKINS FINANCIAL CORP,TMP
 Russell 2000 Index,BROOKFIELD BUSINESS CORP CLASS A,BBUC
 Russell 2000 Index,FRANKLIN BSP REALTY TRUST INC,FBRT
 Russell 2000 Index,DRIVEN BRANDS HOLDINGS INC,DRVN
 Russell 2000 Index,UNIVEST FINANCIAL CORP,UVSP
 Russell 2000 Index,LGI HOMES INC,LGIH
 Russell 2000 Index,UPSTREAM BIO INC,UPB
 Russell 2000 Index,PROPETRO HOLDING CORP,PUMP
 Russell 2000 Index,MONTROSE ENVIRONMENTAL GRP INC,MEG
 Russell 2000 Index,SAFEHOLD INC,SAFE
 Russell 2000 Index,PENNANT GROUP INC,PNTG
 Russell 2000 Index,SOUTHSIDE BANCSHARES INC,SBSI
 Russell 2000 Index,HANMI FINANCIAL CORP,HAFC
 Russell 2000 Index,BYLINE BANCORP INC,BY
 Russell 2000 Index,KURA ONCOLOGY INC,KURA
 Russell 2000 Index,UNIVERSAL INSURANCE HOLDINGS INC,UVE
 Russell 2000 Index,IDT CORP CLASS B,IDT
 Russell 2000 Index,XPEL INC,XPEL
 Russell 2000 Index,UNITI GROUP INC,UNIT
 Russell 2000 Index,CAREDX INC,CDNA
 Russell 2000 Index,THREDUP INC CLASS A,TDUP
 Russell 2000 Index,HERBALIFE LTD,HLF
 Russell 2000 Index,DELUXE CORP,DLX
 Russell 2000 Index,NATIONAL BEVERAGE CORP,FIZZ
 Russell 2000 Index,MERCHANTS BANCORP,MBIN
 Russell 2000 Index,COMMUNITY TRUST BANCORP INC,CTBI
 Russell 2000 Index,INTEGRA LIFESCIENCES HOLDINGS CORP,IART
 Russell 2000 Index,QUINSTREET INC,QNST
 Russell 2000 Index,FIRST MID BANCSHARES INC,FMBH
 Russell 2000 Index,FLEX LNG LTD,FLNG
 Russell 2000 Index,SABLE OFFSHORE CORP CLASS A,SOC
 Russell 2000 Index,NEXTDECADE CORP,NEXT
 Russell 2000 Index,ALLIENT INC,ALNT
 Russell 2000 Index,CAMPING WORLD HOLDINGS INC CLASS A,CWH
 Russell 2000 Index,EMBECTA CORP,EMBC
 Russell 2000 Index,CORMEDIX INC,CRMD
 Russell 2000 Index,INTEGRAL AD SCIENCE HOLDING CORP,IAS
 Russell 2000 Index,EVOLENT HEALTH INC CLASS A,EVH
 Russell 2000 Index,INNOVEX INTERNATIONAL INC,INVX
 Russell 2000 Index,APOGEE ENTERPRISES INC,APOG
 Russell 2000 Index,ODP CORP,ODP
 Russell 2000 Index,BURKE HERBERT FINANCIAL SERVICES C,BHRB
 Russell 2000 Index,ASP ISOTOPES INC,ASPI
 Russell 2000 Index,ICHOR HOLDINGS LTD,ICHR
 Russell 2000 Index,STANDARD MOTOR PRODUCTS INC,SMP
 Russell 2000 Index,ADTRAN HOLDINGS INC,ADTN
 Russell 2000 Index,CABLE ONE INC,CABO
 Russell 2000 Index,BORR DRILLING LTD,BORR
 Russell 2000 Index,ORUKA THERAPEUTICS INC,ORKA
 Russell 2000 Index,NATIONAL ENERGY SERVICES REUNITED,NESR
 Russell 2000 Index,UNITIL CORP,UTL
 Russell 2000 Index,EYEPOINT PHARMACEUTICALS INC,EYPT
 Russell 2000 Index,ORIC PHARMACEUTICALS INC,ORIC
 Russell 2000 Index,GREAT LAKES DREDGE AND DOCK CORP,GLDD
 Russell 2000 Index,INHIBRX BIOSCIENCES INC,INBX
 Russell 2000 Index,UTZ BRANDS INC CLASS A,UTZ
 Russell 2000 Index,AMERISAFE INC,AMSF
 Russell 2000 Index,GANNETT CO INC,GCI
 Russell 2000 Index,CRACKER BARREL OLD COUNTRY STORE I,CBRL
 Russell 2000 Index,PURSUIT ATTRACTIONS AND HOSPITALIT,PRSU
 Russell 2000 Index,AMN HEALTHCARE INC,AMN
 Russell 2000 Index,UROGEN PHARMA LTD,URGN
 Russell 2000 Index,UNITED STATES ANTIMONY CORP,UAMY
 Russell 2000 Index,GLOBAL BUSINESS TRAVEL GROUP INC C,GBTG
 Russell 2000 Index,HERITAGE FINANCIAL CORP,HFWA
 Russell 2000 Index,CORE LABORATORIES INC,CLB
 Russell 2000 Index,KOSMOS ENERGY LTD,KOS
 Russell 2000 Index,AEHR TEST SYSTEMS,AEHR
 Russell 2000 Index,FIRST WATCH RESTAURANT GROUP INC,FWRG
 Russell 2000 Index,SABRE CORP,SABR
 Russell 2000 Index,NABORS INDUSTRIES LTD,NBR
 Russell 2000 Index,NORDIC AMERICAN TANKERS LTD,NAT
 Russell 2000 Index,CAPITOL FEDERAL FINANCIAL INC,CFFN
 Russell 2000 Index,DAKTRONICS INC,DAKT
 Russell 2000 Index,RUMBLE INC CLASS A,RUM
 Russell 2000 Index,DIVERSIFIED ENERGY COMPANY PLC,DEC
 Russell 2000 Index,MYRIAD GENETICS INC,MYGN
 Russell 2000 Index,LENDINGTREE INC,TREE
 Russell 2000 Index,REDWOOD TRUST REIT INC,RWT
 Russell 2000 Index,AMERICAN AXLE AND MANUFACTURING HO,AXL
 Russell 2000 Index,MARCUS & MILLICHAP INC,MMI
 Russell 2000 Index,REZOLUTE INC,RZLT
 Russell 2000 Index,I3 VERTICALS INC CLASS A,IIIV
 Russell 2000 Index,CASTLE BIOSCIENCES INC,CSTL
 Russell 2000 Index,ANAPTYSBIO INC,ANAB
 Russell 2000 Index,KIMBALL ELECTRONICS INC,KE
 Russell 2000 Index,ARBUTUS BIOPHARMA CORP,ABUS
 Russell 2000 Index,ALPHA AND OMEGA SEMICONDUCTOR LTD,AOSL
 Russell 2000 Index,MERCANTILE BANK CORP,MBWM
 Russell 2000 Index,GOGO INC,GOGO
 Russell 2000 Index,APARTMENT INVESTMENT AND MANAGEMEN,AIV
 Russell 2000 Index,PC CONNECTION INC,CNXN
 Russell 2000 Index,CNB FINANCIAL CORP,CCNE
 Russell 2000 Index,CENTRAL PACIFIC FINANCIAL CORP,CPF
 Russell 2000 Index,TRUSTCO BANK CORP,TRST
 Russell 2000 Index,BLEND LABS INC CLASS A,BLND
 Russell 2000 Index,HORIZON BANCORP INC,HBNC
 Russell 2000 Index,PREFERRED BANK,PFBC
 Russell 2000 Index,NEXPOINT RESIDENTIAL TRUST INC,NXRT
 Russell 2000 Index,MATTHEWS INTERNATIONAL CORP CLASS,MATW
 Russell 2000 Index,GIGACLOUD TECHNOLOGY INC CLASS A,GCT
 Russell 2000 Index,BUSINESS FIRST BANCSHARES INC,BFST
 Russell 2000 Index,SUNCOKE ENERGY INC,SXC
 Russell 2000 Index,BJS RESTAURANTS INC,BJRI
 Russell 2000 Index,GERON CORP,GERN
 Russell 2000 Index,DOUGLAS DYNAMICS INC,PLOW
 Russell 2000 Index,INDEPENDENT BANK CORP,IBCP
 Russell 2000 Index,BRIGHTSPIRE CAPITAL INC CLASS A,BRSP
 Russell 2000 Index,STURM RUGER INC,RGR
 Russell 2000 Index,HALLADOR ENERGY,HNRG
 Russell 2000 Index,BUILD A BEAR WORKSHOP INC,BBW
 Russell 2000 Index,ESQUIRE FINANCIAL HOLDINGS INC,ESQ
 Russell 2000 Index,REPLIMUNE GROUP INC,REPL
 Russell 2000 Index,EMERGENT BIOSOLUTIONS INC,EBS
 Russell 2000 Index,ARVINAS INC,ARVN
 Russell 2000 Index,ANAVEX LIFE SCIENCES CORP,AVXL
 Russell 2000 Index,TRANSCAT INC,TRNS
 Russell 2000 Index,NORTHEAST BANK,NBN
 Russell 2000 Index,FIGS INC CLASS A,FIGS
 Russell 2000 Index,HIPPO HOLDINGS INC,HIPO
 Russell 2000 Index,BLACKSKY TECHNOLOGY INC CLASS A,BKSY
 Russell 2000 Index,METALLUS INC,MTUS
 Russell 2000 Index,GREEN PLAINS INC,GPRE
 Russell 2000 Index,F&G ANNUITIES AND LIFE INC,FG
 Russell 2000 Index,SANA BIOTECHNOLOGY INC,SANA
 Russell 2000 Index,UNITED FIRE GROUP INC,UFCS
 Russell 2000 Index,PACIFIC BIOSCIENCES OF CALIFORNIA,PACB
 Russell 2000 Index,DIGITAL TURBINE INC,APPS
 Russell 2000 Index,QUANEX BUILDING PRODUCTS CORP,NX
 Russell 2000 Index,LIFESTANCE HEALTH GROUP INC,LFST
 Russell 2000 Index,GRAHAM CORP,GHM
 Russell 2000 Index,SWEETGREEN INC CLASS A,SG
 Russell 2000 Index,AMALGAMATED FINANCIAL CORP,AMAL
 Russell 2000 Index,MAZE THERAPEUTICS INC,MAZE
 Russell 2000 Index,HOMETRUST BANCSHARES INC,HTB
 Russell 2000 Index,MIDWESTONE FINANCIAL GROUP INC,MOFG
 Russell 2000 Index,BEAZER HOMES INC,BZH
 Russell 2000 Index,ERMENEGILDO ZEGNA NV,ZGN
 Russell 2000 Index,CANTALOUPE INC,CTLP
 Russell 2000 Index,MYERS INDUSTRIES INC,MYE
 Russell 2000 Index,NB BANCORP INC,NBBK
 Russell 2000 Index,CEVA INC,CEVA
 Russell 2000 Index,METROPOLITAN BANK HOLDING CORP,MCB
 Russell 2000 Index,SUN COUNTRY AIRLINES HOLDINGS INC,SNCY
 Russell 2000 Index,POWERFLEET INC,AIOT
 Russell 2000 Index,REZOLVE AI PLC,RZLV
 Russell 2000 Index,VITESSE ENERGY INC,VTS
 Russell 2000 Index,SERVE ROBOTICS INC,SERV
 Russell 2000 Index,GREEN DOT CORP CLASS A,GDOT
 Russell 2000 Index,CAMDEN NATIONAL CORP,CAC
 Russell 2000 Index,TOOTSIE ROLL INDUSTRIES INC,TR
 Russell 2000 Index,GRID DYNAMICS HOLDINGS INC CLASS A,GDYN
 Russell 2000 Index,FIRST FINANCIAL CORPORATION CORP,THFF
 Russell 2000 Index,HERITAGE COMMERCE CORP,HTBK
 Russell 2000 Index,FIVE STAR BANCORP,FSBC
 Russell 2000 Index,CARRIAGE SERVICES INC,CSV
 Russell 2000 Index,EQUITY BANCSHARES INC CLASS A,EQBK
 Russell 2000 Index,TPG RE FINANCE TRUST INC,TRTX
 Russell 2000 Index,CARS.COM INC,CARS
 Russell 2000 Index,PRECIGEN INC,PGEN
 Russell 2000 Index,SHENANDOAH TELECOMMUNICATIONS,SHEN
 Russell 2000 Index,IRADIMED CORP,IRMD
 Russell 2000 Index,AMERANT BANCORP INC CLASS A,AMTB
 Russell 2000 Index,CLEARPOINT NEURO INC,CLPT
 Russell 2000 Index,SHUTTERSTOCK INC,SSTK
 Russell 2000 Index,HERTZ GLOBAL HLDGS INC,HTZ
 Russell 2000 Index,RED VIOLET INC,RDVT
 Russell 2000 Index,BOWMAN CONSULTING GROUP LTD,BWMN
 Russell 2000 Index,EXCELERATE ENERGY INC CLASS A,EE
 Russell 2000 Index,VESTIS CORP,VSTS
 Russell 2000 Index,ORRSTOWN FINANCIAL SERVICES INC,ORRF
 Russell 2000 Index,LSI INDUSTRIES INC,LYTS
 Russell 2000 Index,HEALTHSTREAM INC,HSTM
 Russell 2000 Index,COMPASS MINERALS INTERNATIONAL INC,CMP
 Russell 2000 Index,RYERSON HOLDING CORP,RYI
 Russell 2000 Index,DREAM FINDERS HOMES INC CLASS A,DFH
 Russell 2000 Index,MONTE ROSA THERAPEUTICS INC,GLUE
 Russell 2000 Index,ORTHOFIX MEDICAL INC,OFIX
 Russell 2000 Index,ESPERION THERAPEUTICS INC,ESPR
 Russell 2000 Index,REGENXBIO INC,RGNX
 Russell 2000 Index,BRANDYWINE REALTY TRUST REIT,BDN
 Russell 2000 Index,TERNS PHARMACEUTICALS INC,TERN
 Russell 2000 Index,KODIAK SCIENCES INC,KOD
 Russell 2000 Index,AMERICAN PUBLIC EDUCATION INC,APEI
 Russell 2000 Index,WHITESTONE REIT,WSR
 Russell 2000 Index,FERROGLOBE PLC,GSM
 Russell 2000 Index,ALTICE USA INC CLASS A,ATUS
 Russell 2000 Index,EVERQUOTE INC CLASS A,EVER
 Russell 2000 Index,ASPEN INSURANCE HOLDINGS LTD CLASS,AHL
 Russell 2000 Index,INSTEEL INDUSTRIES INC,IIIN
 Russell 2000 Index,AQUESTIVE THERAPEUTICS INC,AQST
 Russell 2000 Index,SCHOLASTIC CORP,SCHL
 Russell 2000 Index,SUMMIT HOTEL PROPERTIES REIT INC,INN
 Russell 2000 Index,GENCO SHIPPING AND TRADING LTD,GNK
 Russell 2000 Index,TANGO THERAPEUTICS INC,TNGX
 Russell 2000 Index,NWPX INFRASTRUCTURE INC,NWPX
 Russell 2000 Index,CONSENSUS CLOUD SOLUTIONS INC,CCSI
 Russell 2000 Index,MATIV HOLDINGS INC,MATV
 Russell 2000 Index,REPUBLIC BANCORP INC CLASS A,RBCAA
 Russell 2000 Index,MARTEN TRANSPORT LTD,MRTN
 Russell 2000 Index,CAPITAL CITY BANK INC,CCBG
 Russell 2000 Index,LINCOLN EDUCATIONAL SERVICES CORP,LINC
 Russell 2000 Index,HOVNANIAN ENTERPRISES INC CLASS A,HOV
 Russell 2000 Index,DIANTHUS THERAPEUTICS INC,DNTH
 Russell 2000 Index,BLOOMIN BRANDS INC,BLMN
 Russell 2000 Index,PHATHOM PHARMACEUTICALS INC,PHAT
 Russell 2000 Index,LIGHTBRIDGE CORP,LTBR
 Russell 2000 Index,GCM GROSVENOR INC CLASS A,GCMG
 Russell 2000 Index,ADAMAS INC TRUST,ADAM
 Russell 2000 Index,ENCORE ENERGY CORP,EU
 Russell 2000 Index,CBL ASSOCIATES PROPERTIES INC,CBL
 Russell 2000 Index,FTAI INFRASTRUCTURE INC,FIP
 Russell 2000 Index,SI BONE INC,SIBN
 Russell 2000 Index,POWER SOLUTIONS INTERNATIONAL INC,PSIX
 Russell 2000 Index,N ABLE INC,NABL
 Russell 2000 Index,THERAVANCE BIOPHARMA INC,TBPH
 Russell 2000 Index,ABSCI CORP,ABSI
 Russell 2000 Index,LIQUIDITY SERVICES INC,LQDT
 Russell 2000 Index,RIGEL PHARMACEUTICALS INC,RIGL
 Russell 2000 Index,OIL DRI CORPORATION OF AMERICA,ODC
 Russell 2000 Index,MID PENN BANCORP INC,MPB
 Russell 2000 Index,BICARA THERAPEUTICS INC,BCAX
 Russell 2000 Index,BACKBLAZE INC CLASS A,BLZE
 Russell 2000 Index,PALVELLA THERAPEUTICS INC,PVLA
 Russell 2000 Index,KOPIN CORP,KOPN
 Russell 2000 Index,AKEBIA THERAPEUTICS INC,AKBA
 Russell 2000 Index,NATIONAL PRESTO INDUSTRIES INC,NPK
 Russell 2000 Index,OPKO HEALTH INC,OPK
 Russell 2000 Index,KOPPERS HOLDINGS INC,KOP
 Russell 2000 Index,ETHAN ALLEN INTERIORS INC,ETD
 Russell 2000 Index,ZEVRA THERAPEUTICS INC,ZVRA
 Russell 2000 Index,MISTER CAR WASH INC,MCW
 Russell 2000 Index,COSTAMARE INC,CMRE
 Russell 2000 Index,STAGWELL INC CLASS A,STGW
 Russell 2000 Index,ACCEL ENTERTAINMENT INC CLASS A,ACEL
 Russell 2000 Index,FINANCIAL INSTITUTIONS INC,FISI
 Russell 2000 Index,PRA GROUP INC,PRAA
 Russell 2000 Index,INVESCO MORTGAGE CAPITAL REIT INC,IVR
 Russell 2000 Index,UDEMY INC,UDMY
 Russell 2000 Index,IMMUNITYBIO INC,IBRX
 Russell 2000 Index,ANGI INC CLASS A,ANGI
 Russell 2000 Index,HERITAGE INSURANCE HOLDINGS INC,HRTG
 Russell 2000 Index,GUARDIAN PHARMACY SERVICES INC CLA,GRDN
 Russell 2000 Index,ASPEN AEROGELS INC,ASPN
 Russell 2000 Index,GEVO INC,GEVO
 Russell 2000 Index,SINCLAIR INC CLASS A,SBGI
 Russell 2000 Index,OLEMA PHARMACEUTICALS INC,OLMA
 Russell 2000 Index,SPROUT SOCIAL INC CLASS A,SPT
 Russell 2000 Index,NU SKIN ENTERPRISES INC CLASS A,NUS
 Russell 2000 Index,VIR BIOTECHNOLOGY INC,VIR
 Russell 2000 Index,DAY ONE BIOPHARMACEUTICALS INC,DAWN
 Russell 2000 Index,P10 INC CLASS A,PX
 Russell 2000 Index,PACS GROUP INC,PACS
 Russell 2000 Index,ARS PHARMACEUTICALS INC,SPRY
 Russell 2000 Index,SOUTHERN MISSOURI BANCORP INC,SMBC
 Russell 2000 Index,CASS INFORMATION SYSTEMS INC,CASS
 Russell 2000 Index,SMARTFINANCIAL INC,SMBK
 Russell 2000 Index,ARMADA HOFFLER PROPERTIES REIT INC,AHH
 Russell 2000 Index,OXFORD INDUSTRIES INC,OXM
 Russell 2000 Index,NAVIGATOR HOLDINGS LTD,NVGS
 Russell 2000 Index,EVGO INC CLASS A,EVGO
 Russell 2000 Index,GLADSTONE COMMERCIAL REIT CORP,GOOD
 Russell 2000 Index,FIRST COMMUNITY BANKSHARES INC,FCBC
 Russell 2000 Index,METROCITY BANKSHARES INC,MCBS
 Russell 2000 Index,SENECA FOODS CORP CLASS A,SENEA
 Russell 2000 Index,TEEKAY CORPORATION CORP LTD,TK
 Russell 2000 Index,COOPER STANDARD HOLDINGS INC,CPS
 Russell 2000 Index,BUTTERFLY NETWORK INC CLASS A,BFLY
 Russell 2000 Index,MALIBU BOATS CLASS A INC,MBUU
 Russell 2000 Index,RAPPORT THERAPEUTICS INC,RAPP
 Russell 2000 Index,IOVANCE BIOTHERAPEUTICS INC,IOVA
 Russell 2000 Index,CONSOLIDATED WATER LTD,CWCO
 Russell 2000 Index,COMMUNITY HEALTH SYSTEMS INC,CYH
 Russell 2000 Index,NIOCORP DEVELOPMENTS LTD,NB
 Russell 2000 Index,ARDAGH METAL PACKAGING SA,AMBP
 Russell 2000 Index,DAILY JOURNAL CORP,DJCO
 Russell 2000 Index,PEAKSTONE REALTY TRUST CLASS E,PKST
 Russell 2000 Index,KEROS THERAPEUTICS INC,KROS
 Russell 2000 Index,PREFORMED LINE PRODUCTS,PLPC
 Russell 2000 Index,FORESTAR GROUP INC,FOR
 Russell 2000 Index,ARHAUS INC CLASS A,ARHS
 Russell 2000 Index,SUNOPTA INC,STKL
 Russell 2000 Index,BLUELINX HOLDINGS INC,BXC
 Russell 2000 Index,GROUPON INC,GRPN
 Russell 2000 Index,GINKGO BIOWORKS HOLDINGS INC CLASS,DNA
 Russell 2000 Index,ZENAS BIOPHARMA INC,ZBIO
 Russell 2000 Index,CTO REALTY GROWTH INC,CTO
 Russell 2000 Index,WASHINGTON TRUST BANCORP INC,WASH
 Russell 2000 Index,A MARK PRECIOUS METALS INC,AMRK
 Russell 2000 Index,UNIVERSAL HEALTH REALTY INCOME TRU,UHT
 Russell 2000 Index,AEVA TECHNOLOGIES INC,AEVA
 Russell 2000 Index,CLARITEV CORP CLASS A,CTEV
 Russell 2000 Index,AVANOS MEDICAL INC,AVNS
 Russell 2000 Index,CLEAN ENERGY FUELS CORP,CLNE
 Russell 2000 Index,MISSION PRODUCE INC,AVO
 Russell 2000 Index,NERDWALLET INC CLASS A,NRDS
 Russell 2000 Index,READY CAPITAL CORP,RC
 Russell 2000 Index,ADVANSIX INC,ASIX
 Russell 2000 Index,GREAT SOUTHERN BANCORP INC,GSBC
 Russell 2000 Index,FARMERS NATIONAL BANC CORP,FMNB
 Russell 2000 Index,THIRD COAST BANCSHARES INC,TCBX
 Russell 2000 Index,ARROW FINANCIAL CORP,AROW
 Russell 2000 Index,PERSONALIS INC,PSNL
 Russell 2000 Index,SHORE BANCSHARES INC,SHBI
 Russell 2000 Index,SOUTH PLAINS FINANCIAL INC,SPFI
 Russell 2000 Index,NORTHRIM BANCORP INC,NRIM
 Russell 2000 Index,JOHN B SANFILIPPO AND SON INC,JBSS
 Russell 2000 Index,LENZ THERAPEUTICS INC,LENZ
 Russell 2000 Index,SAVARA INC,SVRA
 Russell 2000 Index,HARBORONE BANCORP INC,HONE
 Russell 2000 Index,ALERUS FINANCIAL CORP,ALRS
 Russell 2000 Index,CORVUS PHARMACEUTICALS INC,CRVS
 Russell 2000 Index,VAREX IMAGING CORP,VREX
 Russell 2000 Index,ALEXANDERS REIT INC,ALX
 Russell 2000 Index,KKR REAL ESTATE FINANCE INC TRUST,KREF
 Russell 2000 Index,OMEROS CORP,OMER
 Russell 2000 Index,MARINEMAX INC,HZO
 Russell 2000 Index,GOSSAMER BIO INC,GOSS
 Russell 2000 Index,VITAL ENERGY INC,VTLE
 Russell 2000 Index,BAR HARBOR BANKSHARES,BHB
 Russell 2000 Index,HINGHAM INSTITUTION FOR SAVINGS,HIFS
 Russell 2000 Index,EAGLE BANCORP INC,EGBN
 Russell 2000 Index,ASTRIA THERAPEUTICS INC,ATXS
 Russell 2000 Index,TALKSPACE INC,TALK
 Russell 2000 Index,SIONNA THERAPEUTICS INC,SION
 Russell 2000 Index,FULGENT GENETICS INC,FLGT
 Russell 2000 Index,NET LEASE OFFICE PROPERTIES,NLOP
 Russell 2000 Index,RUSH ENTERPRISES INC CLASS B,RUSHB
 Russell 2000 Index,ANGIODYNAMICS INC,ANGO
 Russell 2000 Index,GRINDR INC,GRND
 Russell 2000 Index,RPC INC,RES
 Russell 2000 Index,SKYWATER TECHNOLOGY INC,SKYT
 Russell 2000 Index,ETON PHARMACEUTCIALS INC,ETON
 Russell 2000 Index,CALEDONIA MINING PLC,CMCL
 Russell 2000 Index,ARRIVENT BIOPHARMA INC,AVBP
 Russell 2000 Index,LSB INDUSTRIES INC,LXU
 Russell 2000 Index,4D MOLECULAR THERAPEUTICS INC,FDMT
 Russell 2000 Index,LINDBLAD EXPEDITIONS HOLDINGS INC,LIND
 Russell 2000 Index,COLUMBUS MCKINNON CORP,CMCO
 Russell 2000 Index,CYTEK BIOSCIENCES INC,CTKB
 Russell 2000 Index,RAYONIER ADVANCED MATERIALS INC,RYAM
 Russell 2000 Index,AMERICAN BATTERY TECHNOLOGY COMPAN,ABAT
 Russell 2000 Index,IBOTTA INC CLASS A,IBTA
 Russell 2000 Index,STITCH FIX INC CLASS A,SFIX
 Russell 2000 Index,BANDWIDTH INC CLASS A,BAND
 Russell 2000 Index,KFORCE INC,KFRC
 Russell 2000 Index,CRYOPORT INC,CYRX
 Russell 2000 Index,HACKETT GROUP INC,HCKT
 Russell 2000 Index,VISHAY PRECISION GROUP INC,VPG
 Russell 2000 Index,CULLINAN THERAPEUTICS INC,CGEM
 Russell 2000 Index,DOMO INC CLASS B,DOMO
 Russell 2000 Index,ACNB CORP,ACNB
 Russell 2000 Index,SEPTERNA INC,SEPN
 Russell 2000 Index,AVEANNA HEALTHCARE HOLDINGS INC,AVAH
 Russell 2000 Index,MONRO INC,MNRO
 Russell 2000 Index,FARMLAND PARTNERS INC,FPI
 Russell 2000 Index,SANDRIDGE ENERGY INC,SD
 Russell 2000 Index,CLIMB GLOBAL SOLUTIONS INC,CLMB
 Russell 2000 Index,COMPASS DIVERSIFIED,CODI
 Russell 2000 Index,CERENCE INC,CRNC
 Russell 2000 Index,PROTHENA PLC,PRTA
 Russell 2000 Index,MILLER INDUSTRIES INC,MLR
 Russell 2000 Index,TIPTREE INC,TIPT
 Russell 2000 Index,FIRSTSUN CAPITAL BANCORP,FSUN
 Russell 2000 Index,MEDIAALPHA INC CLASS A,MAX
 Russell 2000 Index,HYSTER YALE INC CLASS A,HY
 Russell 2000 Index,ARDMORE SHIPPING CORP,ASC
 Russell 2000 Index,FLUSHING FINANCIAL CORP,FFIC
 Russell 2000 Index,WEAVE COMMUNICATIONS INC,WEAV
 Russell 2000 Index,NUTEX HEALTH INC,NUTX
 Russell 2000 Index,HELEN OF TROY LTD,HELE
 Russell 2000 Index,VERASTEM INC,VSTM
 Russell 2000 Index,ERASCA INC,ERAS
 Russell 2000 Index,T1 ENERGY INC,TE
 Russell 2000 Index,BED BATH AND BEYOND INC,BBBY
 Russell 2000 Index,SLIDE INSURANCE HOLDINGS INC,SLDE
 Russell 2000 Index,SMITH WESSON BRANDS INC,SWBI
 Russell 2000 Index,IDAHO STRATEGIC RESOURCES INC,IDR
 Russell 2000 Index,EASTMAN KODAK,KODK
 Russell 2000 Index,MITEK SYSTEMS INC,MITK
 Russell 2000 Index,CRITICAL METALS CORP,CRML
 Russell 2000 Index,NATURAL GROCERS BY VITAMIN COTTAGE,NGVC
 Russell 2000 Index,PEAPACK GLADSTONE FINANCIAL CORP,PGC
 Russell 2000 Index,FIRST BUSINESS FINANCIAL SERVICES,FBIZ
 Russell 2000 Index,VAALCO ENERGY INC,EGY
 Russell 2000 Index,TRONOX HOLDINGS PLC,TROX
 Russell 2000 Index,IBEX LTD,IBEX
 Russell 2000 Index,INTERNATIONAL MONEY EXPRESS INC,IMXI
 Russell 2000 Index,NEXTDOOR HOLDINGS INC CLASS A,NXDR
 Russell 2000 Index,ONESPAN INC,OSPN
 Russell 2000 Index,CARTER BANKSHARES INC,CARE
 Russell 2000 Index,PEOPLES FINANCIAL SERVICES CORP,PFIS
 Russell 2000 Index,ENHABIT INC,EHAB
 Russell 2000 Index,YORK WATER,YORW
 Russell 2000 Index,GLOBAL MEDICAL REIT INC,GMRE
 Russell 2000 Index,VOYAGER TECHNOLOGIES INC CLASS A,VOYG
 Russell 2000 Index,GLOBAL INDUSTRIAL,GIC
 Russell 2000 Index,CALIFORNIA BANCORP,BCAL
 Russell 2000 Index,SIERRA BANCORP,BSRR
 Russell 2000 Index,KALVISTA PHARMACEUTICALS INC,KALV
 Russell 2000 Index,GRAY MEDIA INC,GTN
 Russell 2000 Index,CIVISTA BANCSHARES INC,CIVB
 Russell 2000 Index,CLEARFIELD INC,CLFD
 Russell 2000 Index,REAL BROKERAGE INC,REAX
 Russell 2000 Index,AEBI SCHMIDT HOLDING AG,AEBI
 Russell 2000 Index,ORION GROUP INC,ORN
 Russell 2000 Index,COMMUNITY HEALTHCARE TRUST INC,CHCT
 Russell 2000 Index,XEROX HOLDINGS CORP,XRX
 Russell 2000 Index,BUMBLE INC CLASS A,BMBL
 Russell 2000 Index,NIAGEN BIOSCIENCE INC,NAGE
 Russell 2000 Index,DAVE AND BUSTERS ENTERTAINMENT INC,PLAY
 Russell 2000 Index,COLUMBIA FINANCIAL INC,CLBK
 Russell 2000 Index,GOLDEN ENTERTAINMENT INC,GDEN
 Russell 2000 Index,FORWARD AIR CORP,FWRD
 Russell 2000 Index,BANK OF MARIN BANCORP,BMRC
 Russell 2000 Index,CORSAIR GAMING INC,CRSR
 Russell 2000 Index,CHOICEONE FINANCIAL SERVICES INC,COFS
 Russell 2000 Index,MATRIX SERVICE,MTRX
 Russell 2000 Index,NORTHFIELD BANCORP INC,NFBK
 Russell 2000 Index,REDWIRE CORP,RDW
 Russell 2000 Index,BKV CORP,BKV
 Russell 2000 Index,ENNIS INC,EBF
 Russell 2000 Index,ARTERIS INC,AIP
 Russell 2000 Index,FULCRUM THERAPEUTICS INC,FULC
 Russell 2000 Index,TYRA BIOSCIENCES INC,TYRA
 Russell 2000 Index,MEIRAGTX HOLDINGS PLC,MGTX
 Russell 2000 Index,CROSS COUNTRY HEALTHCARE INC,CCRN
 Russell 2000 Index,TSS INC,TSSI
 Russell 2000 Index,SITE CENTERS CORP,SITC
 Russell 2000 Index,DINE BRANDS GLOBAL INC,DIN
 Russell 2000 Index,EVOLUS INC,EOLS
 Russell 2000 Index,HOME BANCORP INC,HBCP
 Russell 2000 Index,SURMODICS INC,SRDX
 Russell 2000 Index,BETTER HOME FINANCE HOLDING CLASS,BETR
 Russell 2000 Index,TELOS CORPORATION CORP,TLS
 Russell 2000 Index,CONDUENT INC,CNDT
 Russell 2000 Index,PAYSAFE LTD,PSFE
 Russell 2000 Index,SEMRUSH HOLDINGS INC CLASS A,SEMR
 Russell 2000 Index,CALERES INC,CAL
 Russell 2000 Index,INVESTORS TITLE,ITIC
 Russell 2000 Index,COMPASS THERAPEUTICS,CMPX
 Russell 2000 Index,JELD WEN HOLDING INC,JELD
 Russell 2000 Index,3D SYSTEMS CORP,DDD
 Russell 2000 Index,PRIME MEDICINE INC,PRME
 Russell 2000 Index,BOWHEAD SPECIALTY HOLDINGS INC,BOW
 Russell 2000 Index,ATLANTA BRAVES HOLDINGS INC SERIES,BATRA
 Russell 2000 Index,WEST BANCORPORATION INC,WTBA
 Russell 2000 Index,MESA LABORATORIES INC,MLAB
 Russell 2000 Index,BYRNA TECHNOLOGIES INC,BYRN
 Russell 2000 Index,REGIONAL MANAGEMENT CORP,RM
 Russell 2000 Index,COMMUNITY WEST BANCSHARES,CWBC
 Russell 2000 Index,CALAVO GROWERS INC,CVGW
 Russell 2000 Index,WILLIS LEASE FINANCE CORP,WLFC
 Russell 2000 Index,TITAN INTERNATIONAL INC,TWI
 Russell 2000 Index,TITAN AMERICA SA,TTAM
 Russell 2000 Index,AMBAC FINANCIAL GROUP INC,AMBC
 Russell 2000 Index,MAMAS CREATIONS INC,MAMA
 Russell 2000 Index,STANDARD BIOTOOLS INC,LAB
 Russell 2000 Index,WORLD ACCEPTANCE CORP,WRLD
 Russell 2000 Index,OIL STATES INTERNATIONAL INC,OIS
 Russell 2000 Index,ONE LIBERTY PROPERTIES REIT INC,OLP
 Russell 2000 Index,KESTRA MEDICAL TECHNOLOGIES LTD,KMTS
 Russell 2000 Index,CUSTOM TRUCK ONE SOURCE INC,CTOS
 Russell 2000 Index,UNITY BANCORP INC,UNTY
 Russell 2000 Index,PUBMATIC INC CLASS A,PUBM
 Russell 2000 Index,KELLY SERVICES INC CLASS A,KELYA
 Russell 2000 Index,IHEARTMEDIA INC CLASS A,IHRT
 Russell 2000 Index,KURA SUSHI USA INC,KRUS
 Russell 2000 Index,SAVERS VALUE VILLAGE INC,SVV
 Russell 2000 Index,SOUTHERN FIRST BANCSHARES INC,SFST
 Russell 2000 Index,TITAN MACHINERY INC,TITN
 Russell 2000 Index,KEARNY FINANCIAL CORP,KRNY
 Russell 2000 Index,MANITOWOC INC,MTW
 Russell 2000 Index,DAKOTA GOLD CORP,DC
 Russell 2000 Index,OLYMPIC STEEL INC,ZEUS
 Russell 2000 Index,HBT FINANCIAL INC,HBT
 Russell 2000 Index,RBB BANCORP,RBB
 Russell 2000 Index,ARDENT HEALTH INC,ARDT
 Russell 2000 Index,TACTILE SYSTEMS TECHNOLOGY INC,TCMD
 Russell 2000 Index,HUDSON TECHNOLOGIES INC,HDSN
 Russell 2000 Index,DIAMOND HILL INVESTMENT GROUP INC,DHIL
 Russell 2000 Index,GREENLIGHT CAPITAL LTD CLASS A,GLRE
 Russell 2000 Index,MGP INGREDIENTS INC,MGPI
 Russell 2000 Index,MARAVAI LIFESCIENCES HOLDINGS INC,MRVI
 Russell 2000 Index,FIRST BANK,FRBA
 Russell 2000 Index,SIGA TECHNOLOGIES INC,SIGA
 Russell 2000 Index,BRIDGEWATER BANCSHARES INC,BWB
 Russell 2000 Index,HEARTLAND EXPRESS INC,HTLD
 Russell 2000 Index,COVENANT LOGISTICS GROUP INC CLASS,CVLG
 Russell 2000 Index,FIRST FOUNDATION INC,FFWM
 Russell 2000 Index,NEUROGENE INC,NGNE
 Russell 2000 Index,REPAY HOLDINGS CORP CLASS A,RPAY
 Russell 2000 Index,RILEY EXPLORATION PERMIAN INC,REPX
 Russell 2000 Index,PARK AEROSPACE CORP,PKE
 Russell 2000 Index,QUANTUM SI INC CLASS A,QSI
 Russell 2000 Index,SERVICE PROPERTIES TRUST,SVC
 Russell 2000 Index,POSTAL REALTY TRUST INC CLASS A,PSTL
 Russell 2000 Index,MBX BIOSCIENCES INC,MBX
 Russell 2000 Index,THE MARCUS CORP,MCS
 Russell 2000 Index,SAUL CENTERS REIT INC,BFS
 Russell 2000 Index,ACCO BRANDS CORP,ACCO
 Russell 2000 Index,ARKO,ARKO
 Russell 2000 Index,SHOE CARNIVAL INC,SCVL
 Russell 2000 Index,ALTIMMUNE INC,ALT
 Russell 2000 Index,WABASH NATIONAL CORP,WNC
 Russell 2000 Index,RICHTECH ROBOTICS INC CLASS B,RR
 Russell 2000 Index,TEJON RANCH,TRC
 Russell 2000 Index,FARMERS AND MERCHANTS BANCORP INC,FMAO
 Russell 2000 Index,CAPITAL BANCORP INC,CBNK
 Russell 2000 Index,DONEGAL GROUP INC CLASS A,DGICA
 Russell 2000 Index,OPTIMIZERX CORP,OPRX
 Russell 2000 Index,MERCURITY FINTECH HOLDING INC,MFH
 Russell 2000 Index,FRONTIER GROUP HOLDINGS INC,ULCC
 Russell 2000 Index,STRATA CRITICAL MEDICAL INC CLASS,SRTA
 Russell 2000 Index,MASTERCRAFT BOAT HOLDINGS INC,MCFT
 Russell 2000 Index,LATHAM GROUP INC,SWIM
 Russell 2000 Index,SEMLER SCIENTIFIC INC,SMLR
 Russell 2000 Index,BAYCOM CORP,BCML
 Russell 2000 Index,NVE CORP,NVEC
 Russell 2000 Index,GENIE ENERGY LTD CLASS B,GNE
 Russell 2000 Index,RIBBON COMMUNICATIONS INC,RBBN
 Russell 2000 Index,GBANK FINL HLDGS INC,GBFH
 Russell 2000 Index,PORTILLO S INC CLASS A,PTLO
 Russell 2000 Index,JADE BIOSCIENCES INC,JBIO
 Russell 2000 Index,ADC THERAPEUTICS SA,ADCT
 Russell 2000 Index,SOLID BIOSCIENCES INC,SLDB
 Russell 2000 Index,ZIPRECRUITER INC CLASS A,ZIP
 Russell 2000 Index,FLOWCO HOLDINGS INC CLASS A,FLOC
 Russell 2000 Index,CENTRAL GARDEN AND PET,CENT
 Russell 2000 Index,BANKWELL FINANCIAL GROUP INC,BWFG
 Russell 2000 Index,RESOLUTE HOLDINGS MANAGEMENT INC,RHLD
 Russell 2000 Index,THE HONEST COMPANY INC,HNST
 Russell 2000 Index,MBIA INC,MBI
 Russell 2000 Index,MONOPAR THERAPEUTICS INC,MNPR
 Russell 2000 Index,ROCKET PHARMACEUTICALS INC,RCKT
 Russell 2000 Index,WEBTOON ENTERTAINMENT INC,WBTN
 Russell 2000 Index,NEXXEN INTERNATIONAL LTD,NEXN
 Russell 2000 Index,BIGCOMMERCE HOLDINGS INC SERIES,CMRC
 Russell 2000 Index,LUXFER HOLDINGS PLC,LXFR
 Russell 2000 Index,B AND G FOODS INC,BGS
 Russell 2000 Index,MVB FINANCIAL CORP,MVBF
 Russell 2000 Index,ZUMIEZ INC,ZUMZ
 Russell 2000 Index,ORANGE COUNTY BANCORP INC,OBT
 Russell 2000 Index,CHATHAM LODGING TRUST REIT,CLDT
 Russell 2000 Index,AMERICAN COASTAL INSURANCE CORP,ACIC
 Russell 2000 Index,XPERI INC,XPER
 Russell 2000 Index,CITIZENS AND NORTHERN CORP,CZNC
 Russell 2000 Index,BAKKT HOLDINGS INC CLASS A,BKKT
 Russell 2000 Index,BIOVENTUS CLASS A INC,BVS
 Russell 2000 Index,TREACE MEDICAL CONCEPTS INC,TMCI
 Russell 2000 Index,RXSIGHT INC,RXST
 Russell 2000 Index,ATLANTICUS HOLDINGS CORP,ATLC
 Russell 2000 Index,GLADSTONE LAND REIT CORP,LAND
 Russell 2000 Index,PULSE BIOSCIENCES INC,PLSE
 Russell 2000 Index,COLONY BANKCORP INC,CBAN
 Russell 2000 Index,ANNEXON INC,ANNX
 Russell 2000 Index,XOMA ROYALTY CORP,XOMA
 Russell 2000 Index,MAGNERA CORP,MAGN
 Russell 2000 Index,IRONWOOD PHARMA INC CLASS A,IRWD
 Russell 2000 Index,RED RIVER BANCSHARES INC,RRBI
 Russell 2000 Index,FORUM ENERGY TECHNOLOGIES INC,FET
 Russell 2000 Index,OWENS & MINOR INC,OMI
 Russell 2000 Index,JACK IN THE BOX INC,JACK
 Russell 2000 Index,ORION SA,OEC
 Russell 2000 Index,MIDLAND STATES BANCORP INC,MSBI
 Russell 2000 Index,CLAROS MORTGAGE TRUST INC,CMTG
 Russell 2000 Index,SPIRE GLOBAL INC CLASS A,SPIR
 Russell 2000 Index,HYLIION HOLDINGS CORP,HYLN
 Russell 2000 Index,NATHANS FAMOUS INC,NATH
 Russell 2000 Index,MICROVISION INC,MVIS
 Russell 2000 Index,BLAIZE HOLDINGS INC,BZAI
 Russell 2000 Index,INDUSTRIAL LOGISTICS PROPERTIES TR,ILPT
 Russell 2000 Index,GENESCO INC,GCO
 Russell 2000 Index,HAVERTY FURNITURE COMPANIES INC,HVT
 Russell 2000 Index,ORGANOGENESIS HOLDINGS INC CLASS A,ORGO
 Russell 2000 Index,NATIONAL CINEMEDIA INC,NCMI
 Russell 2000 Index,THRYV HOLDINGS INC,THRY
 Russell 2000 Index,DELCATH SYS INC,DCTH
 Russell 2000 Index,CADIZ INC,CDZI
 Russell 2000 Index,FIRST BANCORP INC,FNLC
 Russell 2000 Index,KINGSWAY FINANCIAL SERVICES INC,KFS
 Russell 2000 Index,SELECTQUOTE INC,SLQT
 Russell 2000 Index,AVIAT NETWORKS INC,AVNW
 Russell 2000 Index,VILLAGE SUPER MARKET INC CLASS A,VLGEA
 Russell 2000 Index,INTREPID POTASH INC,IPI
 Russell 2000 Index,CITY OFFICE REIT INC,CIO
 Russell 2000 Index,FS BANCORP INC,FSBW
 Russell 2000 Index,SIMULATIONS PLUS INC,SLP
 Russell 2000 Index,GRANITE RIDGE RESOURCES INC,GRNT
 Russell 2000 Index,ALDEYRA THERAPEUTICS INC,ALDX
 Russell 2000 Index,ORTHOPEDIATRICS CORP,KIDS
 Russell 2000 Index,MOVADO GROUP INC,MOV
 Russell 2000 Index,BLUE RIDGE BANKSHARES INC,BRBS
 Russell 2000 Index,CERIBELL INC,CBLL
 Russell 2000 Index,CLEARWATER PAPER CORP,CLW
 Russell 2000 Index,CERUS CORP,CERS
 Russell 2000 Index,NATURAL GAS SERVICES GROUP INC,NGS
 Russell 2000 Index,FRP HOLDINGS INC,FRPH
 Russell 2000 Index,EL POLLO LOCO INC,LOCO
 Russell 2000 Index,TURTLE BEACH CORP,TBCH
 Russell 2000 Index,OOMA INC,OOMA
 Russell 2000 Index,NEWTEKONE INC,NEWT
 Russell 2000 Index,KRISPY KREME INC,DNUT
 Russell 2000 Index,PARKE BANCORP INC,PKBK
 Russell 2000 Index,ONCOLOGY INSTITUTE INC,TOI
 Russell 2000 Index,BOSTON OMAHA CORP CLASS A,BOC
 Russell 2000 Index,SPOK HOLDINGS INC,SPOK
 Russell 2000 Index,PONCE FINANCIAL GROUP INC,PDLB
 Russell 2000 Index,NORTHEAST COMMUNITY BANCORP INC,NECB
 Russell 2000 Index,LB FOSTER,FSTR
 Russell 2000 Index,PCB BANCORP,PCB
 Russell 2000 Index,SAFE BULKERS INC,SB
 Russell 2000 Index,MCGRAW HILL INC,MH
 Russell 2000 Index,KORRO BIO INC,KRRO
 Russell 2000 Index,EDITAS MEDICINE INC,EDIT
 Russell 2000 Index,DISTRIBUTION SOLUTIONS GROUP INC,DSGR
 Russell 2000 Index,EGAIN CORP,EGAN
 Russell 2000 Index,BERRY,BRY
 Russell 2000 Index,WIDEOPENWEST INC,WOW
 Russell 2000 Index,LOANDEPOT INC CLASS A,LDI
 Russell 2000 Index,ALUMIS INC,ALMS
 Russell 2000 Index,RANGER ENERGY SERVICES INC CLASS A,RNGR
 Russell 2000 Index,MAYVILLE ENGINEERING COMPANY INC,MEC
 Russell 2000 Index,CITIZENS FINANCIAL SERVICES INC,CZFS
 Russell 2000 Index,VTEX CLASS A,VTEX
 Russell 2000 Index,FLOTEK INDUSTRIES INC,FTK
 Russell 2000 Index,AURA BIOSCIENCES INC,AURA
 Russell 2000 Index,TIMBERLAND BANCORP INC,TSBK
 Russell 2000 Index,AMC NETWORKS CLASS A INC,AMCX
 Russell 2000 Index,CRICUT INC CLASS A,CRCT
 Russell 2000 Index,MECHANICS BANCORP CLASS A,MCHB
 Russell 2000 Index,PETCO HEALTH AND WELLNESS COMPANY,WOOF
 Russell 2000 Index,UNISYS CORP,UIS
 Russell 2000 Index,BRIGHT MINDS BIOSCIENCES INC,DRUG
 Russell 2000 Index,RMR GROUP INC CLASS A,RMR
 Russell 2000 Index,TARGET HOSPITALITY CORP,TH
 Russell 2000 Index,ARCTURUS THERAPEUTICS HOLDINGS INC,ARCT
 Russell 2000 Index,BIGLARI HOLDINGS INCINARY CLASS B,BH
 Russell 2000 Index,CAPRICOR THERAPEUTICS INC,CAPR
 Russell 2000 Index,ONITY GROUP INC,ONIT
 Russell 2000 Index,WATERSTONE FINANCIAL INC,WSBF
 Russell 2000 Index,PLUMAS BANCORP,PLBC
 Russell 2000 Index,FRONTVIEW REIT INC,FVR
 Russell 2000 Index,ELEDON PHARMACEUTICALS INC,ELDN
 Russell 2000 Index,STRATTEC SECURITY CORP,STRT
 Russell 2000 Index,INVESTAR HOLDING CORP,ISTR
 Russell 2000 Index,LEXEO THERAPEUTICS INC,LXEO
 Russell 2000 Index,CITIZENS INC CLASS A,CIA
 Russell 2000 Index,RANPAK HOLDINGS CORP CLASS A,PACK
 Russell 2000 Index,NEUROPACE INC,NPCE
 Russell 2000 Index,8X8 INC,EGHT
 Russell 2000 Index,OPPFI INC CLASS A,OPFI
 Russell 2000 Index,AGILON HEALTH,AGL
 Russell 2000 Index,PERMA FIX ENVIRONMENTAL SERVICES I,PESI
 Russell 2000 Index,MIDDLEFIELD BANC CORP,MBCN
 Russell 2000 Index,ATEA PHARMACEUTICALS INC,AVIR
 Russell 2000 Index,PRIMIS FINANCIAL CORP,FRST
 Russell 2000 Index,FREQUENCY ELECTRONICS INC,FEIM
 Russell 2000 Index,ARES COMMERCIAL REAL ESTATE REIT C,ACRE
 Russell 2000 Index,VANDA PHARMACEUTICALS INC,VNDA
 Russell 2000 Index,AERSALE CORP,ASLE
 Russell 2000 Index,USANA HEALTH SCIENCES INC,USNA
 Russell 2000 Index,LIBERTY LATIN AMERICA LTD CLASS A,LILA
 Russell 2000 Index,MOTORCAR PARTS OF AMERICA INC,MPAA
 Russell 2000 Index,LIMONEIRA,LMNR
 Russell 2000 Index,BENITEC BIOPHARMA INC,BNTC
 Russell 2000 Index,JOHN MARSHALL BANCORP INC,JMSB
 Russell 2000 Index,BK TECHNOLOGIES CORP,BKTI
 Russell 2000 Index,LIFEMD INC,LFMD
 Russell 2000 Index,CANDEL THERAPEUTICS INC,CADL
 Russell 2000 Index,NANO X IMAGING LTD,NNOX
 Russell 2000 Index,METHODE ELECTRONICS INC,MEI
 Russell 2000 Index,FORGE GLOBAL HOLDINGS INC,FRGE
 Russell 2000 Index,OMADA HEALTH INC,OMDA
 Russell 2000 Index,908 DEVICES INC,MASS
 Russell 2000 Index,QUANTERIX CORP,QTRX
 Russell 2000 Index,PUMA BIOTECHNOLOGY INC,PBYI
 Russell 2000 Index,CHICAGO ATLANTIC REAL ESTATE FINAN,REFI
 Russell 2000 Index,EVE HOLDING INC,EVEX
 Russell 2000 Index,ACLARIS THERAPEUTICS INC,ACRS
 Russell 2000 Index,HIMALAYA SHIPPING LTD,HSHP
 Russell 2000 Index,ANTERIX INC,ATEX
 Russell 2000 Index,NATURES SUNSHINE PRODUCTS INC,NATR
 Russell 2000 Index,VOYAGER THERAPEUTICS INC,VYGR
 Russell 2000 Index,OPORTUN FINANCIAL CORP,OPRT
 Russell 2000 Index,HEALTH CATALYST INC,HCAT
 Russell 2000 Index,VUZIX CORP,VUZI
 Russell 2000 Index,OUTSET MEDICAL INC,OM
 Russell 2000 Index,FIDELITY D AND D BANCORP INC,FDBC
 Russell 2000 Index,ASURE SOFTWARE INC,ASUR
 Russell 2000 Index,NEW FORTRESS ENERGY INC CLASS A,NFE
 Russell 2000 Index,ENANTA PHARMACEUTICALS INC,ENTA
 Russell 2000 Index,ARQ INC,ARQ
 Russell 2000 Index,DIAMEDICA THERAPEUTICS INC,DMAC
 Russell 2000 Index,INSEEGO CORP,INSG
 Russell 2000 Index,PURE CYCLE CORP,PCYO
 Russell 2000 Index,ABEONA THERAPEUTICS INC,ABEO
 Russell 2000 Index,W AND T OFFSHORE INC,WTI
 Russell 2000 Index,AG MORTGAGE INVESTMENT TRUST REIT,MITT
 Russell 2000 Index,VIEMED HEALTHCARE INC,VMD
 Russell 2000 Index,JEFFERSON CAPITAL INC,JCAP
 Russell 2000 Index,PLAYTIKA HOLDING CORP,PLTK
 Russell 2000 Index,INFORMATION SERVICES GROUP INC,III
 Russell 2000 Index,RCI HOSPITALITY HOLDINGS INC,RICK
 Russell 2000 Index,SANUWAVE HEALTH INC,SNWV
 Russell 2000 Index,JOHNSON OUTDOORS INC CLASS A,JOUT
 Russell 2000 Index,HUMACYTE INC,HUMA
 Russell 2000 Index,ORASURE TECHNOLOGIES INC,OSUR
 Russell 2000 Index,KARAT PACKAGING INC,KRT
 Russell 2000 Index,PALLADYNE AI CORP,PDYN
 Russell 2000 Index,FB BANCORP INC,FBLA
 Russell 2000 Index,NORWOOD FINANCIAL CORP,NWFL
 Russell 2000 Index,RIMINI STREET INC,RMNI
 Russell 2000 Index,SUMMIT MIDSTREAM CORP,SMC
 Russell 2000 Index,GETTY IMAGES HOLDINGS INC CLASS A,GETY
 Russell 2000 Index,AMES NATIONAL CORP,ATLO
 Russell 2000 Index,DENNYS CORP,DENN
 Russell 2000 Index,TRUBRIDGE INC,TBRG
 Russell 2000 Index,OPEN LENDING CORP,LPRO
 Russell 2000 Index,RADIANT LOGISTIC INC,RLGT
 Russell 2000 Index,LCNB CORP,LCNB
 Russell 2000 Index,TECTONIC THERAPEUTIC INC,TECX
 Russell 2000 Index,PROVIDENT BANCORP INC,PVBC
 Russell 2000 Index,BANK7 CORP,BSVN
 Russell 2000 Index,LIVEWIRE GROUP INC,LVWR
 Russell 2000 Index,ROCKY BRANDS INC,RCKY
 Russell 2000 Index,SIGHT SCIENCES INC,SGHT
 Russell 2000 Index,PARK OHIO HOLDINGS CORP,PKOH
 Russell 2000 Index,CODEXIS INC,CDXS
 Russell 2000 Index,ABACUS GLOBAL MANAGEMENT INC CLASS,ABL
 Russell 2000 Index,OAK VALLEY BANCORP,OVLY
 Russell 2000 Index,FIRST WESTERN FINANCIAL INC,MYFW
 Russell 2000 Index,SKY HARBOUR GROUP CORP CLASS A,SKYH
 Russell 2000 Index,INOGEN INC,INGN
 Russell 2000 Index,LIFECORE BIOMEDICAL INC,LFCR
 Russell 2000 Index,US GOLD CORP,USAU
 Russell 2000 Index,KINDERCARE LEARNING COMPANIES INC,KLC
 Russell 2000 Index,C AND F FINANCIAL CORP,CFFI
 Russell 2000 Index,IMMERSION CORP,IMMR
 Russell 2000 Index,FVCBANKCORP INC,FVCB
 Russell 2000 Index,INSPIRED ENTERTAINMENT INC,INSE
 Russell 2000 Index,BEL FUSE INC CLASS A,BELFA
 Russell 2000 Index,VIRGINIA NATIONAL BANKSHARES CORP,VABK
 Russell 2000 Index,ENTRADA THERAPEUTICS INC,TRDA
 Russell 2000 Index,ALICO INC,ALCO
 Russell 2000 Index,JAMES RIVER GROUP HOLDINGS LTD,JRVR
 Russell 2000 Index,VELOCITY FINANCIAL INC,VEL
 Russell 2000 Index,CHEMUNG FINANCIAL CORP,CHMG
 Russell 2000 Index,LAND END INC,LE
 Russell 2000 Index,TREDEGAR CORP,TG
 Russell 2000 Index,EVERCOMMERCE INC,EVCM
 Russell 2000 Index,PRIORITY TECHNOLOGY HOLDINGS INC,PRTH
 Russell 2000 Index,PAYSIGN INC,PAYS
 Russell 2000 Index,ON24 INC,ONTF
 Russell 2000 Index,LOVESAC COMPANY,LOVE
 Russell 2000 Index,SELLAS LIFE SCIENCES GROUP INC,SLS
 Russell 2000 Index,DOUGLAS ELLIMAN INC,DOUG
 Russell 2000 Index,ALLOGENE THERAPEUTICS INC,ALLO
 Russell 2000 Index,MEDALLION FINANCIAL CORP,MFIN
 Russell 2000 Index,FENNEC PHARMACEUTICALS INC,FENC
 Russell 2000 Index,LARIMAR THERAPEUTICS INC,LRMR
 Russell 2000 Index,XPONENTIAL FITNESS INC CLASS A,XPOF
 Russell 2000 Index,FRANKLIN COVEY,FC
 Russell 2000 Index,TRUECAR INC,TRUE
 Russell 2000 Index,USCB FINANCIAL HOLDINGS INC CLASS,USCB
 Russell 2000 Index,HERON THERAPEUTICS INC,HRTX
 Russell 2000 Index,CITI TRENDS INC,CTRN
 Russell 2000 Index,COHERUS ONCOLOGY INC,CHRS
 Russell 2000 Index,EVENTBRITE CLASS A INC,EB
 Russell 2000 Index,SEAPORT ENTERTAINMENT GROUP INC,SEG
 Russell 2000 Index,BIOAGE LABS INC,BIOA
 Russell 2000 Index,VOX ROYALTY CORP,VOXR
 Russell 2000 Index,ALPINE INCOME PROPERTY TRUST INC,PINE
 Russell 2000 Index,CONTANGO ORE INC,CTGO
 Russell 2000 Index,AIRSCULPT TECHNOLOGIES INC,AIRS
 Russell 2000 Index,FIRST UNITED CORP,FUNC
 Russell 2000 Index,LEGACY HOUSING CORP,LEGH
 Russell 2000 Index,ONEWATER MARINE CLASS A INC,ONEW
 Russell 2000 Index,NATIONAL BANKSHARES INC,NKSH
 Russell 2000 Index,BRT APARTMENTS CORP,BRT
 Russell 2000 Index,WESTERN NEW ENGLAND BANCORP INC,WNEB
 Russell 2000 Index,DESIGN THERAPEUTICS INC,DSGN
 Russell 2000 Index,PRINCETON BANCORP INC,BPRN
 Russell 2000 Index,KINGSTONE COMPANIES INC,KINS
 Russell 2000 Index,BLUE FOUNDRY BANCORP,BLFY
 Russell 2000 Index,INFINITY NATURAL RESOURCES INC CLA,INR
 Russell 2000 Index,HOLLEY INC,HLLY
 Russell 2000 Index,NATIONAL RESEARCH CORP,NRC
 Russell 2000 Index,STEREOTAXIS INC,STXS
 Russell 2000 Index,QUAD GRAPHICS INC CLASS A,QUAD
 Russell 2000 Index,PROFICIENT AUTO LOGISTICS INC,PAL
 Russell 2000 Index,AMERICAS CAR MART INC,CRMT
 Russell 2000 Index,FRANKLIN FINANCIAL SERVICES CORP,FRAF
 Russell 2000 Index,PROTARA THERAPEUTICS INC,TARA
 Russell 2000 Index,NORTHPOINTE BANCSHARES INC,NPB
 Russell 2000 Index,PERSPECTIVE THERAPEUTICS INC,CATX
 Russell 2000 Index,REPOSITRAK INC,TRAK
 Russell 2000 Index,TILE SHOP HOLDINGS INC,TTSH
 Russell 2000 Index,AELUMA INC,ALMU
 Russell 2000 Index,CS DISCO INC,LAW
 Russell 2000 Index,TECHTARGET INC,TTGT
 Russell 2000 Index,TONIX PHARMACEUTICALS HOLDING CORP,TNXP
 Russell 2000 Index,JAKKS PACIFIC INC,JAKK
 Russell 2000 Index,ALTI GLOBAL INC CLASS A,ALTI
 Russell 2000 Index,BEAUTY HEALTH COMPANY CLASS A CLAS,SKIN
 Russell 2000 Index,CVRX INC,CVRX
 Russell 2000 Index,PROTALIX BIOTHERAPEUTICS INC,PLX
 Russell 2000 Index,WEYCO GROUP INC,WEYS
 Russell 2000 Index,BRAEMAR HOTELS RESORTS INC,BHR
 Russell 2000 Index,GREENE COUNTY BANCORP INC,GCBC
 Russell 2000 Index,MAXCYTE INC,MXCT
 Russell 2000 Index,DMC GLOBAL INC,BOOM
 Russell 2000 Index,EW SCRIPPS CLASS A,SSP
 Russell 2000 Index,WESTROCK COFFEE,WEST
 Russell 2000 Index,DIGIMARC CORP,DMRC
 Russell 2000 Index,MISTRAS GROUP INC,MG
 Russell 2000 Index,NACCO INDUSTRIES INC CLASS A,NC
 Russell 2000 Index,ELECTROMED INC,ELMD
 Russell 2000 Index,PANGAEA LOGISTICS SOLUTIONS LTD,PANL
 Russell 2000 Index,OMNIAB INC,OABI
 Russell 2000 Index,RESOURCES CONNECTION INC,RGP
 Russell 2000 Index,RE MAX HOLDINGS INC CLASS A,RMAX
 Russell 2000 Index,BARNES AND NOBLE EDUCATION INC,BNED
 Russell 2000 Index,RGC RESOURCES INC,RGCO
 Russell 2000 Index,PEOPLES BANCORP OF NORTH CAROLINA,PEBK
 Russell 2000 Index,RESERVOIR MEDIA INC,RSVR
 Russell 2000 Index,PIONEER BANCORP INC,PBFS
 Russell 2000 Index,FIRST INTERNET BANCORP,INBK
 Russell 2000 Index,KORU MEDICAL SYSTEMS INC,KRMD
 Russell 2000 Index,CORE MOLDING TECHNOLOGIES INC,CMT
 Russell 2000 Index,CARDIFF ONCOLOGY INC,CRDF
 Russell 2000 Index,FATE THERAPEUTICS INC,FATE
 Russell 2000 Index,CURIOSITYSTREAM INC CLASS A,CURI
 Russell 2000 Index,LAKELAND INDUSTRIES INC,LAKE
 Russell 2000 Index,AMERICAN INTEGRITY INSURANCE GROUP,AII
 Russell 2000 Index,EHEALTH INC,EHTH
 Russell 2000 Index,AMBIQ MICRO INC,AMBQ
 Russell 2000 Index,ATN INTERNATIONAL INC,ATNI
 Russell 2000 Index,CONCRETE PUMPING HOLDINGS INC,BBCP
 Russell 2000 Index,OLAPLEX HOLDINGS INC,OLPX
 Russell 2000 Index,SEVEN HILLS REALTY TRUST,SEVN
 Russell 2000 Index,TRUEBLUE INC,TBI
 Russell 2000 Index,ACCURAY INC,ARAY
 Russell 2000 Index,LIFEZONE METALS LTD,LZM
 Russell 2000 Index,OUTDOOR HOLDING,POWW
 Russell 2000 Index,FOGHORN THERAPEUTICS INC,FHTX
 Russell 2000 Index,MEDIWOUND LTD,MDWD
 Russell 2000 Index,FIRST COMMUNITY CORP,FCCO
 Russell 2000 Index,KALTURA INC,KLTR
 Russell 2000 Index,SILVERCREST ASSET MANAGEMENT GROUP,SAMG
 Russell 2000 Index,OP BANCORP,OPBK
 Russell 2000 Index,KOLIBRI GLOBAL ENERGY INC,KGEI
 Russell 2000 Index,SONIDA SENIOR LIVING INC,SNDA
 Russell 2000 Index,SEACOR MARINE HOLDINGS INC,SMHI
 Russell 2000 Index,RACKSPACE TECHNOLOGY INC,RXT
 Russell 2000 Index,BCB BANCORP INC,BCBP
 Russell 2000 Index,TUCOWS INC,TCX
 Russell 2000 Index,MEDIFAST INC,MED
 Russell 2000 Index,KULR TECHNOLOGY GROUP INC,KULR
 Russell 2000 Index,EVI INDUSTRIES INC,EVI
 Russell 2000 Index,ENERGY SERVICES OF AMERICA CORP,ESOA
 Russell 2000 Index,SATELLOGIC INC CLASS A,SATL
 Russell 2000 Index,LINKBANCORP INC,LNKB
 Russell 2000 Index,M TRON INDUSTRIES INC,MPTI
 Russell 2000 Index,NET POWER INC CLASS A,NPWR
 Russell 2000 Index,UTAH MEDICAL PRODUCTS INC,UTMD
 Russell 2000 Index,ANTERIS TECHNOLOGIES GLOBAL CORP,AVR
 Russell 2000 Index,MONTAUK RENEWABLES INC,MNTK
 Russell 2000 Index,RICHARDSON ELECTRONICS LTD,RELL
 Russell 2000 Index,FLEXSTEEL INDUSTRIES INC,FLXS
 Russell 2000 Index,STARZ ENTERTAINMENT CORP,STRZ
 Russell 2000 Index,FIRST NATIONAL CORP,FXNC
 Russell 2000 Index,ENTRAVISION COMMUNICATIONS CORP CL,EVC
 Russell 2000 Index,VIANT TECHNOLOGY INC CLASS A,DSP
 Russell 2000 Index,AUDIOEYE INC,AEYE
 Russell 2000 Index,DESIGNER BRANDS INC CLASS A,DBI
 Russell 2000 Index,BEYOND MEAT INC,BYND
 Russell 2000 Index,HIGHPEAK ENERGY INC,HPK
 Russell 2000 Index,ACRES COMMERCIAL REALTY CORP,ACR
 Russell 2000 Index,BALLY S CORP,BALY
 Russell 2000 Index,FARADAY FUTURE INTELLIGENT ELECTRI,FFAI
 Russell 2000 Index,ANIKA THERAPEUTICS INC,ANIK
 Russell 2000 Index,ALTA EQUIPMENT GROUP INC CLASS A,ALTG
 Russell 2000 Index,ADVANTAGE SOLUTIONS INC CLASS A,ADV
 Russell 2000 Index,LIFEWAY FOODS INC,LWAY
 Russell 2000 Index,AIRO GROUP HOLDINGS INC,AIRO
 Russell 2000 Index,MERIDIAN CORP,MRBK
 Russell 2000 Index,GENCOR INDUSTRIES INC,GENC
 Russell 2000 Index,SMITH MIDLAND CORP,SMID
 Russell 2000 Index,HAWTHORN BANCSHARES INC,HWBK
 Russell 2000 Index,EVOLUTION PETROLEUM CORP,EPM
 Russell 2000 Index,GAMBLING COM GROUP LTD,GAMB
 Russell 2000 Index,ATEGRITY SPECIALTY INSURANCE COMPA,ASIC
 Russell 2000 Index,NEXPOINT REAL ESTATE FINANCE INC,NREF
 Russell 2000 Index,FINWISE BANCORP,FINW
 Russell 2000 Index,EUROPEAN WAX CENTER INC CLASS A,EWCZ
 Russell 2000 Index,NEXPOINT DIVERSIFIED REAL ESTATE T,NXDT
 Russell 2000 Index,EAGLE FINANCIAL SERVICES INC,EFSI
 Russell 2000 Index,FRIEDMAN INDUSTRIES INC,FRD
 Russell 2000 Index,NEWSMAX INC CLASS B,NMAX
 Russell 2000 Index,ANGEL OAK MORTGAGE REIT INC,AOMR
 Russell 2000 Index,LENSAR INC,LNSR
 Russell 2000 Index,MAUI LAND AND PINEAPPLE INC,MLP
 Russell 2000 Index,FUNKO INC CLASS A,FNKO
 Russell 2000 Index,BV FINANCIAL INC,BVFL
 Russell 2000 Index,FIRST SAVINGS FINANCIAL GROUP INC,FSFG
 Russell 2000 Index,STRATUS PROPERTIES INC,STRS
 Russell 2000 Index,AMER VANGUARD CORP,AVD
 Russell 2000 Index,SUPERIOR GROUP OF COMPANIES INC,SGC
 Russell 2000 Index,COSTAMARE BULKERS HOLDINGS LTD,CMDB
 Russell 2000 Index,SUNPOWER INC,SPWR
 Russell 2000 Index,BRC INC CLASS A,BRCC
 Russell 2000 Index,J JILL INC,JILL
 Russell 2000 Index,ESCALADE INC,ESCA
 Russell 2000 Index,ACACIA RESEARCH CORP,ACTG
 Russell 2000 Index,EASTERN,EML
 Russell 2000 Index,FRANKLIN STREET PROPERTIES REIT CO,FSP
 Russell 2000 Index,KRONOS WORLDWIDE INC,KRO
 Russell 2000 Index,MODIV INDUSTRIAL INC CLASS C,MDV
 Russell 2000 Index,CB FINANCIAL SERVICES INC,CBFV
 Russell 2000 Index,SLEEP NUMBER CORP,SNBR
 Russell 2000 Index,OHIO VALLEY BANC CORP,OVBC
 Russell 2000 Index,JOINT CORP,JYNT
 Russell 2000 Index,FINANCE OF AMERICA COMPANIES INC C,FOA
 Russell 2000 Index,ALECTOR INC,ALEC
 Russell 2000 Index,UNIVERSAL LOGISTICS HOLDINGS INC,ULH
 Russell 2000 Index,HAIN CELESTIAL GROUP INC,HAIN
 Russell 2000 Index,NI HOLDINGS INC,NODK
 Russell 2000 Index,DEFINITIVE HEALTHCARE CORP CLASS A,DH
 Russell 2000 Index,HAMILTON BEACH BRANDS HOLDING COMP,HBB
 Russell 2000 Index,AIRJOULE TECHNOLOGIES CORP CLASS A,AIRJ
 Russell 2000 Index,AIRSHIP AI HOLDINGS INC CLASS A,AISP
 Russell 2000 Index,FIRST CAPITAL INC,FCAP
 Russell 2000 Index,SUNRISE REALTY TRUST INC,SUNS
 Russell 2000 Index,DOCGO INC,DCGO
 Russell 2000 Index,MAINSTREET BANCSHARES INC,MNSB
 Russell 2000 Index,NEURONETICS INC,STIM
 Russell 2000 Index,RCM TECHNOLOGIES INC,RCMT
 Russell 2000 Index,FUTUREFUEL CORP,FF
 Russell 2000 Index,SECURITY NATIONAL FINANCIAL CORP C,SNFCA
 Russell 2000 Index,ACME UNITED CORP,ACU
 Russell 2000 Index,ATOMERA INC,ATOM
 Russell 2000 Index,CITIZENS COMMUNITY BANCORP INC,CZWI
 Russell 2000 Index,EXPENSIFY INC CLASS A,EXFY
 Russell 2000 Index,WM TECHNOLOGY INC CLASS A,MAPS
 Russell 2000 Index,NKARTA INC,NKTX
 Russell 2000 Index,SKYX PLATFORMS CORP,SKYX
 Russell 2000 Index,SANARA MEDTECH INC,SMTI
 Russell 2000 Index,CPI CARD GROUP INC,PMTS
 Russell 2000 Index,GLOBAL WATER RESOURCES INC,GWRS
 Russell 2000 Index,JOURNEY MEDICAL CORP,DERM
 Russell 2000 Index,SB FINANCIAL GROUP INC,SBFG
 Russell 2000 Index,CLARUS CORP,CLAR
 Russell 2000 Index,SR BANCORP INC,SRBK
 Russell 2000 Index,BARK INC CLASS A,BARK
 Russell 2000 Index,SOUNDTHINKING INC,SSTI
 Russell 2000 Index,CREXENDO INC,CXDO
 Russell 2000 Index,EAGLE BANCORP MONTANA INC,EBMT
 Russell 2000 Index,FORRESTER RESEARCH INC,FORR
 Russell 2000 Index,NUVECTIS PHARMA INC,NVCT
 Russell 2000 Index,OMEGA FLEX INC,OFLX
 Russell 2000 Index,HF FOODS GROUP INC,HFFG
 Russell 2000 Index,LIFEVANTAGE CORP,LFVN
 Russell 2000 Index,BASSETT FURNITURE INDUSTRIES INC,BSET
 Russell 2000 Index,PRO DEX INC,PDEX
 Russell 2000 Index,CARTESIAN THERAPEUTICS INC,RNAC
 Russell 2000 Index,1-800 FLOWERS.COM INC CLASS A,FLWS
 Russell 2000 Index,LANDMARK BANCORP INC,LARK
 Russell 2000 Index,FINWARD BANCORP,FNWD
 Russell 2000 Index,BIOTE CORP CLASS A,BTMD
 Russell 2000 Index,VIRCO MANUFACTURING CORP,VIRC
 Russell 2000 Index,INNOVAGE HOLDING CORP,INNV
 Russell 2000 Index,STRAWBERRY FIELDS REIT INC,STRW
 Russell 2000 Index,PLAYSTUDIOS INC CLASS A,MYPS
 Russell 2000 Index,GYRE THERAPEUTICS INC,GYRE
 Russell 2000 Index,ZEVIA CLASS A,ZVIA
 Russell 2000 Index,WESTWOOD HOLDINGS GROUP INC,WHG
 Russell 2000 Index,TTEC HOLDINGS INC,TTEC
 Russell 2000 Index,CSP INC,CSPI
 Russell 2000 Index,ATYR PHARMA INC,ATYR
 Russell 2000 Index,CONSUMER PORTFOLIO SERVICES INC,CPSS
 Russell 2000 Index,LUCID DIAGNOSTICS INC,LUCD
 Russell 2000 Index,RIVERVIEW BANCORP INC,RVSB
 Russell 2000 Index,PULMONX CORP,LUNG
 Russell 2000 Index,ASCENT INDUSTRIES,ACNT
 Russell 2000 Index,RICHMOND MUTUAL BANCORPORATION INC,RMBI
 Russell 2000 Index,AMERICAN OUTDOOR BRANDS INC,AOUT
 Russell 2000 Index,EPSILON ENERGY LTD,EPSN
 Russell 2000 Index,PROFRAC HOLDING CLASS A CORP,ACDC
 Russell 2000 Index,CF BANKSHARES INC,CFBK
 Russell 2000 Index,ARENA GROUP HLDGS INC,AREN
 Russell 2000 Index,GAIA INC CLASS A,GAIA
 Russell 2000 Index,RITHM PROPERTY INC TRUST,RPT
 Russell 2000 Index,TRANSCONTINENTAL REALTY INVESTORS,TCI
 Russell 2000 Index,WALDENCAST PLC CLASS A,WALD
 Russell 2000 Index,BANKFINANCIAL CORP,BFIN
 Russell 2000 Index,EMERALD HOLDING INC,EEX
 Russell 2000 Index,INHIBIKASE THERAPEUTICS INC,IKT
 Russell 2000 Index,HANOVER BANCORP INC,HNVR
 Russell 2000 Index,PAMT CORP,PAMT
 Russell 2000 Index,NERDY INC CLASS A,NRDY
 Russell 2000 Index,MARINE PRODUCTS CORP,MPX
 Russell 2000 Index,CARLSMED INC,CARL
 Russell 2000 Index,ADVANCED FLOWER CAPITAL INC,AFCG
 Russell 2000 Index,TRISALUS LF SC CM A,TLSI
 Russell 2000 Index,SOUND FINANCIAL BANCORP INC,SFBC
 Russell 2000 Index,GREENWICH LIFESCIENCES INC,GLSI
 Russell 2000 Index,ECB BANCORP INC,ECBK
 Russell 2000 Index,TEADS HOLDING,TEAD
 Russell 2000 Index,TUHURA BIOSCIENCES INC,HURA
 Russell 2000 Index,PATRIOT NATIONAL BANCORP INC,PNBK
 Russell 2000 Index,UNION BANKSHARES INC,UNB
 Russell 2000 Index,ALPHA TEKNOVA INC,TKNO
 Russell 2000 Index,AVITA MEDICAL INC,RCEL
 Russell 2000 Index,SKILLSOFT CORP CLASS A,SKIL
 Russell 2000 Index,LUMINAR TECHNOLOGIES INC CLASS A,LAZR
 Russell 2000 Index,FITLIFE BRANDS INC,FTLF
 Russell 2000 Index,AARDVARK THERAPEUTICS INC,AARD
 Russell 2000 Index,CLIPPER REALTY INC,CLPR
 Russell 2000 Index,KESTREL GROUP LTD,KG
 Russell 2000 Index,TRILLER GROUP INC,ILLR
 Russell 2000 Index,SYNCHRONOSS TECHNOLOGIES INC,SNCR
 Russell 2000 Index,CHAIN BRIDGE BANCORP INC CLASS A,CBNA
 Russell 2000 Index,NL INDUSTRIES INC,NL
 Russell 2000 Index,PRIMEENERGY RESOURCES CORP,PNRG
 Russell 2000 Index,TRINSEO PLC,TSE
 Russell 2000 Index,SILVACO GROUP INC,SVCO
 Russell 2000 Index,TRAVELZOO,TZOO
 Russell 2000 Index,UNITED SECURITY BANCSHARES,UBFO
 Russell 2000 Index,SOLESENCE INC,SLSN
 Russell 2000 Index,LUMENT FINANCE TRUST INC,LFT
 Russell 2000 Index,VIVID SEATS INC CLASS A,SEAT
 Russell 2000 Index,MAMMOTH ENERGY SERVICES INC,TUSK
 Russell 2000 Index,COASTALSOUTH BANCSHARES INC,COSO
 Russell 2000 Index,SHOULDER INNOVATIONS INC,SI
 Russell 2000 Index,PRAIRIE OPERATING,PROP
 Russell 2000 Index,EMPIRE PETROLEUM CORP,EP
 Russell 2000 Index,TORRID HOLDINGS INC,CURV
 Russell 2000 Index,VALHI INC,VHI
 Russell 2000 Index,NEXTNRG INC,NXXT
 Russell 2000 Index,MARKETWISE INC CLASS A,MKTW
 Russell 2000 Index,HIREQUEST INC,HQI
 Russell 2000 Index,SWK HOLDINGS CORP,SWKH
 Russell 2000 Index,OPAL FUELS INC CLASS A,OPAL
 Russell 2000 Index,SOUTHLAND HOLDINGS INC,SLND
 Russell 2000 Index,ENVELA CORP,ELA
 Russell 2000 Index,SIEBERT FINANCIAL CORP,SIEB
 Russell 2000 Index,ISPIRE TECHNOLOGY INC,ISPR
 Russell 2000 Index,NEONODE INC,NEON
 Russell 2000 Index,ACTUATE THERAPEUTICS INC,ACTU
 Russell 2000 Index,INMUNE BIO INC,INMB
 Russell 2000 Index,VALUE LINE INC,VALU
 Russell 2000 Index,TRAEGER INC,COOK
 Russell 2000 Index,TVARDI THERAPEUTICS INC,TVRD
 Russell 2000 Index,MOBILE INFRASTRUCTURE CORP,BEEP
 Russell 2000 Index,MYOMO INC,MYO
 Russell 2000 Index,COMPX INTERNATIONAL INC CLASS A,CIX
 Russell 2000 Index,RHINEBECK BANCORP INC,RBKB
 Russell 2000 Index,AMERICAN REALTY INVESTORS INC,ARL
 Russell 2000 Index,XCF GLOBAL INC CLASS A,SAFX
 Russell 2000 Index,GOHEALTH INC CLASS A,GOCO
 Russell 2000 Index,SBC MEDICAL GROUP HOLDINGS INC,SBC
 Russell 2000 Index,FORAFRIC GLOBAL PLC,AFRI
 Russell 2000 Index,VROOM INC,VRM
 Russell 2000 Index,GOLDEN MATRIX GROUP INC,GMGI
 Russell 2000 Index,TEVOGEN BIO HOLDINGS INC,TVGN
 Russell 2000 Index,VERDE CLEAN FUELS INC CLASS A,VGAS
 Russell 2000 Index,ZSPACE,ZSPC
S&P 100 INDEX,Apple Inc.,AAPL
S&P 100 INDEX,AbbVie,ABBV
S&P 100 INDEX,Abbott Laboratories,ABT
S&P 100 INDEX,Accenture,ACN
S&P 100 INDEX,Adobe Inc.,ADBE
S&P 100 INDEX,American International Group,AIG
S&P 100 INDEX,Advanced Micro Devices,AMD
S&P 100 INDEX,Amgen,AMGN
S&P 100 INDEX,American Tower,AMT
S&P 100 INDEX,Amazon,AMZN
S&P 100 INDEX,Broadcom,AVGO
S&P 100 INDEX,American Express,AXP
S&P 100 INDEX,Boeing,BA
S&P 100 INDEX,Bank of America,BAC
S&P 100 INDEX,BNY Mellon,BK
S&P 100 INDEX,Booking Holdings,BKNG
S&P 100 INDEX,BlackRock,BLK
S&P 100 INDEX,Bristol Myers Squibb,BMY
S&P 100 INDEX,Citigroup,C
S&P 100 INDEX,Caterpillar Inc.,CAT
S&P 100 INDEX,Colgate-Palmolive,CL
S&P 100 INDEX,Comcast,CMCSA
S&P 100 INDEX,Capital One,COF
S&P 100 INDEX,ConocoPhillips,COP
S&P 100 INDEX,Costco,COST
S&P 100 INDEX,Salesforce,CRM
S&P 100 INDEX,Cisco,CSCO
S&P 100 INDEX,CVS Health,CVS
S&P 100 INDEX,Chevron Corporation,CVX
S&P 100 INDEX,Deere & Company,DE
S&P 100 INDEX,Danaher Corporation,DHR
S&P 100 INDEX,Walt Disney Company (The),DIS
S&P 100 INDEX,Duke Energy,DUK
S&P 100 INDEX,Emerson Electric,EMR
S&P 100 INDEX,FedEx,FDX
S&P 100 INDEX,General Dynamics,GD
S&P 100 INDEX,GE Aerospace,GE
S&P 100 INDEX,Gilead Sciences,GILD
S&P 100 INDEX,General Motors,GM
S&P 100 INDEX,Alphabet Inc. (Class C),GOOG
S&P 100 INDEX,Alphabet Inc. (Class A),GOOGL
S&P 100 INDEX,Goldman Sachs,GS
S&P 100 INDEX,Home Depot,HD
S&P 100 INDEX,Honeywell,HON
S&P 100 INDEX,IBM,IBM
S&P 100 INDEX,Intel,INTC
S&P 100 INDEX,Intuit,INTU
S&P 100 INDEX,Intuitive Surgical,ISRG
S&P 100 INDEX,Johnson & Johnson,JNJ
S&P 100 INDEX,JPMorgan Chase,JPM
S&P 100 INDEX,Coca-Cola Company (The),KO
S&P 100 INDEX,Linde plc,LIN
S&P 100 INDEX,Eli Lilly and Company,LLY
S&P 100 INDEX,Lockheed Martin,LMT
S&P 100 INDEX,Lowe's,LOW
S&P 100 INDEX,Mastercard,MA
S&P 100 INDEX,McDonald's,MCD
S&P 100 INDEX,Mondelēz International,MDLZ
S&P 100 INDEX,Medtronic,MDT
S&P 100 INDEX,MetLife,MET
S&P 100 INDEX,Meta Platforms,META
S&P 100 INDEX,3M,MMM
S&P 100 INDEX,Altria,MO
S&P 100 INDEX,Merck & Co.,MRK
S&P 100 INDEX,Morgan Stanley,MS
S&P 100 INDEX,Microsoft,MSFT
S&P 100 INDEX,NextEra Energy,NEE
S&P 100 INDEX,"Netflix, Inc.",NFLX
S&P 100 INDEX,"Nike, Inc.",NKE
S&P 100 INDEX,ServiceNow,NOW
S&P 100 INDEX,Nvidia,NVDA
S&P 100 INDEX,Oracle Corporation,ORCL
S&P 100 INDEX,PepsiCo,PEP
S&P 100 INDEX,Pfizer,PFE
S&P 100 INDEX,Procter & Gamble,PG
S&P 100 INDEX,Palantir Technologies,PLTR
S&P 100 INDEX,Philip Morris International,PM
S&P 100 INDEX,PayPal,PYPL
S&P 100 INDEX,Qualcomm,QCOM
S&P 100 INDEX,RTX Corporation,RTX
S&P 100 INDEX,Starbucks,SBUX
S&P 100 INDEX,Charles Schwab Corporation,SCHW
S&P 100 INDEX,Southern Company,SO
S&P 100 INDEX,Simon Property Group,SPG
S&P 100 INDEX,AT&T,T
S&P 100 INDEX,Target Corporation,TGT
S&P 100 INDEX,Thermo Fisher Scientific,TMO
S&P 100 INDEX,T-Mobile US,TMUS
S&P 100 INDEX,"Tesla, Inc.",TSLA
S&P 100 INDEX,Texas Instruments,TXN
S&P 100 INDEX,Uber,UBER
S&P 100 INDEX,UnitedHealth Group,UNH
S&P 100 INDEX,Union Pacific Corporation,UNP
S&P 100 INDEX,United Parcel Service,UPS
S&P 100 INDEX,U.S. Bancorp,USB
S&P 100 INDEX,Visa Inc.,V
S&P 100 INDEX,Verizon,VZ
S&P 100 INDEX,Wells Fargo,WFC
S&P 100 INDEX,Walmart,WMT
S&P 100 INDEX,ExxonMobil,XOM
S&P 500,3M,MMM
S&P 500,A. O. Smith,AOS
S&P 500,Abbott Laboratories,ABT
S&P 500,AbbVie,ABBV
S&P 500,Accenture,ACN
S&P 500,Adobe Inc.,ADBE
S&P 500,Advanced Micro Devices,AMD
S&P 500,AES Corporation,AES
S&P 500,Aflac,AFL
S&P 500,Agilent Technologies,A
S&P 500,Air Products,APD
S&P 500,Airbnb,ABNB
S&P 500,Akamai Technologies,AKAM
S&P 500,Albemarle Corporation,ALB
S&P 500,Alexandria Real Estate Equities,ARE
S&P 500,Align Technology,ALGN
S&P 500,Allegion,ALLE
S&P 500,Alliant Energy,LNT
S&P 500,Allstate,ALL
S&P 500,Alphabet Inc. (Class A),GOOGL
S&P 500,Alphabet Inc. (Class C),GOOG
S&P 500,Altria,MO
S&P 500,Amazon,AMZN
S&P 500,Amcor,AMCR
S&P 500,Ameren,AEE
S&P 500,American Electric Power,AEP
S&P 500,American Express,AXP
S&P 500,American International Group,AIG
S&P 500,American Tower,AMT
S&P 500,American Water Works,AWK
S&P 500,Ameriprise Financial,AMP
S&P 500,Ametek,AME
S&P 500,Amgen,AMGN
S&P 500,Amphenol,APH
S&P 500,Analog Devices,ADI
S&P 500,Aon plc,AON
S&P 500,APA Corporation,APA
S&P 500,Apollo Global Management,APO
S&P 500,Apple Inc.,AAPL
S&P 500,Applied Materials,AMAT
S&P 500,AppLovin,APP
S&P 500,Aptiv,APTV
S&P 500,Arch Capital Group,ACGL
S&P 500,Archer Daniels Midland,ADM
S&P 500,Arista Networks,ANET
S&P 500,Arthur J. Gallagher & Co.,AJG
S&P 500,Assurant,AIZ
S&P 500,AT&T,T
S&P 500,Atmos Energy,ATO
S&P 500,Autodesk,ADSK
S&P 500,Automatic Data Processing,ADP
S&P 500,AutoZone,AZO
S&P 500,AvalonBay Communities,AVB
S&P 500,Avery Dennison,AVY
S&P 500,Axon Enterprise,AXON
S&P 500,Baker Hughes,BKR
S&P 500,Ball Corporation,BALL
S&P 500,Bank of America,BAC
S&P 500,Baxter International,BAX
S&P 500,Becton Dickinson,BDX
S&P 500,Berkshire Hathaway,BRK-B
S&P 500,Best Buy,BBY
S&P 500,Bio-Techne,TECH
S&P 500,Biogen,BIIB
S&P 500,BlackRock,BLK
S&P 500,Blackstone Inc.,BX
S&P 500,"Block, Inc.",XYZ
S&P 500,BNY Mellon,BK
S&P 500,Boeing,BA
S&P 500,Booking Holdings,BKNG
S&P 500,Boston Scientific,BSX
S&P 500,Bristol Myers Squibb,BMY
S&P 500,Broadcom,AVGO
S&P 500,Broadridge Financial Solutions,BR
S&P 500,Brown & Brown,BRO
S&P 500,Brown–Forman,BF-B
S&P 500,Builders FirstSource,BLDR
S&P 500,Bunge Global,BG
S&P 500,"BXP, Inc.",BXP
S&P 500,C.H. Robinson,CHRW
S&P 500,Cadence Design Systems,CDNS
S&P 500,Camden Property Trust,CPT
S&P 500,Campbell's Company (The),CPB
S&P 500,Capital One,COF
S&P 500,Cardinal Health,CAH
S&P 500,Carnival,CCL
S&P 500,Carrier Global,CARR
S&P 500,Caterpillar Inc.,CAT
S&P 500,Cboe Global Markets,CBOE
S&P 500,CBRE Group,CBRE
S&P 500,CDW Corporation,CDW
S&P 500,Cencora,COR
S&P 500,Centene Corporation,CNC
S&P 500,CenterPoint Energy,CNP
S&P 500,CF Industries,CF
S&P 500,Charles River Laboratories,CRL
S&P 500,Charles Schwab Corporation,SCHW
S&P 500,Charter Communications,CHTR
S&P 500,Chevron Corporation,CVX
S&P 500,Chipotle Mexican Grill,CMG
S&P 500,Chubb Limited,CB
S&P 500,Church & Dwight,CHD
S&P 500,Cigna,CI
S&P 500,Cincinnati Financial,CINF
S&P 500,Cintas,CTAS
S&P 500,Cisco,CSCO
S&P 500,Citigroup,C
S&P 500,Citizens Financial Group,CFG
S&P 500,Clorox,CLX
S&P 500,CME Group,CME
S&P 500,CMS Energy,CMS
S&P 500,Coca-Cola Company (The),KO
S&P 500,Cognizant,CTSH
S&P 500,Coinbase,COIN
S&P 500,Colgate-Palmolive,CL
S&P 500,Comcast,CMCSA
S&P 500,Conagra Brands,CAG
S&P 500,ConocoPhillips,COP
S&P 500,Consolidated Edison,ED
S&P 500,Constellation Brands,STZ
S&P 500,Constellation Energy,CEG
S&P 500,Cooper Companies (The),COO
S&P 500,Copart,CPRT
S&P 500,Corning Inc.,GLW
S&P 500,Corpay,CPAY
S&P 500,Corteva,CTVA
S&P 500,CoStar Group,CSGP
S&P 500,Costco,COST
S&P 500,Coterra,CTRA
S&P 500,CrowdStrike,CRWD
S&P 500,Crown Castle,CCI
S&P 500,CSX Corporation,CSX
S&P 500,Cummins,CMI
S&P 500,CVS Health,CVS
S&P 500,Danaher Corporation,DHR
S&P 500,Darden Restaurants,DRI
S&P 500,Datadog,DDOG
S&P 500,DaVita,DVA
S&P 500,Dayforce,DAY
S&P 500,Deckers Brands,DECK
S&P 500,Deere & Company,DE
S&P 500,Dell Technologies,DELL
S&P 500,Delta Air Lines,DAL
S&P 500,Devon Energy,DVN
S&P 500,Dexcom,DXCM
S&P 500,Diamondback Energy,FANG
S&P 500,Digital Realty,DLR
S&P 500,Dollar General,DG
S&P 500,Dollar Tree,DLTR
S&P 500,Dominion Energy,D
S&P 500,Domino's,DPZ
S&P 500,DoorDash,DASH
S&P 500,Dover Corporation,DOV
S&P 500,Dow Inc.,DOW
S&P 500,D. R. Horton,DHI
S&P 500,DTE Energy,DTE
S&P 500,Duke Energy,DUK
S&P 500,DuPont,DD
S&P 500,Eastman Chemical Company,EMN
S&P 500,Eaton Corporation,ETN
S&P 500,eBay Inc.,EBAY
S&P 500,Ecolab,ECL
S&P 500,Edison International,EIX
S&P 500,Edwards Lifesciences,EW
S&P 500,Electronic Arts,EA
S&P 500,Elevance Health,ELV
S&P 500,Emcor,EME
S&P 500,Emerson Electric,EMR
S&P 500,Entergy,ETR
S&P 500,EOG Resources,EOG
S&P 500,EPAM Systems,EPAM
S&P 500,EQT Corporation,EQT
S&P 500,Equifax,EFX
S&P 500,Equinix,EQIX
S&P 500,Equity Residential,EQR
S&P 500,Erie Indemnity,ERIE
S&P 500,Essex Property Trust,ESS
S&P 500,Estée Lauder Companies (The),EL
S&P 500,Everest Group,EG
S&P 500,Evergy,EVRG
S&P 500,Eversource Energy,ES
S&P 500,Exelon,EXC
S&P 500,Expand Energy,EXE
S&P 500,Expedia Group,EXPE
S&P 500,Expeditors International,EXPD
S&P 500,Extra Space Storage,EXR
S&P 500,ExxonMobil,XOM
S&P 500,"F5, Inc.",FFIV
S&P 500,FactSet,FDS
S&P 500,Fair Isaac,FICO
S&P 500,Fastenal,FAST
S&P 500,Federal Realty Investment Trust,FRT
S&P 500,FedEx,FDX
S&P 500,Fidelity National Information Services,FIS
S&P 500,Fifth Third Bancorp,FITB
S&P 500,First Solar,FSLR
S&P 500,FirstEnergy,FE
S&P 500,Fiserv,FI
S&P 500,Ford Motor Company,F
S&P 500,Fortinet,FTNT
S&P 500,Fortive,FTV
S&P 500,Fox Corporation (Class A),FOXA
S&P 500,Fox Corporation (Class B),FOX
S&P 500,Franklin Resources,BEN
S&P 500,Freeport-McMoRan,FCX
S&P 500,Garmin,GRMN
S&P 500,Gartner,IT
S&P 500,GE Aerospace,GE
S&P 500,GE HealthCare,GEHC
S&P 500,GE Vernova,GEV
S&P 500,Gen Digital,GEN
S&P 500,Generac,GNRC
S&P 500,General Dynamics,GD
S&P 500,General Mills,GIS
S&P 500,General Motors,GM
S&P 500,Genuine Parts Company,GPC
S&P 500,Gilead Sciences,GILD
S&P 500,Global Payments,GPN
S&P 500,Globe Life,GL
S&P 500,GoDaddy,GDDY
S&P 500,Goldman Sachs,GS
S&P 500,Halliburton,HAL
S&P 500,Hartford (The),HIG
S&P 500,Hasbro,HAS
S&P 500,HCA Healthcare,HCA
S&P 500,Healthpeak Properties,DOC
S&P 500,Henry Schein,HSIC
S&P 500,Hershey Company (The),HSY
S&P 500,Hewlett Packard Enterprise,HPE
S&P 500,Hilton Worldwide,HLT
S&P 500,Hologic,HOLX
S&P 500,Home Depot (The),HD
S&P 500,Honeywell,HON
S&P 500,Hormel Foods,HRL
S&P 500,Host Hotels & Resorts,HST
S&P 500,Howmet Aerospace,HWM
S&P 500,HP Inc.,HPQ
S&P 500,Hubbell Incorporated,HUBB
S&P 500,Humana,HUM
S&P 500,Huntington Bancshares,HBAN
S&P 500,Huntington Ingalls Industries,HII
S&P 500,IBM,IBM
S&P 500,IDEX Corporation,IEX
S&P 500,Idexx Laboratories,IDXX
S&P 500,Illinois Tool Works,ITW
S&P 500,Incyte,INCY
S&P 500,Ingersoll Rand,IR
S&P 500,Insulet Corporation,PODD
S&P 500,Intel,INTC
S&P 500,Interactive Brokers,IBKR
S&P 500,Intercontinental Exchange,ICE
S&P 500,International Flavors & Fragrances,IFF
S&P 500,International Paper,IP
S&P 500,Interpublic Group of Companies (The),IPG
S&P 500,Intuit,INTU
S&P 500,Intuitive Surgical,ISRG
S&P 500,Invesco,IVZ
S&P 500,Invitation Homes,INVH
S&P 500,IQVIA,IQV
S&P 500,Iron Mountain,IRM
S&P 500,J.B. Hunt,JBHT
S&P 500,Jabil,JBL
S&P 500,Jack Henry & Associates,JKHY
S&P 500,Jacobs Solutions,J
S&P 500,Johnson & Johnson,JNJ
S&P 500,Johnson Controls,JCI
S&P 500,JPMorgan Chase,JPM
S&P 500,Kellanova,K
S&P 500,Kenvue,KVUE
S&P 500,Keurig Dr Pepper,KDP
S&P 500,KeyCorp,KEY
S&P 500,Keysight Technologies,KEYS
S&P 500,Kimberly-Clark,KMB
S&P 500,Kimco Realty,KIM
S&P 500,Kinder Morgan,KMI
S&P 500,KKR & Co.,KKR
S&P 500,KLA Corporation,KLAC
S&P 500,Kraft Heinz,KHC
S&P 500,Kroger,KR
S&P 500,L3Harris,LHX
S&P 500,Labcorp,LH
S&P 500,Lam Research,LRCX
S&P 500,Lamb Weston,LW
S&P 500,Las Vegas Sands,LVS
S&P 500,Leidos,LDOS
S&P 500,Lennar,LEN
S&P 500,Lennox International,LII
S&P 500,Lilly (Eli),LLY
S&P 500,Linde plc,LIN
S&P 500,Live Nation Entertainment,LYV
S&P 500,LKQ Corporation,LKQ
S&P 500,Lockheed Martin,LMT
S&P 500,Loews Corporation,L
S&P 500,Lowe's,LOW
S&P 500,Lululemon Athletica,LULU
S&P 500,LyondellBasell,LYB
S&P 500,M&T Bank,MTB
S&P 500,Marathon Petroleum,MPC
S&P 500,Marriott International,MAR
S&P 500,Marsh McLennan,MMC
S&P 500,Martin Marietta Materials,MLM
S&P 500,Masco,MAS
S&P 500,Mastercard,MA
S&P 500,Match Group,MTCH
S&P 500,McCormick & Company,MKC
S&P 500,McDonald's,MCD
S&P 500,McKesson Corporation,MCK
S&P 500,Medtronic,MDT
S&P 500,Merck & Co.,MRK
S&P 500,Meta Platforms,META
S&P 500,MetLife,MET
S&P 500,Mettler Toledo,MTD
S&P 500,MGM Resorts,MGM
S&P 500,Microchip Technology,MCHP
S&P 500,Micron Technology,MU
S&P 500,Microsoft,MSFT
S&P 500,Mid-America Apartment Communities,MAA
S&P 500,Moderna,MRNA
S&P 500,Mohawk Industries,MHK
S&P 500,Molina Healthcare,MOH
S&P 500,Molson Coors Beverage Company,TAP
S&P 500,Mondelez International,MDLZ
S&P 500,Monolithic Power Systems,MPWR
S&P 500,Monster Beverage,MNST
S&P 500,Moody's Corporation,MCO
S&P 500,Morgan Stanley,MS
S&P 500,Mosaic Company (The),MOS
S&P 500,Motorola Solutions,MSI
S&P 500,MSCI Inc.,MSCI
S&P 500,"Nasdaq, Inc.",NDAQ
S&P 500,NetApp,NTAP
S&P 500,Netflix,NFLX
S&P 500,Newmont,NEM
S&P 500,News Corp (Class A),NWSA
S&P 500,News Corp (Class B),NWS
S&P 500,NextEra Energy,NEE
S&P 500,"Nike, Inc.",NKE
S&P 500,NiSource,NI
S&P 500,Nordson Corporation,NDSN
S&P 500,Norfolk Southern,NSC
S&P 500,Northern Trust,NTRS
S&P 500,Northrop Grumman,NOC
S&P 500,Norwegian Cruise Line Holdings,NCLH
S&P 500,NRG Energy,NRG
S&P 500,Nucor,NUE
S&P 500,Nvidia,NVDA
S&P 500,"NVR, Inc.",NVR
S&P 500,NXP Semiconductors,NXPI
S&P 500,O’Reilly Automotive,ORLY
S&P 500,Occidental Petroleum,OXY
S&P 500,Old Dominion,ODFL
S&P 500,Omnicom Group,OMC
S&P 500,ON Semiconductor,ON
S&P 500,Oneok,OKE
S&P 500,Oracle Corporation,ORCL
S&P 500,Otis Worldwide,OTIS
S&P 500,Paccar,PCAR
S&P 500,Packaging Corporation of America,PKG
S&P 500,Palantir Technologies,PLTR
S&P 500,Palo Alto Networks,PANW
S&P 500,Paramount Skydance Corporation,PSKY
S&P 500,Parker Hannifin,PH
S&P 500,Paychex,PAYX
S&P 500,Paycom,PAYC
S&P 500,PayPal,PYPL
S&P 500,Pentair,PNR
S&P 500,PepsiCo,PEP
S&P 500,Pfizer,PFE
S&P 500,PG&E Corporation,PCG
S&P 500,Philip Morris International,PM
S&P 500,Phillips 66,PSX
S&P 500,Pinnacle West Capital,PNW
S&P 500,PNC Financial Services,PNC
S&P 500,Pool Corporation,POOL
S&P 500,PPG Industries,PPG
S&P 500,PPL Corporation,PPL
S&P 500,Principal Financial Group,PFG
S&P 500,Procter & Gamble,PG
S&P 500,Progressive Corporation,PGR
S&P 500,Prologis,PLD
S&P 500,Prudential Financial,PRU
S&P 500,Public Service Enterprise Group,PEG
S&P 500,PTC Inc.,PTC
S&P 500,Public Storage,PSA
S&P 500,PulteGroup,PHM
S&P 500,Quanta Services,PWR
S&P 500,Qualcomm,QCOM
S&P 500,Quest Diagnostics,DGX
S&P 500,Ralph Lauren Corporation,RL
S&P 500,Raymond James Financial,RJF
S&P 500,RTX Corporation,RTX
S&P 500,Realty Income,O
S&P 500,Regency Centers,REG
S&P 500,Regeneron Pharmaceuticals,REGN
S&P 500,Regions Financial Corporation,RF
S&P 500,Republic Services,RSG
S&P 500,ResMed,RMD
S&P 500,Revvity,RVTY
S&P 500,Robinhood Markets,HOOD
S&P 500,Rockwell Automation,ROK
S&P 500,"Rollins, Inc.",ROL
S&P 500,Roper Technologies,ROP
S&P 500,Ross Stores,ROST
S&P 500,Royal Caribbean Group,RCL
S&P 500,S&P Global,SPGI
S&P 500,Salesforce,CRM
S&P 500,SBA Communications,SBAC
S&P 500,Schlumberger,SLB
S&P 500,Seagate Technology,STX
S&P 500,Sempra,SRE
S&P 500,ServiceNow,NOW
S&P 500,Sherwin-Williams,SHW
S&P 500,Simon Property Group,SPG
S&P 500,Skyworks Solutions,SWKS
S&P 500,J.M. Smucker Company (The),SJM
S&P 500,Smurfit Westrock,SW
S&P 500,Snap-on,SNA
S&P 500,Solstice Advanced Materials,SOLS
S&P 500,Solventum,SOLV
S&P 500,Southern Company,SO
S&P 500,Southwest Airlines,LUV
S&P 500,Stanley Black & Decker,SWK
S&P 500,Starbucks,SBUX
S&P 500,State Street Corporation,STT
S&P 500,Steel Dynamics,STLD
S&P 500,Steris,STE
S&P 500,Stryker Corporation,SYK
S&P 500,Supermicro,SMCI
S&P 500,Synchrony Financial,SYF
S&P 500,Synopsys,SNPS
S&P 500,Sysco,SYY
S&P 500,T-Mobile US,TMUS
S&P 500,T. Rowe Price,TROW
S&P 500,Take-Two Interactive,TTWO
S&P 500,"Tapestry, Inc.",TPR
S&P 500,Targa Resources,TRGP
S&P 500,Target Corporation,TGT
S&P 500,TE Connectivity,TEL
S&P 500,Teledyne Technologies,TDY
S&P 500,Teradyne,TER
S&P 500,"Tesla, Inc.",TSLA
S&P 500,Texas Instruments,TXN
S&P 500,Texas Pacific Land Corporation,TPL
S&P 500,Textron,TXT
S&P 500,Thermo Fisher Scientific,TMO
S&P 500,TJX Companies,TJX
S&P 500,TKO Group Holdings,TKO
S&P 500,Trade Desk (The),TTD
S&P 500,Tractor Supply,TSCO
S&P 500,Trane Technologies,TT
S&P 500,TransDigm Group,TDG
S&P 500,Travelers Companies (The),TRV
S&P 500,Trimble Inc.,TRMB
S&P 500,Truist Financial,TFC
S&P 500,Tyler Technologies,TYL
S&P 500,Tyson Foods,TSN
S&P 500,U.S. Bancorp,USB
S&P 500,Uber,UBER
S&P 500,"UDR, Inc.",UDR
S&P 500,Ulta Beauty,ULTA
S&P 500,Union Pacific Corporation,UNP
S&P 500,United Airlines Holdings,UAL
S&P 500,United Parcel Service,UPS
S&P 500,United Rentals,URI
S&P 500,UnitedHealth Group,UNH
S&P 500,Universal Health Services,UHS
S&P 500,Valero Energy,VLO
S&P 500,Ventas,VTR
S&P 500,Veralto,VLTO
S&P 500,Verisign,VRSN
S&P 500,Verisk Analytics,VRSK
S&P 500,Verizon,VZ
S&P 500,Vertex Pharmaceuticals,VRTX
S&P 500,Viatris,VTRS
S&P 500,Vici Properties,VICI
S&P 500,Visa Inc.,V
S&P 500,Vistra Corp.,VST
S&P 500,Vulcan Materials Company,VMC
S&P 500,W. R. Berkley Corporation,WRB
S&P 500,W. W. Grainger,GWW
S&P 500,Wabtec,WAB
S&P 500,Walmart,WMT
S&P 500,Walt Disney Company (The),DIS
S&P 500,Warner Bros. Discovery,WBD
S&P 500,Waste Management,WM
S&P 500,Waters Corporation,WAT
S&P 500,WEC Energy Group,WEC
S&P 500,Wells Fargo,WFC
S&P 500,Welltower,WELL
S&P 500,West Pharmaceutical Services,WST
S&P 500,Western Digital,WDC
S&P 500,Weyerhaeuser,WY
S&P 500,"Williams-Sonoma, Inc.",WSM
S&P 500,Williams Companies,WMB
S&P 500,Willis Towers Watson,WTW
S&P 500,"Workday, Inc.",WDAY
S&P 500,Wynn Resorts,WYNN
S&P 500,Xcel Energy,XEL
S&P 500,Xylem Inc.,XYL
S&P 500,Yum! Brands,YUM
S&P 500,Zebra Technologies,ZBRA
S&P 500,Zimmer Biomet,ZBH
S&P 500,Zoetis,ZTS
CSI 300 Index,BYD,BYD
HANG SENG INDEX,HSBC Holdings plc,0005.HK
HANG SENG INDEX,Hang Seng Bank Ltd,0011.HK
HANG SENG INDEX,HKEx Limited,0388.HK
HANG SENG INDEX,China Construction Bank,0939.HK
HANG SENG INDEX,AIA Group Limited,1299.HK
HANG SENG INDEX,Industrial and Commercial Bank of China,1398.HK
HANG SENG INDEX,Ping An Insurance,2318.HK
HANG SENG INDEX,BOC Hong Kong (Holdings) Ltd,2388.HK
HANG SENG INDEX,China Life,2628.HK
HANG SENG INDEX,China Merchants Bank,3968.HK
HANG SENG INDEX,Bank of China Ltd,3988.HK
HANG SENG INDEX,CLP Holdings Limited,0002.HK
HANG SENG INDEX,Hong Kong and China Gas Company Limited,0003.HK
HANG SENG INDEX,Power Assets Holdings Limited,0006.HK
HANG SENG INDEX,China Resources Power,0836.HK
HANG SENG INDEX,Cheung Kong Infrastructure Holdings Limited,1038.HK
HANG SENG INDEX,ENN Energy,2688.HK
HANG SENG INDEX,Henderson Land Development Company Limited,0012.HK
HANG SENG INDEX,Sun Hung Kai Properties Limited,0016.HK
HANG SENG INDEX,New World Development Company Limited,0017.HK
HANG SENG INDEX,Hang Lung Properties Limited,0101.HK
HANG SENG INDEX,China Overseas Land & Investment Limited,0688.HK
HANG SENG INDEX,Link REIT,0823.HK
HANG SENG INDEX,Longfor Properties,0960.HK
HANG SENG INDEX,China Resources Land Limited,1109.HK
HANG SENG INDEX,CK Asset Holdings,1113.HK
HANG SENG INDEX,China Resources Mixc Lifestyle,1209.HK
HANG SENG INDEX,Wharf Real Estate Investment Company Limited,1997.HK
HANG SENG INDEX,Country Garden,6098.HK
HANG SENG INDEX,CK Hutchison Holdings Limited,0001.HK
HANG SENG INDEX,Galaxy Entertainment Group Ltd.,0027.HK
HANG SENG INDEX,MTR Corporation Ltd,0066.HK
HANG SENG INDEX,Geely Auto,0175.HK
HANG SENG INDEX,Alibaba Health,0241.HK
HANG SENG INDEX,CITIC Limited,0267.HK
HANG SENG INDEX,WH Group,0288.HK
HANG SENG INDEX,China Resources Beer,0291.HK
HANG SENG INDEX,Orient Overseas (International) Limited,0316.HK
HANG SENG INDEX,Tingyi,0322.HK
HANG SENG INDEX,Sinopec Corp,0386.HK
HANG SENG INDEX,Techtronic Industries,0669.HK
HANG SENG INDEX,Tencent Holdings Limited,0700.HK
HANG SENG INDEX,China Unicom,0762.HK
HANG SENG INDEX,PetroChina Company Limited,0857.HK
HANG SENG INDEX,Xinyi Glass,0868.HK
HANG SENG INDEX,Zhongsheng Group,0881.HK
HANG SENG INDEX,CNOOC Limited,0883.HK
HANG SENG INDEX,China Mobile Ltd,0941.HK
HANG SENG INDEX,Xinyi Solar,0968.HK
HANG SENG INDEX,Semiconductor Manufacturing International Corporation,0981.HK
HANG SENG INDEX,Lenovo,0992.HK
HANG SENG INDEX,Hengan International Group Co. Ltd,1044.HK
HANG SENG INDEX,China Shenhua Energy,1088.HK
HANG SENG INDEX,CSPC Pharmaceutical Group,1093.HK
HANG SENG INDEX,Sinopharm Group,1099.HK
HANG SENG INDEX,Sino Biopharm,1177.HK
HANG SENG INDEX,BYD Company,1211.HK
HANG SENG INDEX,China Hongqiao Group,1378.HK
HANG SENG INDEX,Xiaomi,1810.HK
HANG SENG INDEX,Budweiser Brewing Company APAC,1876.HK
HANG SENG INDEX,Sands China,1928.HK
HANG SENG INDEX,Chow Tai Fook,1929.HK
HANG SENG INDEX,Li Auto,2015.HK
HANG SENG INDEX,Anta Sports,2020.HK
HANG SENG INDEX,WuXi Biologics,2269.HK
HANG SENG INDEX,Shenzhou International,2313.HK
HANG SENG INDEX,Mengniu Dairy,2319.HK
HANG SENG INDEX,Li-Ning,2331.HK
HANG SENG INDEX,WuXi AppTec,2359.HK
HANG SENG INDEX,Sunny Optical,2382.HK
HANG SENG INDEX,Zijin Mining,2899.HK
HANG SENG INDEX,Meituan,3690.HK
HANG SENG INDEX,Hansoh Pharmaceutical Group,3692.HK
HANG SENG INDEX,JD Health,6618.HK
HANG SENG INDEX,Haier,6690.HK
HANG SENG INDEX,Haidilao,6862.HK
HANG SENG INDEX,JD.com,9618.HK
HANG SENG INDEX,Nongfu Spring,9633.HK
HANG SENG INDEX,Baidu,9888.HK
HANG SENG INDEX,Trip.com Group,9961.HK
HANG SENG INDEX,Alibaba Group,9988.HK
HANG SENG INDEX,NetEase,9999.HK
NIFTY 50,Adani Enterprises,ADANIENT.NS
NIFTY 50,Adani Ports & SEZ,ADANIPORTS.NS
NIFTY 50,Apollo Hospitals,APOLLOHOSP.NS
NIFTY 50,Asian Paints,ASIANPAINT.NS
NIFTY 50,Axis Bank,AXISBANK.NS
NIFTY 50,Bajaj Auto,BAJAJ-AUTO.NS
NIFTY 50,Bajaj Finance,BAJFINANCE.NS
NIFTY 50,Bajaj Finserv,BAJAJFINSV.NS
NIFTY 50,Bharat Electronics,BEL.NS
NIFTY 50,Bharti Airtel,BHARTIARTL.NS
NIFTY 50,Cipla,CIPLA.NS
NIFTY 50,Coal India,COALINDIA.NS
NIFTY 50,Dr. Reddy's Laboratories,DRREDDY.NS
NIFTY 50,Eicher Motors,EICHERMOT.NS
NIFTY 50,Eternal,ETERNAL.NS
NIFTY 50,Grasim Industries,GRASIM.NS
NIFTY 50,HCLTech,HCLTECH.NS
NIFTY 50,HDFC Bank,HDFCBANK.NS
NIFTY 50,HDFC Life,HDFCLIFE.NS
NIFTY 50,Hindalco Industries,HINDALCO.NS
NIFTY 50,Hindustan Unilever,HINDUNILVR.NS
NIFTY 50,ICICI Bank,ICICIBANK.NS
NIFTY 50,IndiGo,INDIGO.NS
NIFTY 50,Infosys,INFY.NS
NIFTY 50,ITC,ITC.NS
NIFTY 50,Jio Financial Services,JIOFIN.NS
NIFTY 50,JSW Steel,JSWSTEEL.NS
NIFTY 50,Kotak Mahindra Bank,KOTAKBANK.NS
NIFTY 50,Larsen & Toubro,LT.NS
NIFTY 50,Mahindra & Mahindra,M&M.NS
NIFTY 50,Maruti Suzuki,MARUTI.NS
NIFTY 50,Max Healthcare,MAXHEALTH.NS
NIFTY 50,Nestlé India,NESTLEIND.NS
NIFTY 50,NTPC,NTPC.NS
NIFTY 50,Oil and Natural Gas Corporation,ONGC.NS
NIFTY 50,Power Grid,POWERGRID.NS
NIFTY 50,Reliance Industries,RELIANCE.NS
NIFTY 50,SBI Life Insurance Company,SBILIFE.NS
NIFTY 50,Shriram Finance,SHRIRAMFIN.NS
NIFTY 50,State Bank of India,SBIN.NS
NIFTY 50,Sun Pharma,SUNPHARMA.NS
NIFTY 50,Tata Consultancy Services,TCS.NS
NIFTY 50,Tata Consumer Products,TATACONSUM.NS
NIFTY 50,Tata Motors,TATAMOTORS.NS
NIFTY 50,Tata Steel,TATASTEEL.NS
NIFTY 50,Tech Mahindra,TECHM.NS
NIFTY 50,Titan Company,TITAN.NS
NIFTY 50,Trent,TRENT.NS
NIFTY 50,UltraTech Cement,ULTRACEMCO.NS
NIFTY 50,Wipro,WIPRO.NS
FTSE Bursa Malaysia KLCI,99 SPEED MART RETAIL HOLDINGS BERHAD,5326.KL
FTSE Bursa Malaysia KLCI,AXIATA GROUP BERHAD,6888.KL
FTSE Bursa Malaysia KLCI,CELCOMDIGI BERHAD,6947.KL
FTSE Bursa Malaysia KLCI,CIMB GROUP HOLDINGS BERHAD,1023.KL
FTSE Bursa Malaysia KLCI,GAMUDA BERHAD,5398.KL
FTSE Bursa Malaysia KLCI,HONG LEONG BANK BHD,5819.KL
FTSE Bursa Malaysia KLCI,HONG LEONG FINANCIAL GROUP BHD,1082.KL
FTSE Bursa Malaysia KLCI,IHH HEALTHCARE BERHAD,5225.KL
FTSE Bursa Malaysia KLCI,IOI CORPORATION BHD,1961.KL
FTSE Bursa Malaysia KLCI,KUALA LUMPUR KEPONG BHD,2445.KL
FTSE Bursa Malaysia KLCI,Malayan Banking Berhad,1155.KL
FTSE Bursa Malaysia KLCI,MAXIS BERHAD,6012.KL
FTSE Bursa Malaysia KLCI,MISC BHD,3816.KL
FTSE Bursa Malaysia KLCI,MR D.I.Y. GROUP (M) BERHAD,5296.KL
FTSE Bursa Malaysia KLCI,NESTLE (M) BHD,4707.KL
FTSE Bursa Malaysia KLCI,PETRONAS CHEMICALS GROUP BHD,5183.KL
FTSE Bursa Malaysia KLCI,PETRONAS DAGANGAN BHD,5681.KL
FTSE Bursa Malaysia KLCI,PETRONAS GAS BHD,6033.KL
FTSE Bursa Malaysia KLCI,PPB GROUP BHD,4065.KL
FTSE Bursa Malaysia KLCI,PRESS METAL ALUMINIUM HOLDINGS BERHAD,8869.KL
FTSE Bursa Malaysia KLCI,PUBLIC BANK BHD,1295.KL
FTSE Bursa Malaysia KLCI,QL RESOURCES BHD,7084.KL
FTSE Bursa Malaysia KLCI,RHB BANK BERHAD,1066.KL
FTSE Bursa Malaysia KLCI,SIME DARBY BHD,4197.KL
FTSE Bursa Malaysia KLCI,SD GUTHRIE BERHAD,5285.KL
FTSE Bursa Malaysia KLCI,SUNWAY BERHAD,5211.KL
FTSE Bursa Malaysia KLCI,TELEKOM MALAYSIA BHD,4863.KL
FTSE Bursa Malaysia KLCI,TENAGA NASIONAL BHD,5347.KL
FTSE Bursa Malaysia KLCI,YTL CORPORATION BHD,4677.KL
FTSE Bursa Malaysia KLCI,YTL POWER INTERNATIONAL BHD,6742.KL
STI Index,CapitaLand Ascendas REIT,A17U.SI
STI Index,CapitaLand Integrated Commercial Trust,C38U.SI
STI Index,CapitaLand Investment,9CI.SI
STI Index,City Developments Limited,C09.SI
STI Index,DFI Retail Group Holdings Limited,D01.SI
STI Index,DBS Group Holdings,D05.SI
STI Index,Frasers Centrepoint Trust,J69U.SI
STI Index,Frasers Logistics & Commercial Trust,BUOU.SI
STI Index,Genting Singapore PLC,G13.SI
STI Index,Hongkong Land Holdings,H78.SI
STI Index,Jardine Matheson Holdings Limited,J36.SI
STI Index,Keppel Corporation,BN4.SI
STI Index,Keppel DC Reit,AJBU.SI
STI Index,Mapletree Industrial Trust,ME8U.SI
STI Index,Mapletree Logistics Trust,M44U.SI
STI Index,Mapletree Pan Asia Commercial Trust,N2IU.SI
STI Index,Oversea-Chinese Banking Corp,O39.SI
STI Index,SATS,S58.SI
STI Index,Seatrium Limited,5E2.SI
STI Index,Sembcorp Industries,U96.SI
STI Index,Singapore Airlines,C6L.SI
STI Index,Singapore Exchange,S68.SI
STI Index,Singtel,Z74.SI
STI Index,Singapore Technologies Engineering,S63.SI
STI Index,Thai Beverages,Y92.SI
STI Index,United Overseas Bank,U11.SI
STI Index,UOL Group,U14.SI
STI Index,Venture Corporation,V03.SI
STI Index,Wilmar International,F34.SI
STI Index,Yangzijiang Shipbuilding Holdings [zh],BS6.SI
SET_SET Index,Advanced Info Service,ADVANC.BK
SET_SET Index,Airports of Thailand,AOT.BK
SET_SET Index,Asset World Corp,AWC.BK
SET_SET Index,Banpu,BANPU.BK
SET_SET Index,Bangkok Bank,BBL.BK
SET_SET Index,Bangchak Corporation,BCP.BK
SET_SET Index,Bangkok Dusit Medical Service,BDMS.BK
SET_SET Index,Bangkok Expressway and Metro,BEM.BK
SET_SET Index,Bumrungrad International Hospital,BH.BK
SET_SET Index,Berli Jucker,BJC.BK
SET_SET Index,BTS Group Holdings,BTS.BK
SET_SET Index,Carabao Group,CBG.BK
SET_SET Index,Cal-Comp Electronics (Thailand),CCET.BK
SET_SET Index,Com Seven,COM7.BK
SET_SET Index,CP All,CPALL.BK
SET_SET Index,Charoen Pokphand Foods,CPF.BK
SET_SET Index,Central Pattana,CPN.BK
SET_SET Index,Central Retail Corporation,CRC.BK
SET_SET Index,Delta Electronics (Thailand),DELTA.BK
SET_SET Index,Electricity Generating Authority,EGCO.BK
SET_SET Index,Global Power Synergy,GPSC.BK
SET_SET Index,Gulf Development,GULF.BK
SET_SET Index,Home Product Center,HMPRO.BK
SET_SET Index,Indorama Ventures,IVL.BK
SET_SET Index,Kasikornbank,KBANK.BK
SET_SET Index,KCE Electronics,KCE.BK
SET_SET Index,Kiatnakin Phatra Bank,KKP.BK
SET_SET Index,Krungthai Bank,KTB.BK
SET_SET Index,Krungthai Card,KTC.BK
SET_SET Index,Land and Houses,LH.BK
SET_SET Index,Minor International,MINT.BK
SET_SET Index,Muangthai Capital,MTC.BK
SET_SET Index,PTT Oil and Retail Business,OR.BK
SET_SET Index,Osotspa,OSP.BK
SET_SET Index,PTT,PTT.BK
SET_SET Index,PTT Exploration and Production,PTTEP.BK
SET_SET Index,PTT Global Chemical,PTTGC.BK
SET_SET Index,Ratch Group,RATCH.BK
SET_SET Index,Siam Commercial Bank,SCB.BK
SET_SET Index,Siam Cement Group,SCC.BK
SET_SET Index,SCG Packaging,SCGP.BK
SET_SET Index,Thanachart Capital,TCAP.BK
SET_SET Index,Tidlor Holdings,TIDLOR.BK
SET_SET Index,Tisco Financial Group,TISCO.BK
SET_SET Index,Thai Life Insurance,TLI.BK
SET_SET Index,Thai Oil,TOP.BK
SET_SET Index,TRUE Corporation,TRUE.BK
SET_SET Index,TMBThanachart Bank,TTB.BK
SET_SET Index,Thai Union Group,TU.BK
SET_SET Index,VGI,VGI.BK
SET_SET Index,WHA Corporation,WHA.BK
S&P/ASX 200,a2 Milk Company,A2M.AX
S&P/ASX 200,AGL Energy,AGL.AX
S&P/ASX 200,Auckland Airport,AIA.AX
S&P/ASX 200,Ampol,ALD.AX
S&P/ASX 200,Aristocrat Leisure,ALL.AX
S&P/ASX 200,ALS,ALQ.AX
S&P/ASX 200,Atlas Arteria,ALX.AX
S&P/ASX 200,Amcor,AMC.AX
S&P/ASX 200,AMP,AMP.AX
S&P/ASX 200,Ansell,ANN.AX
S&P/ASX 200,Australia & New Zealand Banking Group,ANZ.AX
S&P/ASX 200,APA Group,APA.AX
S&P/ASX 200,Eagers Automotive,APE.AX
S&P/ASX 200,ARB Corporation,ARB.AX
S&P/ASX 200,Arena REIT,ARF.AX
S&P/ASX 200,ASX,ASX.AX
S&P/ASX 200,AUB Group,AUB.AX
S&P/ASX 200,Aurizon,AZJ.AX
S&P/ASX 200,Bapcor,BAP.AX
S&P/ASX 200,Bendigo & Adelaide Bank,BEN.AX
S&P/ASX 200,Bega Cheese,BGA.AX
S&P/ASX 200,BHP,BHP.AX
S&P/ASX 200,Brickworks,BKW.AX
S&P/ASX 200,Bank of Queensland,BOQ.AX
S&P/ASX 200,Beach Energy,BPT.AX
S&P/ASX 200,Brainchip,BRN.AX
S&P/ASX 200,Breville Group,BRG.AX
S&P/ASX 200,BlueScope,BSL.AX
S&P/ASX 200,BWP Trust,BWP.AX
S&P/ASX 200,Brambles,BXB.AX
S&P/ASX 200,CAR Group,CAR.AX
S&P/ASX 200,Commonwealth Bank,CBA.AX
S&P/ASX 200,Credit Corp Group,CCP.AX
S&P/ASX 200,City Chic Collective,CCX.AX
S&P/ASX 200,Challenger,CGF.AX
S&P/ASX 200,Charter Hall,CHC.AX
S&P/ASX 200,Chalice Mining,CHN.AX
S&P/ASX 200,Champion Iron,CIA.AX
S&P/ASX 200,Centuria Industrial REIT,CIP.AX
S&P/ASX 200,Collins Foods,CKF.AX
S&P/ASX 200,Charter Hall Long WALE REIT,CLW.AX
S&P/ASX 200,Cromwell Property Group,CMW.AX
S&P/ASX 200,Centuria Capital,CNI.AX
S&P/ASX 200,Chorus,CNU.AX
S&P/ASX 200,Cochlear,COH.AX
S&P/ASX 200,Coles Group,COL.AX
S&P/ASX 200,Computershare,CPU.AX
S&P/ASX 200,Coronado Global Resources,CRN.AX
S&P/ASX 200,Charter Hall Retail REIT,CQR.AX
S&P/ASX 200,CSL,CSL.AX
S&P/ASX 200,CSR,CSR
S&P/ASX 200,Corporate Travel Management,CTD.AX
S&P/ASX 200,Clinuvel Pharmaceut,CUV.AX
S&P/ASX 200,Cleanaway,CWY.AX
S&P/ASX 200,Core Lithium,CXO.AX
S&P/ASX 200,Domino's Pizza Enterprises,DMP.AX
S&P/ASX 200,Downer Group,DOW.AX
S&P/ASX 200,Deterra Royalties,DRR.AX
S&P/ASX 200,Dexus,DXS.AX
S&P/ASX 200,Endeavour Group,EDV.AX
S&P/ASX 200,Elders,ELD.AX
S&P/ASX 200,EML Payments,EML.AX
S&P/ASX 200,Evolution Mining,EVN.AX
S&P/ASX 200,Event Hospitality and Entertainment,EVT.AX
S&P/ASX 200,Fletcher Building,FBU.AX
S&P/ASX 200,Flight Centre,FLT.AX
S&P/ASX 200,Fortescue,FMG.AX
S&P/ASX 200,Fisher & Paykel Healthcare,FPH.AX
S&P/ASX 200,Goodman Group,GMG.AX
S&P/ASX 200,GrainCorp,GNC.AX
S&P/ASX 200,Gold Road Res,GOR.AX
S&P/ASX 200,Growthpoint Properties,GOZ.AX
S&P/ASX 200,GPT Group,GPT.AX
S&P/ASX 200,HomeCo Daily Needs REIT,HDN.AX
S&P/ASX 200,Healius,HLS.AX
S&P/ASX 200,Home Consortium,HMC.AX
S&P/ASX 200,HUB24,HUB.AX
S&P/ASX 200,Harvey Norman,HVN.AX
S&P/ASX 200,Insurance Australia Group,IAG.AX
S&P/ASX 200,IDP Education,IEL.AX
S&P/ASX 200,Insignia Financial,IFL.AX
S&P/ASX 200,Independence Group,IGO.AX
S&P/ASX 200,Iluka Resources,ILU.AX
S&P/ASX 200,Imugene,IMU.AX
S&P/ASX 200,Ingenia Group,INA.AX
S&P/ASX 200,Inghams,ING.AX
S&P/ASX 200,IPH,IPH.AX
S&P/ASX 200,Iress,IRE.AX
S&P/ASX 200,JB Hi-Fi,JBH.AX
S&P/ASX 200,James Hardie,JHX.AX
S&P/ASX 200,Kelsian Group,KLS.AX
S&P/ASX 200,Lifestyle Communities,LIC.AX
S&P/ASX 200,Lake Resources,LKE.AX
S&P/ASX 200,Lendlease,LLC.AX
S&P/ASX 200,Liontown Resources,LTR.AX
S&P/ASX 200,Lynas,LYC.AX
S&P/ASX 200,Magellan Financial Group,MFG.AX
S&P/ASX 200,Mirvac,MGR.AX
S&P/ASX 200,Mineral Resources,MIN.AX
S&P/ASX 200,Megaport,MP1.AX
S&P/ASX 200,Medibank,MPL.AX
S&P/ASX 200,Macquarie Group,MQG.AX
S&P/ASX 200,Metcash,MTS.AX
S&P/ASX 200,National Australia Bank,NAB.AX
S&P/ASX 200,Nanosonics,NAN.AX
S&P/ASX 200,Nine Entertainment,NEC.AX
S&P/ASX 200,New Hope,NHC.AX
S&P/ASX 200,Nib,NHF.AX
S&P/ASX 200,Nickel Industries Limited,NIC.AX
S&P/ASX 200,National Storage,NSR.AX
S&P/ASX 200,Northern Star Resources,NST.AX
S&P/ASX 200,Nufarm,NUF.AX
S&P/ASX 200,Novonix,NVX.AX
S&P/ASX 200,Netwealth Group,NWL.AX
S&P/ASX 200,News Corp Class B,NWS.AX
S&P/ASX 200,NextDC,NXT.AX
S&P/ASX 200,Orora,ORA.AX
S&P/ASX 200,Origin Energy,ORG.AX
S&P/ASX 200,Orica,ORI.AX
S&P/ASX 200,Pointsbet Holdings,PBH.AX
S&P/ASX 200,Paladin Energy,PDN.AX
S&P/ASX 200,Pilbara Minerals,PLS.AX
S&P/ASX 200,Pro Medicus,PME.AX
S&P/ASX 200,Premier Investments,PMV.AX
S&P/ASX 200,Pinnacle Investment Management,PNI.AX
S&P/ASX 200,Perpetual,PPT.AX
S&P/ASX 200,Perseus Mining,PRU.AX
S&P/ASX 200,Qantas,QAN.AX
S&P/ASX 200,QBE Insurance,QBE.AX
S&P/ASX 200,Qube Holdings,QUB.AX
S&P/ASX 200,REA Group,REA.AX
S&P/ASX 200,Reece Group,REH.AX
S&P/ASX 200,Ramsay Health Care,RHC.AX
S&P/ASX 200,Rio Tinto,RIO.AX
S&P/ASX 200,ResMed,RMD.AX
S&P/ASX 200,Ramelius Resources,RMS.AX
S&P/ASX 200,Regis Resources,RRL.AX
S&P/ASX 200,Reliance Worldwide Corporation,RWC.AX
S&P/ASX 200,South32,S32.AX
S&P/ASX 200,St Barbara,SBM.AX
S&P/ASX 200,Scentre Group,SCG.AX
S&P/ASX 200,Shopping Centres Australasia Property Group,SCP.AX
S&P/ASX 200,Steadfast Group,SDF.AX
S&P/ASX 200,Seek,SEK.AX
S&P/ASX 200,Sandfire Resources,SFR.AX
S&P/ASX 200,Sims Metal,SGM.AX
S&P/ASX 200,Stockland,SGP.AX
S&P/ASX 200,Star Entertainment Group,SGR.AX
S&P/ASX 200,Sonic Healthcare,SHL.AX
S&P/ASX 200,Soul Patts,SOL.AX
S&P/ASX 200,Santos,STO.AX
S&P/ASX 200,Super Retail Group,SUL.AX
S&P/ASX 200,Suncorp,SUN.AX
S&P/ASX 200,Telix Pharmaceuticals,TLX.AX
S&P/ASX 200,Tabcorp,TAH.AX
S&P/ASX 200,Transurban,TCL.AX
S&P/ASX 200,The Lottery Corporation,TLC.AX
S&P/ASX 200,Telstra,TLS.AX
S&P/ASX 200,TechnologyOne,TNE.AX
S&P/ASX 200,TPG Telecom,TPG.AX
S&P/ASX 200,Treasury Wine Estates,TWE.AX
S&P/ASX 200,Tyro Payments,TYR.AX
S&P/ASX 200,Vicinity Centres,VCX.AX
S&P/ASX 200,Viva Energy,VEA.AX
S&P/ASX 200,Westpac,WBC.AX
S&P/ASX 200,Webjet,WEB.AX
S&P/ASX 200,Wesfarmers,WES.AX
S&P/ASX 200,Whitehaven Coal,WHC.AX
S&P/ASX 200,Worley,WOR.AX
S&P/ASX 200,Woolworths,WOW.AX
S&P/ASX 200,Woodside Energy,WDS.AX
S&P/ASX 200,Waypoint REIT[17],WPR.AX
S&P/ASX 200,Wisetech Global,WTC.AX
S&P/ASX 200,Xero,XRO.AX
S&P/ASX 200,Zip,ZIP.AX
S&P/NZX 50 INDEX GROSS ( GROSS ,Auckland International Airport Limited,AIA.NZ
S&P/NZX 50 INDEX GROSS ( GROSS ,Air New Zealand Limited,AIR.NZ
S&P/NZX 50 INDEX GROSS ( GROSS ,ANZ Group Holdings Limited,ANZ.NZ
S&P/NZX 50 INDEX GROSS ( GROSS ,Argosy Property Limited,ARG.NZ
S&P/NZX 50 INDEX GROSS ( GROSS ,The a2 Milk Company Limited,ATM.NZ
S&P/NZX 50 INDEX GROSS ( GROSS ,Contact Energy Limited,CEN.NZ
S&P/NZX 50 INDEX GROSS ( GROSS ,Channel Infrastructure NZ Limited,CHI.NZ
S&P/NZX 50 INDEX GROSS ( GROSS ,Chorus Limited,CNU.NZ
S&P/NZX 50 INDEX GROSS ( GROSS ,EBOS Group Limited,EBO.NZ
S&P/NZX 50 INDEX GROSS ( GROSS ,Fletcher Building Limited,FBU.NZ
S&P/NZX 50 INDEX GROSS ( GROSS ,Fisher & Paykel Healthcare Corporation Limited,FPH.NZ
S&P/NZX 50 INDEX GROSS ( GROSS ,Freightways Group Limited,FRW.NZ
S&P/NZX 50 INDEX GROSS ( GROSS ,Fonterra Shareholders' Fund,FSF.NZ
S&P/NZX 50 INDEX GROSS ( GROSS ,Goodman Property Trust,GMT.NZ
S&P/NZX 50 INDEX GROSS ( GROSS ,Genesis Energy Limited,GNE.NZ
S&P/NZX 50 INDEX GROSS ( GROSS ,Gentrack Group Limited,GTK.NZ
S&P/NZX 50 INDEX GROSS ( GROSS ,Heartland Group Holdings Limited,HGH.NZ
S&P/NZX 50 INDEX GROSS ( GROSS ,Hallenstein Glasson Holdings Limited,HLG.NZ
S&P/NZX 50 INDEX GROSS ( GROSS ,Infratil Limited,IFT.NZ
S&P/NZX 50 INDEX GROSS ( GROSS ,Investore Property Limited,IPL.NZ
S&P/NZX 50 INDEX GROSS ( GROSS ,KMD Brands Limited,KMD.NZ
S&P/NZX 50 INDEX GROSS ( GROSS ,Kiwi Property Group Limited,KPG.NZ
S&P/NZX 50 INDEX GROSS ( GROSS ,Mercury NZ Limited,MCY.NZ
S&P/NZX 50 INDEX GROSS ( GROSS ,Meridian Energy Limited,MEL.NZ
S&P/NZX 50 INDEX GROSS ( GROSS ,Mainfreight Limited,MFT.NZ
S&P/NZX 50 INDEX GROSS ( GROSS ,NZX Limited,NZX.NZ
S&P/NZX 50 INDEX GROSS ( GROSS ,Oceania Healthcare Limited,OCA.NZ
S&P/NZX 50 INDEX GROSS ( GROSS ,Precinct Properties NZ & Precinct Properties Investments Ltd,PCT.NZ
S&P/NZX 50 INDEX GROSS ( GROSS ,Property for Industry Limited,PFI.NZ
S&P/NZX 50 INDEX GROSS ( GROSS ,Port of Tauranga Limited,POT.NZ
S&P/NZX 50 INDEX GROSS ( GROSS ,Ryman Healthcare Limited,RYM.NZ
S&P/NZX 50 INDEX GROSS ( GROSS ,Sanford Limited,SAN.NZ
S&P/NZX 50 INDEX GROSS ( GROSS ,Scales Corporation Limited,SCL.NZ
S&P/NZX 50 INDEX GROSS ( GROSS ,SkyCity Entertainment Group Limited,SKC.NZ
S&P/NZX 50 INDEX GROSS ( GROSS ,Skellerup Holdings Limited,SKL.NZ
S&P/NZX 50 INDEX GROSS ( GROSS ,Serko Limited,SKO.NZ
S&P/NZX 50 INDEX GROSS ( GROSS ,Sky Network Television Limited,SKT.NZ
S&P/NZX 50 INDEX GROSS ( GROSS ,Stride Property Ltd & Stride Investment Management Ltd,SPG.NZ
S&P/NZX 50 INDEX GROSS ( GROSS ,Spark New Zealand Limited,SPK.NZ
S&P/NZX 50 INDEX GROSS ( GROSS ,Summerset Group Holdings Limited,SUM.NZ
S&P/NZX 50 INDEX GROSS ( GROSS ,Tourism Holdings Limited,THL.NZ
S&P/NZX 50 INDEX GROSS ( GROSS ,Turners Automotive Group Limited,TRA.NZ
S&P/NZX 50 INDEX GROSS ( GROSS ,Vector Limited,VCT.NZ
S&P/NZX 50 INDEX GROSS ( GROSS ,Vista Group International Limited,VGL.NZ
S&P/NZX 50 INDEX GROSS ( GROSS ,Vital Healthcare Property Trust,VHP.NZ
S&P/NZX 50 INDEX GROSS ( GROSS ,Vulcan Steel Limited,VSL.NZ
S&P/NZX 50 INDEX GROSS ( GROSS ,Westpac Banking Corporation,WBC.NZ
S&P/NZX 50 INDEX GROSS ( GROSS ,The Warehouse Group Limited,WHS.NZ
OMX Copenhagen 25 Index,Bavarian Nordic,BAVA.CO
OMX Copenhagen 25 Index,Carlsberg Group (class B),CARL
OMX Copenhagen 25 Index,Coloplast (class B),COLO
OMX Copenhagen 25 Index,Danske Bank,DANSKE.CO
OMX Copenhagen 25 Index,Demant,DEMANT.CO
OMX Copenhagen 25 Index,DSV,DSV.CO
OMX Copenhagen 25 Index,Genmab,GMAB.CO
OMX Copenhagen 25 Index,GN Store Nord,GN.CO
OMX Copenhagen 25 Index,ISS,ISS.CO
OMX Copenhagen 25 Index,Jyske Bank,JYSK.CO
OMX Copenhagen 25 Index,NKT,NKT.CO
OMX Copenhagen 25 Index,Pandora,PNDORA.CO
OMX Copenhagen 25 Index,Rockwool International,ROCK
OMX Copenhagen 25 Index,Royal Unibrew,RBREW.CO
OMX Copenhagen 25 Index,Sydbank,SYDB.CO
OMX Copenhagen 25 Index,Tryg,TRYG.CO
OMX Copenhagen 25 Index,Vestas Wind Systems,VWS.CO
OMX Copenhagen 25 Index,Zealand Pharma,ZEAL.CO
OMX Copenhagen 25 Index,Ørsted,ORSTED.CO
CAC Next 20,Accor,AC.PA
CAC Next 20,Air France–KLM,AF.PA
CAC Next 20,Arkema,AKE.PA
CAC Next 20,BioMérieux,BIM.PA
CAC Next 20,Bureau Veritas,BVI.PA
CAC Next 20,Eiffage,FGR.PA
CAC Next 20,Euronext,ENX.PA
CAC Next 20,Gecina,GFC.PA
CAC Next 20,Getlink,GET.PA
CAC Next 20,Klépierre,LI.PA
CAC Next 20,Rémy Cointreau,RCO.PA
CAC Next 20,Rexel,RXL.PA
CAC Next 20,Sartorius Stedim Biooutsource,DIM.PA
CAC Next 20,Sodexo,SW.PA
CAC Next 20,Soitec,SOI.PA
CAC Next 20,Ubisoft,UBI.PA
CAC Next 20,Valeo,FR.PA
CAC Next 20,Vivendi,VIV.PA
MDAX                          P,Aixtron SE,AIXA.DE
MDAX                          P,Aroundtown S.A.,AT1.DE
MDAX                          P,Aurubis AG,NDA.DE
MDAX                          P,Bechtle AG,BC8.DE
MDAX                          P,Befesa S.A.,BFSA.DE
MDAX                          P,Bilfinger SE,GBF.DE
MDAX                          P,Carl Zeiss Meditec AG,AFX.DE
MDAX                          P,CTS Eventim AG & Co. KGaA,EVD.DE
MDAX                          P,Delivery Hero,DHER.DE
MDAX                          P,Deutsche Lufthansa AG,LHA.DE
MDAX                          P,Evonik Industries AG,EVK.DE
MDAX                          P,Evotec SE,EVT.DE
MDAX                          P,Fraport AG,FRA.DE
MDAX                          P,Freenet AG,FNTN.DE
MDAX                          P,Fresenius Medical Care AG,FRE.DE
MDAX                          P,Fuchs Petrolub SE,FPE3.DE
MDAX                          P,GEA Group AG,G1A.DE
MDAX                          P,Gerresheimer AG,GXI.DE
MDAX                          P,HELLA GmbH & Co. KGaA,HLE.DE
MDAX                          P,HelloFresh SE,HFG.DE
MDAX                          P,Hensoldt AG,HAG.DE
MDAX                          P,Hochtief AG,HOT.DE
MDAX                          P,Hugo Boss AG,BOSS.DE
MDAX                          P,Jenoptik AG,JEN.DE
MDAX                          P,Jungheinrich AG,JUN3.DE
MDAX                          P,K+S AG,SDF.DE
MDAX                          P,Kion Group AG,KGX.DE
MDAX                          P,Knorr-Bremse AG,KBX.DE
MDAX                          P,Krones,KRN.DE
MDAX                          P,Lanxess AG,LXS.DE
MDAX                          P,LEG Immobilien AG,LEG.DE
MDAX                          P,Nemetschek SE,NEM.DE
MDAX                          P,Nordex SE,NDX1.DE
MDAX                          P,PUMA SE,PUM.DE
MDAX                          P,Rational AG,RAA.DE
MDAX                          P,Redcare Pharmacy N.V.,RDC.DE
MDAX                          P,RTL Group SA,RRTL.DE
MDAX                          P,Scout24 AG,G24.DE
MDAX                          P,Siltronic AG,WAF.DE
MDAX                          P,STABILUS SE,STM.DE
MDAX                          P,Ströer SE & Co. KGaA,SAX.DE
MDAX                          P,TAG Immobilien AG,TEG.DE
MDAX                          P,Talanx AG,TLX.DE
MDAX                          P,TeamViewer AG,TMV.DE
MDAX                          P,Thyssenkrupp AG,TKA.DE
MDAX                          P,Traton SE,8TRA.DE
MDAX                          P,TUI AG,TUI1.DE
MDAX                          P,United Internet AG,UTDI.DE
MDAX                          P,Wacker Chemie AG,WCH.DE
FTSE MIB (Italy),A2A,A2A.MI
FTSE MIB (Italy),Amplifon,AMP.MI
FTSE MIB (Italy),Azimut,AZM.MI
FTSE MIB (Italy),Banca Mediolanum,BMED.MI
FTSE MIB (Italy),Banca Monte dei Paschi di Siena,BMPS.MI
FTSE MIB (Italy),Banco BPM,BAMI.MI
FTSE MIB (Italy),Banca Popolare di Sondrio,BPSO.MI
FTSE MIB (Italy),BPER Banca,BPE.MI
FTSE MIB (Italy),Brunello Cucinelli,BC.MI
FTSE MIB (Italy),Buzzi,BZU.MI
FTSE MIB (Italy),Campari,CPR.MI
FTSE MIB (Italy),Diasorin,DIA.MI
FTSE MIB (Italy),Enel,ENEL.MI
FTSE MIB (Italy),Eni,ENI.MI
FTSE MIB (Italy),Ferrari,RACE.MI
FTSE MIB (Italy),FinecoBank,FBK.MI
FTSE MIB (Italy),Generali,G.MI
FTSE MIB (Italy),Hera,HER.MI
FTSE MIB (Italy),Interpump Group,IP.MI
FTSE MIB (Italy),Intesa Sanpaolo,ISP.MI
FTSE MIB (Italy),INWIT,INW.MI
FTSE MIB (Italy),Italgas,IG.MI
FTSE MIB (Italy),Iveco Group,IVG.MI
FTSE MIB (Italy),Leonardo,LDO.MI
FTSE MIB (Italy),Mediobanca,MB.MI
FTSE MIB (Italy),Moncler,MONC.MI
FTSE MIB (Italy),Nexi,NEXI.MI
FTSE MIB (Italy),Pirelli,PIRC.MI
FTSE MIB (Italy),Poste italiane,PST.MI
FTSE MIB (Italy),Prysmian,PRY.MI
FTSE MIB (Italy),Recordati,REC.MI
FTSE MIB (Italy),Saipem,SPM.MI
FTSE MIB (Italy),Snam,SRG.MI
FTSE MIB (Italy),Stellantis,STLAM.MI
FTSE MIB (Italy),STMicroelectronics,STMMI.MI
FTSE MIB (Italy),Telecom Italia,TIT.MI
FTSE MIB (Italy),Tenaris,TEN.MI
FTSE MIB (Italy),Terna,TRN.MI
FTSE MIB (Italy),UniCredit,UCG.MI
FTSE MIB (Italy),Unipol,UNI.MI
AEX (Netherlands),ABN AMRO,ABN.AS
AEX (Netherlands),Adyen,ADYEN.AS
AEX (Netherlands),Aegon,AGN.AS
AEX (Netherlands),Ahold Delhaize,AD.AS
AEX (Netherlands),AkzoNobel,AKZA.AS
AEX (Netherlands),ArcelorMittal,MT.AS
AEX (Netherlands),ASM International,ASM.AS
AEX (Netherlands),ASML Holding,ASML.AS
AEX (Netherlands),ASR Nederland,ASRNL.AS
AEX (Netherlands),BE Semiconductors,BESI.AS
AEX (Netherlands),DSM Firmenich AG,DSFIR.AS
AEX (Netherlands),Exor,EXO.AS
AEX (Netherlands),Heineken,HEIA.AS
AEX (Netherlands),IMCD,IMCD.AS
AEX (Netherlands),ING Group,INGA.AS
AEX (Netherlands),KPN,KPN.AS
AEX (Netherlands),NN Group,NN.AS
AEX (Netherlands),Philips,PHIA.AS
AEX (Netherlands),Prosus,PRX.AS
AEX (Netherlands),Randstad,RAND.AS
AEX (Netherlands),RELX,REN.AS
AEX (Netherlands),Shell plc,SHELL.AS
AEX (Netherlands),Universal Music Group,UMG.AS
AEX (Netherlands),Unilever,UNA.AS
AEX (Netherlands),Wolters Kluwer,WKL.AS
AMX (Netherlands),Advanced Metallurgical Group [nl],AMG.AS
AMX (Netherlands),Aperam,APAM.AS
AMX (Netherlands),Arcadis,ARCAD.AS
AMX (Netherlands),Corbion,CRBN.AS
AMX (Netherlands),Eurocommercial Properties [nl],ECMPA.AS
AMX (Netherlands),Flow traders [nl],FLOW.AS
AMX (Netherlands),Fugro,FUR.AS
AMX (Netherlands),OCI,OCI.AS
AMX (Netherlands),PostNL,PNL.AS
AMX (Netherlands),SBM Offshore,SBMO.AS
AMX (Netherlands),TKH Group [nl],TWEKA.AS
AMX (Netherlands),JDE PEET'S,JDEP.AS
AMX (Netherlands),Alfen,ALFEN.AS
AMX (Netherlands),Basic-Fit,BFIT.AS
AMX (Netherlands),Abn Amro,ABN.AS
AMX (Netherlands),Vopak,VPK.AS
AMX (Netherlands),Aalberts,AALB.AS
AMX (Netherlands),InPost,INPST.AS
AMX (Netherlands),Galapagos,GLPG.AS
PSI-20 (Portugal),Altri,ALTR.LS
PSI-20 (Portugal),Banco Comercial Português,BCP.LS
PSI-20 (Portugal),Corticeira Amorim,COR.LS
PSI-20 (Portugal),CTT Correios de Portugal,CTT.LS
PSI-20 (Portugal),EDP Renováveis,EDPR.LS
PSI-20 (Portugal),Energias de Portugal,EDP.LS
PSI-20 (Portugal),Galp Energia,GALP.LS
PSI-20 (Portugal),Ibersol,IBS.LS
PSI-20 (Portugal),Jerónimo Martins,JMT.LS
PSI-20 (Portugal),Mota-Engil,EGL.LS
PSI-20 (Portugal),NOS,NOS.LS
PSI-20 (Portugal),Novabase,NBA.LS
PSI-20 (Portugal),Pharol,PHR.LS
PSI-20 (Portugal),Redes Energéticas Nacionais,RENE.LS
PSI-20 (Portugal),Semapa,SEM.LS
PSI-20 (Portugal),Sonae,SON.LS
PSI-20 (Portugal),The Navigator Company,NVG.LS
IBEX 35...,ACS,ACS.MC
IBEX 35...,Acerinox,ACX.MC
IBEX 35...,Amadeus IT Group,AMS.MC
IBEX 35...,Acciona,ANA.MC
IBEX 35...,Acciona Energía,ANE.MC
IBEX 35...,BBVA,BBVA.MC
IBEX 35...,Bankinter,BKT.MC
IBEX 35...,CaixaBank,CABK.MC
IBEX 35...,Cellnex Telecom,CLNX.MC
IBEX 35...,Inmobiliaria Colonial,COL.MC
IBEX 35...,AENA,AENA.MC
IBEX 35...,Endesa,ELE.MC
IBEX 35...,Enagás,ENG.MC
IBEX 35...,Fluidra,FDR.MC
IBEX 35...,Ferrovial,FER.MC
IBEX 35...,Grifols,GRF.MC
IBEX 35...,International Airlines Group,IAG.MC
IBEX 35...,Iberdrola,IBE.MC
IBEX 35...,Indra,IDR.MC
IBEX 35...,Inditex,ITX.MC
IBEX 35...,Logista,LOG.MC
IBEX 35...,Mapfre,MAP.MC
IBEX 35...,Merlin Properties,MRL.MC
IBEX 35...,ArcelorMittal,MTS.MC
IBEX 35...,Naturgy,NTGY.MC
IBEX 35...,Redeia Corporación,RED.MC
IBEX 35...,Repsol,REP.MC
IBEX 35...,Laboratorios Rovi [es],ROVI.MC
IBEX 35...,Banco Sabadell,SAB.MC
IBEX 35...,Santander,SAN.MC
IBEX 35...,Sacyr,SCYR.MC
IBEX 35...,Solaria,SLR.MC
IBEX 35...,Telefónica,TEF.MC
IBEX 35...,Unicaja,UNI.MC
OMX Stockholm 30 (Sweden),ABB Ltd,ABB.ST
OMX Stockholm 30 (Sweden),Alfa Laval,ALFA.ST
OMX Stockholm 30 (Sweden),AstraZeneca,AZN.ST
OMX Stockholm 30 (Sweden),Boliden,BOL.ST
OMX Stockholm 30 (Sweden),Epiroc A,EPI
OMX Stockholm 30 (Sweden),EQT,EQT.ST
OMX Stockholm 30 (Sweden),Ericsson B,ERIC
OMX Stockholm 30 (Sweden),Evolution,EVO.ST
OMX Stockholm 30 (Sweden),Investor B,INVE
OMX Stockholm 30 (Sweden),Sandvik,SAND.ST
OMX Stockholm 30 (Sweden),SCA B,SCA
OMX Stockholm 30 (Sweden),SEB A,SEB
OMX Stockholm 30 (Sweden),SKF B,SKF
OMX Stockholm 30 (Sweden),Telia Company,TELIA.ST
FTSE 100,3i,III.L
FTSE 100,Admiral Group,ADM.L
FTSE 100,Airtel Africa,AAF.L
FTSE 100,Alliance Witan,ALW.L
FTSE 100,Anglo American plc,AAL.L
FTSE 100,Antofagasta plc,ANTO.L
FTSE 100,Ashtead Group,AHT.L
FTSE 100,Associated British Foods,ABF.L
FTSE 100,AstraZeneca,AZN.L
FTSE 100,Auto Trader Group,AUTO.L
FTSE 100,Aviva,AV.L
FTSE 100,Babcock International,BAB.L
FTSE 100,BAE Systems,BA.L
FTSE 100,Barclays,BARC.L
FTSE 100,Barratt Redrow,BTRW.L
FTSE 100,Beazley,BEZ.L
FTSE 100,Berkeley Group Holdings,BKG.L
FTSE 100,BP,BP.L
FTSE 100,British American Tobacco,BATS.L
FTSE 100,BT Group,BT-A.L
FTSE 100,Bunzl,BNZL.L
FTSE 100,Burberry Group,BRBY.L
FTSE 100,Centrica,CNA.L
FTSE 100,Coca-Cola Europacific Partners,CCEP.L
FTSE 100,Coca-Cola HBC,CCH.L
FTSE 100,Compass Group,CPG.L
FTSE 100,Convatec,CTEC.L
FTSE 100,Croda International,CRDA.L
FTSE 100,DCC plc,DCC.L
FTSE 100,Diageo,DGE.L
FTSE 100,Diploma,DPLM.L
FTSE 100,Endeavour Mining,EDV.L
FTSE 100,Entain,ENT.L
FTSE 100,EasyJet,EZJ.L
FTSE 100,Experian,EXPN.L
FTSE 100,F & C Investment Trust,FCIT.L
FTSE 100,Fresnillo plc,FRES.L
FTSE 100,Games Workshop,GAW.L
FTSE 100,Glencore,GLEN.L
FTSE 100,GSK plc,GSK.L
FTSE 100,Haleon,HLN.L
FTSE 100,Halma plc,HLMA.L
FTSE 100,Hikma Pharmaceuticals,HIK.L
FTSE 100,Hiscox,HSX.L
FTSE 100,Howdens Joinery,HWDN.L
FTSE 100,HSBC,HSBA.L
FTSE 100,ICG,ICG.L
FTSE 100,IHG Hotels & Resorts,IHG.L
FTSE 100,IMI,IMI.L
FTSE 100,Imperial Brands,IMB.L
FTSE 100,Informa,INF.L
FTSE 100,International Airlines Group,IAG.L
FTSE 100,Intertek,ITRK.L
FTSE 100,JD Sports,JD.L
FTSE 100,Kingfisher plc,KGF.L
FTSE 100,Land Securities,LAND.L
FTSE 100,Legal & General,LGEN.L
FTSE 100,Lloyds Banking Group,LLOY.L
FTSE 100,LondonMetric Property,LMP.L
FTSE 100,London Stock Exchange Group,LSEG.L
FTSE 100,M&G,MNG.L
FTSE 100,Marks & Spencer,MKS.L
FTSE 100,Melrose Industries,MRO.L
FTSE 100,Metlen Energy & Metals,MTLN.L
FTSE 100,Mondi,MNDI.L
FTSE 100,National Grid plc,NG.L
FTSE 100,NatWest Group,NWG.L
FTSE 100,Next plc,NXT.L
FTSE 100,Pearson plc,PSON.L
FTSE 100,Pershing Square Holdings,PSH.L
FTSE 100,Persimmon,PSN.L
FTSE 100,Phoenix Group,PHNX.L
FTSE 100,Polar Capital Technology Trust,PCT.L
FTSE 100,Prudential plc,PRU.L
FTSE 100,Reckitt,RKT.L
FTSE 100,RELX,REL.L
FTSE 100,Rentokil Initial,RTO.L
FTSE 100,Rightmove,RMV.L
FTSE 100,Rio Tinto,RIO.L
FTSE 100,Rolls-Royce Holdings,RR.L
FTSE 100,Sage Group,SGE.L
FTSE 100,Sainsbury's,SBRY.L
FTSE 100,Schroders,SDR.L
FTSE 100,Scottish Mortgage Investment Trust,SMT.L
FTSE 100,Segro,SGRO.L
FTSE 100,Severn Trent,SVT.L
FTSE 100,Shell plc,SHEL.L
FTSE 100,Smiths Group,SMIN.L
FTSE 100,Smith & Nephew,SN.L
FTSE 100,Spirax Group,SPX.L
FTSE 100,SSE plc,SSE.L
FTSE 100,Standard Chartered,STAN.L
FTSE 100,St. James's Place,STJ.L
FTSE 100,Tesco,TSCO.L
FTSE 100,Unilever,ULVR.L
FTSE 100,United Utilities,UU.L
FTSE 100,Vodafone Group,VOD.L
FTSE 100,Weir Group,WEIR.L
FTSE 100,Whitbread,WTB.L
FTSE 100,WPP,WPP.L
FTSE 250,4imprint,FOUR
FTSE 250,Alfa Financial Software,ALFA
FTSE 250,Anglo-Eastern Plantations,AEP
FTSE 250,AVI Global Trust,AGT
FTSE 250,B&M,BME
FTSE 250,Baillie Gifford US Growth Trust,USA
FTSE 250,Balfour Beatty,BBY
FTSE 250,Baltic Classifieds,BCG
FTSE 250,Biopharma Credit,BPCR
FTSE 250,British Land,BLND
FTSE 250,Carnival Corporation & plc,CCL
FTSE 250,Computacenter,CCC
FTSE 250,Cranswick,CWK
FTSE 250,Derwent London,DLN
FTSE 250,Diversified Energy,DEC
FTSE 250,Dr. Martens,DOCS
FTSE 250,Edinburgh Worldwide Investment Trust,EWI
FTSE 250,Elementis,ELM
FTSE 250,Empiric Student Property,ESP
FTSE 250,European Opportunities Trust,EOT
FTSE 250,Fidelity Special Values,FSV
FTSE 250,Foresight Environmental Infrastructure,FGEN
FTSE 250,Genuit Group,GEN
FTSE 250,Genus,GNS
FTSE 250,Grainger,GRI
FTSE 250,Hays,HAS
FTSE 250,Herald Investment Trust,HRI
FTSE 250,ICG Enterprise Trust,ICGT
FTSE 250,IP Group,IPO
FTSE 250,JPMorgan Japanese Investment Trust,JFJ
FTSE 250,Just Group,JUST
FTSE 250,Kainos,KNOS
FTSE 250,Kier Group,KIE
FTSE 250,Lancashire Holdings,LRE
FTSE 250,Man Group,EMG
FTSE 250,Mercantile Investment Trust,MRC
FTSE 250,Metro Bank,MTRO
FTSE 250,Molten Ventures,GROW
FTSE 250,Moonpig,MOON
FTSE 250,Morgan Advanced Materials,MGAM
FTSE 250,Murray International Trust,MYI
FTSE 250,North Atlantic Smaller Companies Investment Trust,NAS
FTSE 250,Pacific Horizon Investment Trust,PHI
FTSE 250,Pantheon International,PIN
FTSE 250,Paragon Banking Group,PAG
FTSE 250,Partners Group Private Equity,PEY
FTSE 250,PayPoint,PAY
FTSE 250,Pets at Home,PETS
FTSE 250,Pinewood Technologies,PINE
FTSE 250,Playtech,PTEC
FTSE 250,Plus500,PLUS
FTSE 250,PPHE Hotel Group,PPH
FTSE 250,Premier Foods,PFD
FTSE 250,RIT Capital Partners,RCP
FTSE 250,Safestore,SAFE
FTSE 250,Schroder Asian Total Return Investment Company,ATR
FTSE 250,Schroder AsiaPacific Fund,SDP
FTSE 250,Shaftesbury Capital,SHC
FTSE 250,Sirius Real Estate,SRE
FTSE 250,Taylor Wimpey,TW
FTSE 250,Templeton Emerging Markets Investment Trust,TEM
FTSE 250,THG,THG
FTSE 250,Trainline,TRN
FTSE 250,TR Property Investment Trust,TRY
FTSE 250,Trustpilot,TRST
FTSE 250,Unite Group,UTG
FTSE 250,Volution Group,FAN
FTSE 250,W. A. G. Payment Solutions,WPS
FTSE 250,Wickes,WIX
FTSE 250,Zigup,ZIG
HUI Gold Index (Metals),Newmont,NEM
HUI Gold Index (Metals),Agnico Eagle,AEM
HUI Gold Index (Metals),Kinross Gold,KGC
HUI Gold Index (Metals),AngloGold Ashanti,AU
HUI Gold Index (Metals),Gold Fields,GFI
HUI Gold Index (Metals),Compania de Minas Buenaventura,BVN
HUI Gold Index (Metals),Iamgold,IAG
HUI Gold Index (Metals),New Gold,NGD
HUI Gold Index (Metals),Alamos Gold,AGI
HUI Gold Index (Metals),Osisko Gold Royalties,OR
HUI Gold Index (Metals),Hecla Mining,HL
HUI Gold Index (Metals),Eldorado Gold,EGO
